ablated_output_change,baseline_l2_norm,boundary_extra,boundary_missing,case_id,category,center_degree,checked_tensors,cutoff_mode,distance_A,dtype,expected_blindness,feature_atol,feature_rtol,geometry_distance_error_A,geometry_status,geometry_vector_error_A,id,identity_control_error,index,max_abs_error,max_degree,max_normalized_error,max_scalar_output_change,n_atoms,n_edges,operation,original_B_output_change,potential_angle_pairs,radial_fields_bitwise_identical,reason,records_ratio,relative_l2_change,response_resolved,response_threshold,route,sample,seed,split,status
,13.534235000610352,,,0,fixed_radial_angle,,,,5.0,torch.float32,,,,,,,,0.0,,,,,1.1920928955078125e-06,,,,,,True,,,6.553743059218827e-07,True,1e-08,A,,20261003,,pass
,13.068275451660156,,,1,fixed_radial_angle,,,,5.0,torch.float32,,,,,,,,0.0,,,,,1.2189149856567383e-05,,,,,,True,,,6.309136155750717e-06,True,1e-08,B,,20261003,,pass
,13.068273544311523,,,2,fixed_radial_angle,,,,5.0,torch.float32,,,,,,,,0.0,,,,,1.1980533599853516e-05,,,,,,True,,,6.481561079644501e-06,True,1e-08,B+,,20261003,,pass
,13.543197631835938,,,3,fixed_radial_angle,,,,5.9,torch.float32,,,,,,,,0.0,,,,,0.0,,,,,,True,,,0.0,False,1e-08,A,,20261003,,pass
,13.066590309143066,,,4,fixed_radial_angle,,,,5.9,torch.float32,,,,,,,,0.0,,,,,0.0,,,,,,True,,,0.0,False,1e-08,B,,20261003,,pass
,13.066590309143066,,,5,fixed_radial_angle,,,,5.9,torch.float32,,,,,,,,0.0,,,,,0.0,,,,,,True,,,0.0,False,1e-08,B+,,20261003,,pass
,13.536856651306152,,,6,equal_low_order_moments,12,,native,5.85,torch.float32,False,,,,,,,,,,,,0.0,,,,,,True,,,0.0,False,1e-08,A,,20261003,,pass
,13.065244674682617,,,7,equal_low_order_moments,12,,native,5.85,torch.float32,False,,,,,,,,,,,,0.0,,,,,,True,,,0.0,False,1e-08,B,,20261003,,pass
,13.065244674682617,,,8,equal_low_order_moments,12,,native,5.85,torch.float32,False,,,,,,,,,,,,0.0,,,,,,True,,,0.0,False,1e-08,B+,,20261003,,pass
0.0,,,,9,high_order_ablation,,4,native,,torch.float32,,2e-05,2e-05,,,,,,,0.0,,0.0,,,,,0.0,,,,,,,,B+,,20261003,,pass
,13.18738842010498,,,10,equal_low_order_moments,12,,one_ablation,5.85,torch.float32,False,,,,,,,,,,,,2.5667250156402588e-05,,,,,,True,,,1.5668016105655356e-05,True,1e-08,A,,20261003,,pass
,13.00545597076416,,,11,equal_low_order_moments,12,,one_ablation,5.85,torch.float32,True,,,,,,,,,,,,2.682209014892578e-07,,,,,,True,,,1.5323145952064183e-07,True,1e-08,B,,20261003,,pass
,13.00677490234375,,,12,equal_low_order_moments,12,,one_ablation,5.85,torch.float32,False,,,,,,,,,,,,0.00016148388385772705,,,,,,True,,,7.872294779517013e-05,True,1e-08,B+,,20261003,,pass
2.682209014892578e-07,,,,13,high_order_ablation,,4,one_ablation,,torch.float32,,2e-05,2e-05,,,,,,,0.0,,0.0,,,,,2.682209014892578e-07,,,,,,,,B+,,20261003,,pass
,13.534235785599384,,,14,fixed_radial_angle,,,,5.0,torch.float64,,,,,,,,0.0,,,,,1.0056792014712101e-06,,,,,,True,,,6.175533953012467e-07,True,1e-10,A,,20261003,,pass
,13.068275562394424,,,15,fixed_radial_angle,,,,5.0,torch.float64,,,,,,,,0.0,,,,,1.232194456524116e-05,,,,,,True,,,6.284300195574234e-06,True,1e-10,B,,20261003,,pass
,13.068273861614596,,,16,fixed_radial_angle,,,,5.0,torch.float64,,,,,,,,0.0,,,,,1.195765765338308e-05,,,,,,True,,,6.457795226072897e-06,True,1e-10,B+,,20261003,,pass
,13.54319880255247,,,17,fixed_radial_angle,,,,5.9,torch.float64,,,,,,,,0.0,,,,,1.659339332604759e-12,,,,,,True,,,1.0086639582900581e-12,False,1e-10,A,,20261003,,pass
,13.066589034185263,,,18,fixed_radial_angle,,,,5.9,torch.float64,,,,,,,,0.0,,,,,1.9448442856173642e-11,,,,,,True,,,9.868683076040513e-12,False,1e-10,B,,20261003,,pass
,13.066589034181128,,,19,fixed_radial_angle,,,,5.9,torch.float64,,,,,,,,0.0,,,,,1.921485193179251e-11,,,,,,True,,,1.033277615288903e-11,False,1e-10,B+,,20261003,,pass
,13.536857146301957,,,20,equal_low_order_moments,12,,native,5.85,torch.float64,False,,,,,,,,,,,,8.054112932143198e-13,,,,,,True,,,4.059669753740796e-13,False,1e-10,A,,20261003,,pass
,13.065243869829512,,,21,equal_low_order_moments,12,,native,5.85,torch.float64,False,,,,,,,,,,,,0.0,,,,,,True,,,0.0,False,1e-10,B,,20261003,,pass
,13.06524386984487,,,22,equal_low_order_moments,12,,native,5.85,torch.float64,False,,,,,,,,,,,,1.924405079734015e-12,,,,,,True,,,9.42603472438692e-13,False,1e-10,B+,,20261003,,pass
0.0,,,,23,high_order_ablation,,4,native,,torch.float64,,2e-10,2e-10,,,,,,,0.0,,0.0,,,,,0.0,,,,,,,,B+,,20261003,,pass
,13.187388902383416,,,24,equal_low_order_moments,12,,one_ablation,5.85,torch.float64,False,,,,,,,,,,,,2.561908640218158e-05,,,,,,True,,,1.5682589643902752e-05,True,1e-10,A,,20261003,,pass
,13.005456232186585,,,25,equal_low_order_moments,12,,one_ablation,5.85,torch.float64,True,,,,,,,,,,,,5.551115123125783e-16,,,,,,True,,,2.7146582479137815e-16,False,1e-10,B,,20261003,,pass
,13.006774922007258,,,26,equal_low_order_moments,12,,one_ablation,5.85,torch.float64,False,,,,,,,,,,,,0.0001615037551727927,,,,,,True,,,7.869873322199332e-05,True,1e-10,B+,,20261003,,pass
5.551115123125783e-16,,,,27,high_order_ablation,,4,one_ablation,,torch.float64,,2e-10,2e-10,,,,,,,0.0,,0.0,,,,,5.551115123125783e-16,,,,,,,,B+,,20261003,,pass
,12.896403312683105,,,28,fixed_radial_angle,,,,5.0,torch.float32,,,,,,,,0.0,,,,,1.0132789611816406e-06,,,,,,True,,,5.951649174690908e-07,True,1e-08,A,,42,,pass
,13.231074333190918,,,29,fixed_radial_angle,,,,5.0,torch.float32,,,,,,,,0.0,,,,,3.4570693969726562e-06,,,,,,True,,,1.7136716865263158e-06,True,1e-08,B,,42,,pass
,13.231077194213867,,,30,fixed_radial_angle,,,,5.0,torch.float32,,,,,,,,0.0,,,,,4.827976226806641e-06,,,,,,True,,,2.356932110565335e-06,True,1e-08,B+,,42,,pass
,12.89760971069336,,,31,fixed_radial_angle,,,,5.9,torch.float32,,,,,,,,0.0,,,,,0.0,,,,,,True,,,0.0,False,1e-08,A,,42,,pass
,13.223434448242188,,,32,fixed_radial_angle,,,,5.9,torch.float32,,,,,,,,0.0,,,,,0.0,,,,,,True,,,0.0,False,1e-08,B,,42,,pass
,13.223434448242188,,,33,fixed_radial_angle,,,,5.9,torch.float32,,,,,,,,0.0,,,,,0.0,,,,,,True,,,0.0,False,1e-08,B+,,42,,pass
,12.91263198852539,,,34,equal_low_order_moments,12,,native,5.85,torch.float32,False,,,,,,,,,,,,0.0,,,,,,True,,,0.0,False,1e-08,A,,42,,pass
,13.2096529006958,,,35,equal_low_order_moments,12,,native,5.85,torch.float32,False,,,,,,,,,,,,0.0,,,,,,True,,,0.0,False,1e-08,B,,42,,pass
,13.2096529006958,,,36,equal_low_order_moments,12,,native,5.85,torch.float32,False,,,,,,,,,,,,0.0,,,,,,True,,,0.0,False,1e-08,B+,,42,,pass
0.0,,,,37,high_order_ablation,,4,native,,torch.float32,,2e-05,2e-05,,,,,,,0.0,,0.0,,,,,0.0,,,,,,,,B+,,42,,pass
,13.138151168823242,,,38,equal_low_order_moments,12,,one_ablation,5.85,torch.float32,False,,,,,,,,,,,,3.5643577575683594e-05,,,,,,True,,,1.7623408204932615e-05,True,1e-08,A,,42,,pass
,13.075115203857422,,,39,equal_low_order_moments,12,,one_ablation,5.85,torch.float32,True,,,,,,,,,,,,3.5762786865234375e-07,,,,,,True,,,1.7126491657657377e-07,True,1e-08,B,,42,,pass
,13.075047492980957,,,40,equal_low_order_moments,12,,one_ablation,5.85,torch.float32,False,,,,,,,,,,,,0.00011205673217773438,,,,,,True,,,5.841070589058279e-05,True,1e-08,B+,,42,,pass
3.5762786865234375e-07,,,,41,high_order_ablation,,4,one_ablation,,torch.float32,,2e-05,2e-05,,,,,,,0.0,,0.0,,,,,3.5762786865234375e-07,,,,,,,,B+,,42,,pass
,12.896403747718255,,,42,fixed_radial_angle,,,,5.0,torch.float64,,,,,,,,0.0,,,,,1.015051573682868e-06,,,,,,True,,,5.654825835352462e-07,True,1e-10,A,,42,,pass
,13.231075184430109,,,43,fixed_radial_angle,,,,5.0,torch.float64,,,,,,,,0.0,,,,,3.3126979470665674e-06,,,,,,True,,,1.687846584266559e-06,True,1e-10,B,,42,,pass
,13.231077633766269,,,44,fixed_radial_angle,,,,5.0,torch.float64,,,,,,,,0.0,,,,,4.982584438262272e-06,,,,,,True,,,2.353009305421776e-06,True,1e-10,B+,,42,,pass
,12.897609309868551,,,45,fixed_radial_angle,,,,5.9,torch.float64,,,,,,,,0.0,,,,,1.5061285552064874e-12,,,,,,True,,,8.975704842464561e-13,False,1e-10,A,,42,,pass
,13.223433901695927,,,46,fixed_radial_angle,,,,5.9,torch.float64,,,,,,,,0.0,,,,,5.432099214885966e-12,,,,,,True,,,2.685065156657214e-12,False,1e-10,B,,42,,pass
,13.223433901701217,,,47,fixed_radial_angle,,,,5.9,torch.float64,,,,,,,,0.0,,,,,7.816525204873415e-12,,,,,,True,,,3.791919038599447e-12,False,1e-10,B+,,42,,pass
,12.91263014162509,,,48,equal_low_order_moments,12,,native,5.85,torch.float64,False,,,,,,,,,,,,7.084333120133124e-13,,,,,,True,,,3.9448028372551773e-13,False,1e-10,A,,42,,pass
,13.209653795159774,,,49,equal_low_order_moments,12,,native,5.85,torch.float64,False,,,,,,,,,,,,0.0,,,,,,True,,,0.0,False,1e-10,B,,42,,pass
,13.20965379515772,,,50,equal_low_order_moments,12,,native,5.85,torch.float64,False,,,,,,,,,,,,2.6368907057872093e-12,,,,,,True,,,1.5290589547337462e-12,False,1e-10,B+,,42,,pass
0.0,,,,51,high_order_ablation,,4,native,,torch.float64,,2e-10,2e-10,,,,,,,0.0,,0.0,,,,,0.0,,,,,,,,B+,,42,,pass
,13.138151404682365,,,52,equal_low_order_moments,12,,one_ablation,5.85,torch.float64,False,,,,,,,,,,,,3.5766766860345633e-05,,,,,,True,,,1.7600407825093646e-05,True,1e-10,A,,42,,pass
,13.075114711981664,,,53,equal_low_order_moments,12,,one_ablation,5.85,torch.float64,True,,,,,,,,,,,,6.661338147750939e-16,,,,,,True,,,3.1739358059353255e-16,False,1e-10,B,,42,,pass
,13.075048968481795,,,54,equal_low_order_moments,12,,one_ablation,5.85,torch.float64,False,,,,,,,,,,,,0.0001119630035826269,,,,,,True,,,5.845067100087393e-05,True,1e-10,B+,,42,,pass
6.661338147750939e-16,,,,55,high_order_ablation,,4,one_ablation,,torch.float64,,2e-10,2e-10,,,,,,,0.0,,0.0,,,,,6.661338147750939e-16,,,,,,,,B+,,42,,pass
,13.053202629089355,,,56,fixed_radial_angle,,,,5.0,torch.float32,,,,,,,,0.0,,,,,1.0132789611816406e-06,,,,,,True,,,6.017649035974093e-07,True,1e-08,A,,7,,pass
,13.287797927856445,,,57,fixed_radial_angle,,,,5.0,torch.float32,,,,,,,,0.0,,,,,9.5367431640625e-07,,,,,,True,,,4.640408632193265e-07,True,1e-08,B,,7,,pass
,13.287785530090332,,,58,fixed_radial_angle,,,,5.0,torch.float32,,,,,,,,0.0,,,,,4.76837158203125e-06,,,,,,True,,,2.1638658702351675e-06,True,1e-08,B+,,7,,pass
,13.053170204162598,,,59,fixed_radial_angle,,,,5.9,torch.float32,,,,,,,,0.0,,,,,0.0,,,,,,True,,,0.0,False,1e-08,A,,7,,pass
,13.297968864440918,,,60,fixed_radial_angle,,,,5.9,torch.float32,,,,,,,,0.0,,,,,0.0,,,,,,True,,,0.0,False,1e-08,B,,7,,pass
,13.297968864440918,,,61,fixed_radial_angle,,,,5.9,torch.float32,,,,,,,,0.0,,,,,0.0,,,,,,True,,,0.0,False,1e-08,B+,,7,,pass
,13.060606002807617,,,62,equal_low_order_moments,12,,native,5.85,torch.float32,False,,,,,,,,,,,,0.0,,,,,,True,,,0.0,False,1e-08,A,,7,,pass
,13.320221900939941,,,63,equal_low_order_moments,12,,native,5.85,torch.float32,False,,,,,,,,,,,,0.0,,,,,,True,,,0.0,False,1e-08,B,,7,,pass
,13.320221900939941,,,64,equal_low_order_moments,12,,native,5.85,torch.float32,False,,,,,,,,,,,,0.0,,,,,,True,,,0.0,False,1e-08,B+,,7,,pass
0.0,,,,65,high_order_ablation,,4,native,,torch.float32,,2e-05,2e-05,,,,,,,0.0,,0.0,,,,,0.0,,,,,,,,B+,,7,,pass
,13.12520980834961,,,66,equal_low_order_moments,12,,one_ablation,5.85,torch.float32,False,,,,,,,,,,,,3.293156623840332e-05,,,,,,True,,,1.5104338334760491e-05,True,1e-08,A,,7,,pass
,12.910079002380371,,,67,equal_low_order_moments,12,,one_ablation,5.85,torch.float32,True,,,,,,,,,,,,2.384185791015625e-07,,,,,,True,,,1.1547786556133478e-07,True,1e-08,B,,7,,pass
,12.91256332397461,,,68,equal_low_order_moments,12,,one_ablation,5.85,torch.float32,False,,,,,,,,,,,,9.769201278686523e-05,,,,,,True,,,5.803439193005951e-05,True,1e-08,B+,,7,,pass
2.384185791015625e-07,,,,69,high_order_ablation,,4,one_ablation,,torch.float32,,2e-05,2e-05,,,,,,,0.0,,0.0,,,,,2.384185791015625e-07,,,,,,,,B+,,7,,pass
,13.053203559364613,,,70,fixed_radial_angle,,,,5.0,torch.float64,,,,,,,,0.0,,,,,1.0209637839597718e-06,,,,,,True,,,5.746555403915762e-07,True,1e-10,A,,7,,pass
,13.287796499212815,,,71,fixed_radial_angle,,,,5.0,torch.float64,,,,,,,,0.0,,,,,7.333862384606427e-07,,,,,,True,,,4.116290554962713e-07,True,1e-10,B,,7,,pass
,13.287786848180074,,,72,fixed_radial_angle,,,,5.0,torch.float64,,,,,,,,0.0,,,,,4.340767686628055e-06,,,,,,True,,,2.1337343225004074e-06,True,1e-10,B+,,7,,pass
,13.05317136645836,,,73,fixed_radial_angle,,,,5.9,torch.float64,,,,,,,,0.0,,,,,1.6023848914414884e-12,,,,,,True,,,9.336803523647962e-13,False,1e-10,A,,7,,pass
,13.29796932491064,,,74,fixed_radial_angle,,,,5.9,torch.float64,,,,,,,,0.0,,,,,1.2077561173384765e-12,,,,,,True,,,6.806501177553616e-13,False,1e-10,B,,7,,pass
,13.297969324896547,,,75,fixed_radial_angle,,,,5.9,torch.float64,,,,,,,,0.0,,,,,6.013411990579698e-12,,,,,,True,,,3.1702577615840156e-12,False,1e-10,B+,,7,,pass
,13.060607178398293,,,76,equal_low_order_moments,12,,native,5.85,torch.float64,False,,,,,,,,,,,,7.58948459633757e-13,,,,,,True,,,4.059586005911187e-13,False,1e-10,A,,7,,pass
,13.32022199510471,,,77,equal_low_order_moments,12,,native,5.85,torch.float64,False,,,,,,,,,,,,0.0,,,,,,True,,,0.0,False,1e-10,B,,7,,pass
,13.320221995131659,,,78,equal_low_order_moments,12,,native,5.85,torch.float64,False,,,,,,,,,,,,2.9174440641099864e-12,,,,,,True,,,1.6427404643277422e-12,False,1e-10,B+,,7,,pass
0.0,,,,79,high_order_ablation,,4,native,,torch.float64,,2e-10,2e-10,,,,,,,0.0,,0.0,,,,,0.0,,,,,,,,B+,,7,,pass
,13.125209936882829,,,80,equal_low_order_moments,12,,one_ablation,5.85,torch.float64,False,,,,,,,,,,,,3.274863227586966e-05,,,,,,True,,,1.509645808860512e-05,True,1e-10,A,,7,,pass
,12.910078011538143,,,81,equal_low_order_moments,12,,one_ablation,5.85,torch.float64,True,,,,,,,,,,,,0.0,,,,,,True,,,0.0,False,1e-10,B,,7,,pass
,12.912564465117317,,,82,equal_low_order_moments,12,,one_ablation,5.85,torch.float64,False,,,,,,,,,,,,9.771732117425103e-05,,,,,,True,,,5.809361493903813e-05,True,1e-10,B+,,7,,pass
0.0,,,,83,high_order_ablation,,4,one_ablation,,torch.float64,,2e-10,2e-10,,,,,,,0.0,,0.0,,,,,0.0,,,,,,,,B+,,7,,pass
,13.520500183105469,,,84,fixed_radial_angle,,,,5.0,torch.float32,,,,,,,,0.0,,,,,8.791685104370117e-07,,,,,,True,,,5.403708832687246e-07,True,1e-08,A,,1234,,pass
,13.516451835632324,,,85,fixed_radial_angle,,,,5.0,torch.float32,,,,,,,,0.0,,,,,2.396106719970703e-05,,,,,,True,,,1.2099040398717732e-05,True,1e-08,B,,1234,,pass
,13.51645278930664,,,86,fixed_radial_angle,,,,5.0,torch.float32,,,,,,,,0.0,,,,,2.3663043975830078e-05,,,,,,True,,,1.2217638633624528e-05,True,1e-08,B+,,1234,,pass
,13.518178939819336,,,87,fixed_radial_angle,,,,5.9,torch.float32,,,,,,,,0.0,,,,,0.0,,,,,,True,,,0.0,False,1e-08,A,,1234,,pass
,13.502917289733887,,,88,fixed_radial_angle,,,,5.9,torch.float32,,,,,,,,0.0,,,,,0.0,,,,,,True,,,0.0,False,1e-08,B,,1234,,pass
,13.502917289733887,,,89,fixed_radial_angle,,,,5.9,torch.float32,,,,,,,,0.0,,,,,0.0,,,,,,True,,,0.0,False,1e-08,B+,,1234,,pass
,13.523605346679688,,,90,equal_low_order_moments,12,,native,5.85,torch.float32,False,,,,,,,,,,,,0.0,,,,,,True,,,0.0,False,1e-08,A,,1234,,pass
,13.496954917907715,,,91,equal_low_order_moments,12,,native,5.85,torch.float32,False,,,,,,,,,,,,0.0,,,,,,True,,,0.0,False,1e-08,B,,1234,,pass
,13.496954917907715,,,92,equal_low_order_moments,12,,native,5.85,torch.float32,False,,,,,,,,,,,,0.0,,,,,,True,,,0.0,False,1e-08,B+,,1234,,pass
0.0,,,,93,high_order_ablation,,4,native,,torch.float32,,2e-05,2e-05,,,,,,,0.0,,0.0,,,,,0.0,,,,,,,,B+,,1234,,pass
,13.485825538635254,,,94,equal_low_order_moments,12,,one_ablation,5.85,torch.float32,False,,,,,,,,,,,,2.7894973754882812e-05,,,,,,True,,,1.5530684422637816e-05,True,1e-08,A,,1234,,pass
,13.685591697692871,,,95,equal_low_order_moments,12,,one_ablation,5.85,torch.float32,True,,,,,,,,,,,,3.5762786865234375e-07,,,,,,True,,,1.7631638360956415e-07,True,1e-08,B,,1234,,pass
,13.685187339782715,,,96,equal_low_order_moments,12,,one_ablation,5.85,torch.float32,False,,,,,,,,,,,,8.847564458847046e-05,,,,,,True,,,4.415775168901397e-05,True,1e-08,B+,,1234,,pass
3.5762786865234375e-07,,,,97,high_order_ablation,,4,one_ablation,,torch.float32,,2e-05,2e-05,,,,,,,0.0,,0.0,,,,,3.5762786865234375e-07,,,,,,,,B+,,1234,,pass
,13.520500385639497,,,98,fixed_radial_angle,,,,5.0,torch.float64,,,,,,,,0.0,,,,,8.434722715000564e-07,,,,,,True,,,4.698288408906844e-07,True,1e-10,A,,1234,,pass
,13.51645154361663,,,99,fixed_radial_angle,,,,5.0,torch.float64,,,,,,,,0.0,,,,,2.400748825626131e-05,,,,,,True,,,1.2105928275791277e-05,True,1e-10,B,,1234,,pass
,13.516453190733037,,,100,fixed_radial_angle,,,,5.0,torch.float64,,,,,,,,0.0,,,,,2.3794131635446192e-05,,,,,,True,,,1.219457620361974e-05,True,1e-10,B+,,1234,,pass
,13.518178226659314,,,101,fixed_radial_angle,,,,5.9,torch.float64,,,,,,,,0.0,,,,,1.3338774529358943e-12,,,,,,True,,,7.7417382875039e-13,False,1e-10,A,,1234,,pass
,13.502916914231315,,,102,fixed_radial_angle,,,,5.9,torch.float64,,,,,,,,0.0,,,,,4.909705975109091e-11,,,,,,True,,,2.38581186187149e-11,False,1e-10,B,,1234,,pass
,13.502916914231962,,,103,fixed_radial_angle,,,,5.9,torch.float64,,,,,,,,0.0,,,,,4.855649216040092e-11,,,,,,True,,,2.392134543037532e-11,False,1e-10,B+,,1234,,pass
,13.523605540680933,,,104,equal_low_order_moments,12,,native,5.85,torch.float64,False,,,,,,,,,,,,5.796196855811786e-13,,,,,,True,,,3.222400294520858e-13,False,1e-10,A,,1234,,pass
,13.49695566062237,,,105,equal_low_order_moments,12,,native,5.85,torch.float64,False,,,,,,,,,,,,0.0,,,,,,True,,,0.0,False,1e-10,B,,1234,,pass
,13.496955660601559,,,106,equal_low_order_moments,12,,native,5.85,torch.float64,False,,,,,,,,,,,,1.3292492107019882e-12,,,,,,True,,,7.238132913564399e-13,False,1e-10,B+,,1234,,pass
0.0,,,,107,high_order_ablation,,4,native,,torch.float64,,2e-10,2e-10,,,,,,,0.0,,0.0,,,,,0.0,,,,,,,,B+,,1234,,pass
,13.485825889062346,,,108,equal_low_order_moments,12,,one_ablation,5.85,torch.float64,False,,,,,,,,,,,,2.818496433032447e-05,,,,,,True,,,1.554745517468173e-05,True,1e-10,A,,1234,,pass
,13.685592262256645,,,109,equal_low_order_moments,12,,one_ablation,5.85,torch.float64,True,,,,,,,,,,,,6.661338147750939e-16,,,,,,True,,,3.0662605712851695e-16,False,1e-10,B,,1234,,pass
,13.68518759856108,,,110,equal_low_order_moments,12,,one_ablation,5.85,torch.float64,False,,,,,,,,,,,,8.844065289280445e-05,,,,,,True,,,4.41507589803205e-05,True,1e-10,B+,,1234,,pass
6.661338147750939e-16,,,,111,high_order_ablation,,4,one_ablation,,torch.float64,,2e-10,2e-10,,,,,,,0.0,,0.0,,,,,6.661338147750939e-16,,,,,,,,B+,,1234,,pass
,12.920210838317871,,,112,fixed_radial_angle,,,,5.0,torch.float32,,,,,,,,0.0,,,,,1.2069940567016602e-06,,,,,,True,,,6.179935360105918e-07,True,1e-08,A,,314159,,pass
,13.429974555969238,,,113,fixed_radial_angle,,,,5.0,torch.float32,,,,,,,,0.0,,,,,1.7285346984863281e-06,,,,,,True,,,7.494989379834295e-07,True,1e-08,B,,314159,,pass
,13.429970741271973,,,114,fixed_radial_angle,,,,5.0,torch.float32,,,,,,,,0.0,,,,,5.245208740234375e-06,,,,,,True,,,2.4655004492209204e-06,True,1e-08,B+,,314159,,pass
,12.911079406738281,,,115,fixed_radial_angle,,,,5.9,torch.float32,,,,,,,,0.0,,,,,0.0,,,,,,True,,,0.0,False,1e-08,A,,314159,,pass
,13.442878723144531,,,116,fixed_radial_angle,,,,5.9,torch.float32,,,,,,,,0.0,,,,,0.0,,,,,,True,,,0.0,False,1e-08,B,,314159,,pass
,13.442878723144531,,,117,fixed_radial_angle,,,,5.9,torch.float32,,,,,,,,0.0,,,,,0.0,,,,,,True,,,0.0,False,1e-08,B+,,314159,,pass
,12.880552291870117,,,118,equal_low_order_moments,12,,native,5.85,torch.float32,False,,,,,,,,,,,,0.0,,,,,,True,,,0.0,False,1e-08,A,,314159,,pass
,13.462798118591309,,,119,equal_low_order_moments,12,,native,5.85,torch.float32,False,,,,,,,,,,,,0.0,,,,,,True,,,0.0,False,1e-08,B,,314159,,pass
,13.462798118591309,,,120,equal_low_order_moments,12,,native,5.85,torch.float32,False,,,,,,,,,,,,0.0,,,,,,True,,,0.0,False,1e-08,B+,,314159,,pass
0.0,,,,121,high_order_ablation,,4,native,,torch.float32,,2e-05,2e-05,,,,,,,0.0,,0.0,,,,,0.0,,,,,,,,B+,,314159,,pass
,13.112442016601562,,,122,equal_low_order_moments,12,,one_ablation,5.85,torch.float32,False,,,,,,,,,,,,2.4531036615371704e-05,,,,,,True,,,1.3785284187333293e-05,True,1e-08,A,,314159,,pass
,12.881452560424805,,,123,equal_low_order_moments,12,,one_ablation,5.85,torch.float32,True,,,,,,,,,,,,2.8312206268310547e-07,,,,,,True,,,1.5354187899235777e-07,True,1e-08,B,,314159,,pass
,12.882390022277832,,,124,equal_low_order_moments,12,,one_ablation,5.85,torch.float32,False,,,,,,,,,,,,0.00016765296459197998,,,,,,True,,,9.046628978369286e-05,True,1e-08,B+,,314159,,pass
2.8312206268310547e-07,,,,125,high_order_ablation,,4,one_ablation,,torch.float32,,2e-05,2e-05,,,,,,,0.0,,0.0,,,,,2.8312206268310547e-07,,,,,,,,B+,,314159,,pass
,12.920211324141889,,,126,fixed_radial_angle,,,,5.0,torch.float64,,,,,,,,0.0,,,,,1.2182250992143207e-06,,,,,,True,,,5.694013666657601e-07,True,1e-10,A,,314159,,pass
,13.429973804232564,,,127,fixed_radial_angle,,,,5.0,torch.float64,,,,,,,,0.0,,,,,1.46168443626582e-06,,,,,,True,,,6.970190139980098e-07,True,1e-10,B,,314159,,pass
,13.429970354518257,,,128,fixed_radial_angle,,,,5.0,torch.float64,,,,,,,,0.0,,,,,5.389695290625163e-06,,,,,,True,,,2.45108395138529e-06,True,1e-10,B+,,314159,,pass
,12.911080378859563,,,129,fixed_radial_angle,,,,5.9,torch.float64,,,,,,,,0.0,,,,,1.9435147935453756e-12,,,,,,True,,,9.368236287584103e-13,False,1e-10,A,,314159,,pass
,13.442878419035708,,,130,fixed_radial_angle,,,,5.9,torch.float64,,,,,,,,0.0,,,,,2.862710068995966e-12,,,,,,True,,,1.3292455377049684e-12,False,1e-10,B,,314159,,pass
,13.442878419028318,,,131,fixed_radial_angle,,,,5.9,torch.float64,,,,,,,,0.0,,,,,8.890221891988404e-12,,,,,,True,,,4.200909591638153e-12,False,1e-10,B+,,314159,,pass
,12.880552397659091,,,132,equal_low_order_moments,12,,native,5.85,torch.float64,False,,,,,,,,,,,,6.883382752675971e-13,,,,,,True,,,3.805573104067176e-13,False,1e-10,A,,314159,,pass
,13.462797303457597,,,133,equal_low_order_moments,12,,native,5.85,torch.float64,False,,,,,,,,,,,,0.0,,,,,,True,,,0.0,False,1e-10,B,,314159,,pass
,13.462797303391294,,,134,equal_low_order_moments,12,,native,5.85,torch.float64,False,,,,,,,,,,,,4.204192549650543e-12,,,,,,True,,,2.2226968709532317e-12,False,1e-10,B+,,314159,,pass
0.0,,,,135,high_order_ablation,,4,native,,torch.float64,,2e-10,2e-10,,,,,,,0.0,,0.0,,,,,0.0,,,,,,,,B+,,314159,,pass
,13.112441775317004,,,136,equal_low_order_moments,12,,one_ablation,5.85,torch.float64,False,,,,,,,,,,,,2.474718167812945e-05,,,,,,True,,,1.3810122321623194e-05,True,1e-10,A,,314159,,pass
,12.88145225014106,,,137,equal_low_order_moments,12,,one_ablation,5.85,torch.float64,True,,,,,,,,,,,,4.440892098500626e-16,,,,,,True,,,2.2473216728985866e-16,False,1e-10,B,,314159,,pass
,12.882389337338857,,,138,equal_low_order_moments,12,,one_ablation,5.85,torch.float64,False,,,,,,,,,,,,0.0001679018585576536,,,,,,True,,,9.043438460019434e-05,True,1e-10,B+,,314159,,pass
4.440892098500626e-16,,,,139,high_order_ablation,,4,one_ablation,,torch.float64,,2e-10,2e-10,,,,,,,0.0,,0.0,,,,,4.440892098500626e-16,,,,,,,,B+,,314159,,pass
,,,,140,synthetic_boundary,,,,,torch.float32,,,,,,,,,,,,,,,,,,,,,,,,,A,cubic_self_images,,,pass
,,,,141,synthetic_boundary,,,,,torch.float32,,,,,,,,,,,,,,,,,,,,,,,,,B,cubic_self_images,,,pass
,,,,142,synthetic_boundary,,,,,torch.float32,,,,,,,,,,,,,,,,,,,,,,,,,B+,cubic_self_images,,,pass
,,,,143,e3_direct,,4,,,torch.float32,,2e-05,2e-05,,,,,,,2.384185791015625e-07,,0.005831375252455473,,,,rotation_1,,,,,,,,,A,cubic_self_images,,,pass
,,,,144,e3_direct,,4,,,torch.float32,,2e-05,2e-05,,,,,,,6.131087637584187e-09,,0.000306554400594905,,,,rotation_1,,,,,,,,,B,cubic_self_images,,,pass
,,,,145,e3_direct,,4,,,torch.float32,,2e-05,2e-05,,,,,,,9.086723373741279e-09,,0.0004543361719697714,,,,rotation_1,,,,,,,,,B+,cubic_self_images,,,pass
,,,,146,e3_direct,,4,,,torch.float32,,2e-05,2e-05,,,,,,,4.76837158203125e-07,,0.009037607349455357,,,,rotation_2,,,,,,,,,A,cubic_self_images,,,pass
,,,,147,e3_direct,,4,,,torch.float32,,2e-05,2e-05,,,,,,,6.444692335350055e-09,,0.0003222346131224185,,,,rotation_2,,,,,,,,,B,cubic_self_images,,,pass
,,,,148,e3_direct,,4,,,torch.float32,,2e-05,2e-05,,,,,,,7.2470545120495444e-09,,0.0003623527300078422,,,,rotation_2,,,,,,,,,B+,cubic_self_images,,,pass
,,,,149,e3_direct,,4,,,torch.float32,,2e-05,2e-05,,,,,,,0.0,,0.0,,,,reflection,,,,,,,,,A,cubic_self_images,,,pass
,,,,150,e3_direct,,4,,,torch.float32,,2e-05,2e-05,,,,,,,0.0,,0.0,,,,reflection,,,,,,,,,B,cubic_self_images,,,pass
,,,,151,e3_direct,,4,,,torch.float32,,2e-05,2e-05,,,,,,,0.0,,0.0,,,,reflection,,,,,,,,,B+,cubic_self_images,,,pass
,,,,152,e3_direct,,4,,,torch.float32,,2e-05,2e-05,,,,,,,0.0,,0.0,,,,inversion,,,,,,,,,A,cubic_self_images,,,pass
,,,,153,e3_direct,,4,,,torch.float32,,2e-05,2e-05,,,,,,,0.0,,0.0,,,,inversion,,,,,,,,,B,cubic_self_images,,,pass
,,,,154,e3_direct,,4,,,torch.float32,,2e-05,2e-05,,,,,,,0.0,,0.0,,,,inversion,,,,,,,,,B+,cubic_self_images,,,pass
,,,,155,e3_direct,,4,,,torch.float32,,2e-05,2e-05,,,,,,,2.384185791015625e-07,,0.005831375252455473,,,,improper_with_translation,,,,,,,,,A,cubic_self_images,,,pass
,,,,156,e3_direct,,4,,,torch.float32,,2e-05,2e-05,,,,,,,6.131087637584187e-09,,0.000306554400594905,,,,improper_with_translation,,,,,,,,,B,cubic_self_images,,,pass
,,,,157,e3_direct,,4,,,torch.float32,,2e-05,2e-05,,,,,,,9.086723373741279e-09,,0.0004543361719697714,,,,improper_with_translation,,,,,,,,,B+,cubic_self_images,,,pass
,,0,0,158,e3_rebuilt,,4,,,torch.float32,,0.0001,0.0001,0.0,pass,1.1832913578315177e-30,,,,0.0,,0.0,,,,translation,,,,,,,,,A,cubic_self_images,,,pass
,,0,0,159,e3_rebuilt,,4,,,torch.float32,,0.0001,0.0001,0.0,pass,1.1832913578315177e-30,,,,0.0,,0.0,,,,translation,,,,,,,,,B,cubic_self_images,,,pass
,,0,0,160,e3_rebuilt,,4,,,torch.float32,,0.0001,0.0001,0.0,pass,1.1832913578315177e-30,,,,0.0,,0.0,,,,translation,,,,,,,,,B+,cubic_self_images,,,pass
,,,,161,synthetic_boundary,,,,,torch.float32,,,,,,,,,,,,,,,,,,,,,,,,,A,skew,,,pass
,,,,162,synthetic_boundary,,,,,torch.float32,,,,,,,,,,,,,,,,,,,,,,,,,B,skew,,,pass
,,,,163,synthetic_boundary,,,,,torch.float32,,,,,,,,,,,,,,,,,,,,,,,,,B+,skew,,,pass
,,,,164,e3_direct,,4,,,torch.float32,,2e-05,2e-05,,,,,,,2.384185791015625e-07,,0.00903353188186884,,,,rotation_1,,,,,,,,,A,skew,,,pass
,,,,165,e3_direct,,4,,,torch.float32,,2e-05,2e-05,,,,,,,1.1920928955078125e-07,,0.002960831392556429,,,,rotation_1,,,,,,,,,B,skew,,,pass
,,,,166,e3_direct,,4,,,torch.float32,,2e-05,2e-05,,,,,,,1.7881393432617188e-07,,0.005960103590041399,,,,rotation_1,,,,,,,,,B+,skew,,,pass
,,,,167,e3_direct,,4,,,torch.float32,,2e-05,2e-05,,,,,,,2.980232238769531e-07,,0.008383454754948616,,,,rotation_2,,,,,,,,,A,skew,,,pass
,,,,168,e3_direct,,4,,,torch.float32,,2e-05,2e-05,,,,,,,3.5762786865234375e-07,,0.008852987550199032,,,,rotation_2,,,,,,,,,B,skew,,,pass
,,,,169,e3_direct,,4,,,torch.float32,,2e-05,2e-05,,,,,,,4.76837158203125e-07,,0.009955399669706821,,,,rotation_2,,,,,,,,,B+,skew,,,pass
,,,,170,e3_direct,,4,,,torch.float32,,2e-05,2e-05,,,,,,,0.0,,0.0,,,,reflection,,,,,,,,,A,skew,,,pass
,,,,171,e3_direct,,4,,,torch.float32,,2e-05,2e-05,,,,,,,0.0,,0.0,,,,reflection,,,,,,,,,B,skew,,,pass
,,,,172,e3_direct,,4,,,torch.float32,,2e-05,2e-05,,,,,,,0.0,,0.0,,,,reflection,,,,,,,,,B+,skew,,,pass
,,,,173,e3_direct,,4,,,torch.float32,,2e-05,2e-05,,,,,,,0.0,,0.0,,,,inversion,,,,,,,,,A,skew,,,pass
,,,,174,e3_direct,,4,,,torch.float32,,2e-05,2e-05,,,,,,,0.0,,0.0,,,,inversion,,,,,,,,,B,skew,,,pass
,,,,175,e3_direct,,4,,,torch.float32,,2e-05,2e-05,,,,,,,0.0,,0.0,,,,inversion,,,,,,,,,B+,skew,,,pass
,,,,176,e3_direct,,4,,,torch.float32,,2e-05,2e-05,,,,,,,2.384185791015625e-07,,0.00903353188186884,,,,improper_with_translation,,,,,,,,,A,skew,,,pass
,,,,177,e3_direct,,4,,,torch.float32,,2e-05,2e-05,,,,,,,1.1920928955078125e-07,,0.002960831392556429,,,,improper_with_translation,,,,,,,,,B,skew,,,pass
,,,,178,e3_direct,,4,,,torch.float32,,2e-05,2e-05,,,,,,,1.7881393432617188e-07,,0.005960103590041399,,,,improper_with_translation,,,,,,,,,B+,skew,,,pass
,,0,0,179,e3_rebuilt,,4,,,torch.float32,,0.0001,0.0001,4.76837158203125e-07,pass,4.76837158203125e-07,,,,4.76837158203125e-07,,0.002444613492116332,,,,translation,,,,,,,,,A,skew,,,pass
,,0,0,180,e3_rebuilt,,4,,,torch.float32,,0.0001,0.0001,4.76837158203125e-07,pass,4.76837158203125e-07,,,,4.76837158203125e-07,,0.0027647551614791155,,,,translation,,,,,,,,,B,skew,,,pass
,,0,0,181,e3_rebuilt,,4,,,torch.float32,,0.0001,0.0001,4.76837158203125e-07,pass,4.76837158203125e-07,,,,7.152557373046875e-07,,0.002493990818038583,,,,translation,,,,,,,,,B+,skew,,,pass
,,0,0,182,e3_rebuilt,,4,,,torch.float32,,0.0001,0.0001,4.76837158203125e-07,pass,4.3674466621013153e-07,,,,3.5762786865234375e-07,,0.0019233227940276265,,,,rotation_1,,,,,,,,,A,skew,,,pass
,,0,0,183,e3_rebuilt,,4,,,torch.float32,,0.0001,0.0001,4.76837158203125e-07,pass,4.3674466621013153e-07,,,,4.76837158203125e-07,,0.0025017934385687113,,,,rotation_1,,,,,,,,,B,skew,,,pass
,,0,0,184,e3_rebuilt,,4,,,torch.float32,,0.0001,0.0001,4.76837158203125e-07,pass,4.3674466621013153e-07,,,,7.152557373046875e-07,,0.00276869791559875,,,,rotation_1,,,,,,,,,B+,skew,,,pass
,,0,0,185,e3_rebuilt,,4,,,torch.float32,,0.0001,0.0001,4.76837158203125e-07,pass,2.384185791015625e-07,,,,2.384185791015625e-07,,0.0018604480428621173,,,,reflection,,,,,,,,,A,skew,,,pass
,,0,0,186,e3_rebuilt,,4,,,torch.float32,,0.0001,0.0001,4.76837158203125e-07,pass,2.384185791015625e-07,,,,4.76837158203125e-07,,0.0025017934385687113,,,,reflection,,,,,,,,,B,skew,,,pass
,,0,0,187,e3_rebuilt,,4,,,torch.float32,,0.0001,0.0001,4.76837158203125e-07,pass,2.384185791015625e-07,,,,7.152557373046875e-07,,0.003016603644937277,,,,reflection,,,,,,,,,B+,skew,,,pass
,,0,0,188,representation,,4,,,torch.float32,,0.0001,0.0001,0.0,pass,0.0,,,,2.980232238769531e-07,,0.0019370528170838952,,,,permutation,,,,,,,,,A,skew,,,pass
,,0,0,189,representation,,4,,,torch.float32,,0.0001,0.0001,0.0,pass,0.0,,,,3.5762786865234375e-07,,0.0023196383845061064,,,,permutation,,,,,,,,,B,skew,,,pass
,,0,0,190,representation,,4,,,torch.float32,,0.0001,0.0001,0.0,pass,0.0,,,,4.172325134277344e-07,,0.002609680173918605,,,,permutation,,,,,,,,,B+,skew,,,pass
,,0,0,191,representation,,4,,,torch.float32,,0.0001,0.0001,1.430511474609375e-06,pass,1.1026859283447266e-06,,,,3.5762786865234375e-07,,0.0022411090321838856,,,,integer_images,,,,,,,,,A,skew,,,pass
,,0,0,192,representation,,4,,,torch.float32,,0.0001,0.0001,1.430511474609375e-06,pass,1.1026859283447266e-06,,,,6.48200511932373e-07,,0.006020475644618273,,,,integer_images,,,,,,,,,B,skew,,,pass
,,0,0,193,representation,,4,,,torch.float32,,0.0001,0.0001,1.430511474609375e-06,pass,1.1026859283447266e-06,,,,7.152557373046875e-07,,0.005812847055494785,,,,integer_images,,,,,,,,,B+,skew,,,pass
,,0,0,194,representation,,4,,,torch.float32,,0.0001,0.0001,4.76837158203125e-07,pass,4.76837158203125e-07,,,,4.76837158203125e-07,,0.002524550072848797,,,,basis_swap,,,,,,,,,A,skew,,,pass
,,0,0,195,representation,,4,,,torch.float32,,0.0001,0.0001,4.76837158203125e-07,pass,4.76837158203125e-07,,,,4.76837158203125e-07,,0.0030252363067120314,,,,basis_swap,,,,,,,,,B,skew,,,pass
,,0,0,196,representation,,4,,,torch.float32,,0.0001,0.0001,4.76837158203125e-07,pass,4.76837158203125e-07,,,,4.76837158203125e-07,,0.0031770397908985615,,,,basis_swap,,,,,,,,,B+,skew,,,pass
,,0,0,197,representation,,4,,,torch.float32,,0.0001,0.0001,4.76837158203125e-07,pass,7.152557373046875e-07,,,,4.76837158203125e-07,,0.0024500528816133738,,,,basis_shear,,,,,,,,,A,skew,,,pass
,,0,0,198,representation,,4,,,torch.float32,,0.0001,0.0001,4.76837158203125e-07,pass,7.152557373046875e-07,,,,5.960464477539062e-07,,0.0029984964057803154,,,,basis_shear,,,,,,,,,B,skew,,,pass
,,0,0,199,representation,,4,,,torch.float32,,0.0001,0.0001,4.76837158203125e-07,pass,7.152557373046875e-07,,,,5.960464477539062e-07,,0.0029922635294497013,,,,basis_shear,,,,,,,,,B+,skew,,,pass
,,,,200,synthetic_boundary,,,,,torch.float32,,,,,,,,,,,,,,,,,,,,,,,,,A,mixed_padding,,,pass
,,,,201,synthetic_boundary,,,,,torch.float32,,,,,,,,,,,,,,,,,,,,,,,,,B,mixed_padding,,,pass
,,,,202,synthetic_boundary,,,,,torch.float32,,,,,,,,,,,,,,,,,,,,,,,,,B+,mixed_padding,,,pass
,,,,203,e3_direct,,4,,,torch.float32,,2e-05,2e-05,,,,,,,5.960464477539062e-07,,0.012238025665283203,,,,rotation_1,,,,,,,,,A,mixed_padding,,,pass
,,,,204,e3_direct,,4,,,torch.float32,,2e-05,2e-05,,,,,,,3.5762786865234375e-07,,0.010902542620897293,,,,rotation_1,,,,,,,,,B,mixed_padding,,,pass
,,,,205,e3_direct,,4,,,torch.float32,,2e-05,2e-05,,,,,,,2.384185791015625e-07,,0.00869686994701624,,,,rotation_1,,,,,,,,,B+,mixed_padding,,,pass
,,,,206,e3_direct,,4,,,torch.float32,,2e-05,2e-05,,,,,,,4.76837158203125e-07,,0.00872189924120903,,,,rotation_2,,,,,,,,,A,mixed_padding,,,pass
,,,,207,e3_direct,,4,,,torch.float32,,2e-05,2e-05,,,,,,,2.384185791015625e-07,,0.010261217132210732,,,,rotation_2,,,,,,,,,B,mixed_padding,,,pass
,,,,208,e3_direct,,4,,,torch.float32,,2e-05,2e-05,,,,,,,2.384185791015625e-07,,0.0078104096464812756,,,,rotation_2,,,,,,,,,B+,mixed_padding,,,pass
,,,,209,e3_direct,,4,,,torch.float32,,2e-05,2e-05,,,,,,,0.0,,0.0,,,,reflection,,,,,,,,,A,mixed_padding,,,pass
,,,,210,e3_direct,,4,,,torch.float32,,2e-05,2e-05,,,,,,,0.0,,0.0,,,,reflection,,,,,,,,,B,mixed_padding,,,pass
,,,,211,e3_direct,,4,,,torch.float32,,2e-05,2e-05,,,,,,,0.0,,0.0,,,,reflection,,,,,,,,,B+,mixed_padding,,,pass
,,,,212,e3_direct,,4,,,torch.float32,,2e-05,2e-05,,,,,,,0.0,,0.0,,,,inversion,,,,,,,,,A,mixed_padding,,,pass
,,,,213,e3_direct,,4,,,torch.float32,,2e-05,2e-05,,,,,,,0.0,,0.0,,,,inversion,,,,,,,,,B,mixed_padding,,,pass
,,,,214,e3_direct,,4,,,torch.float32,,2e-05,2e-05,,,,,,,0.0,,0.0,,,,inversion,,,,,,,,,B+,mixed_padding,,,pass
,,,,215,e3_direct,,4,,,torch.float32,,2e-05,2e-05,,,,,,,5.960464477539062e-07,,0.012238025665283203,,,,improper_with_translation,,,,,,,,,A,mixed_padding,,,pass
,,,,216,e3_direct,,4,,,torch.float32,,2e-05,2e-05,,,,,,,3.5762786865234375e-07,,0.010902542620897293,,,,improper_with_translation,,,,,,,,,B,mixed_padding,,,pass
,,,,217,e3_direct,,4,,,torch.float32,,2e-05,2e-05,,,,,,,2.384185791015625e-07,,0.00869686994701624,,,,improper_with_translation,,,,,,,,,B+,mixed_padding,,,pass
,,,,218,synthetic_boundary,,,,,torch.float32,,,,,,,,,,,,,,,,,,,,,,,,,A,empty_neighborhood,,,pass
,,,,219,synthetic_boundary,,,,,torch.float32,,,,,,,,,,,,,,,,,,,,,,,,,B,empty_neighborhood,,,pass
,,,,220,synthetic_boundary,,,,,torch.float32,,,,,,,,,,,,,,,,,,,,,,,,,B+,empty_neighborhood,,,pass
,,,,221,e3_direct,,4,,,torch.float32,,2e-05,2e-05,,,,,,,0.0,,0.0,,,,rotation_1,,,,,,,,,A,empty_neighborhood,,,pass
,,,,222,e3_direct,,4,,,torch.float32,,2e-05,2e-05,,,,,,,0.0,,0.0,,,,rotation_1,,,,,,,,,B,empty_neighborhood,,,pass
,,,,223,e3_direct,,4,,,torch.float32,,2e-05,2e-05,,,,,,,0.0,,0.0,,,,rotation_1,,,,,,,,,B+,empty_neighborhood,,,pass
,,,,224,e3_direct,,4,,,torch.float32,,2e-05,2e-05,,,,,,,0.0,,0.0,,,,rotation_2,,,,,,,,,A,empty_neighborhood,,,pass
,,,,225,e3_direct,,4,,,torch.float32,,2e-05,2e-05,,,,,,,0.0,,0.0,,,,rotation_2,,,,,,,,,B,empty_neighborhood,,,pass
,,,,226,e3_direct,,4,,,torch.float32,,2e-05,2e-05,,,,,,,0.0,,0.0,,,,rotation_2,,,,,,,,,B+,empty_neighborhood,,,pass
,,,,227,e3_direct,,4,,,torch.float32,,2e-05,2e-05,,,,,,,0.0,,0.0,,,,reflection,,,,,,,,,A,empty_neighborhood,,,pass
,,,,228,e3_direct,,4,,,torch.float32,,2e-05,2e-05,,,,,,,0.0,,0.0,,,,reflection,,,,,,,,,B,empty_neighborhood,,,pass
,,,,229,e3_direct,,4,,,torch.float32,,2e-05,2e-05,,,,,,,0.0,,0.0,,,,reflection,,,,,,,,,B+,empty_neighborhood,,,pass
,,,,230,e3_direct,,4,,,torch.float32,,2e-05,2e-05,,,,,,,0.0,,0.0,,,,inversion,,,,,,,,,A,empty_neighborhood,,,pass
,,,,231,e3_direct,,4,,,torch.float32,,2e-05,2e-05,,,,,,,0.0,,0.0,,,,inversion,,,,,,,,,B,empty_neighborhood,,,pass
,,,,232,e3_direct,,4,,,torch.float32,,2e-05,2e-05,,,,,,,0.0,,0.0,,,,inversion,,,,,,,,,B+,empty_neighborhood,,,pass
,,,,233,e3_direct,,4,,,torch.float32,,2e-05,2e-05,,,,,,,0.0,,0.0,,,,improper_with_translation,,,,,,,,,A,empty_neighborhood,,,pass
,,,,234,e3_direct,,4,,,torch.float32,,2e-05,2e-05,,,,,,,0.0,,0.0,,,,improper_with_translation,,,,,,,,,B,empty_neighborhood,,,pass
,,,,235,e3_direct,,4,,,torch.float32,,2e-05,2e-05,,,,,,,0.0,,0.0,,,,improper_with_translation,,,,,,,,,B+,empty_neighborhood,,,pass
,,0,0,236,e3_rebuilt,,4,,,torch.float32,,0.0001,0.0001,0.0,pass,0.0,,,,0.0,,0.0,,,,translation,,,,,,,,,A,empty_neighborhood,,,pass
,,0,0,237,e3_rebuilt,,4,,,torch.float32,,0.0001,0.0001,0.0,pass,0.0,,,,0.0,,0.0,,,,translation,,,,,,,,,B,empty_neighborhood,,,pass
,,0,0,238,e3_rebuilt,,4,,,torch.float32,,0.0001,0.0001,0.0,pass,0.0,,,,0.0,,0.0,,,,translation,,,,,,,,,B+,empty_neighborhood,,,pass
,,,,239,synthetic_boundary,,,,,torch.float32,,,,,,,,,,,,,,,,,,,,,,,,,A,all_padding,,,pass
,,,,240,synthetic_boundary,,,,,torch.float32,,,,,,,,,,,,,,,,,,,,,,,,,B,all_padding,,,pass
,,,,241,synthetic_boundary,,,,,torch.float32,,,,,,,,,,,,,,,,,,,,,,,,,B+,all_padding,,,pass
,,,,242,synthetic_boundary,,,,,torch.float32,,,,,,,,,,,,,,,,,,,,,,,,,A,zero_slots,,,pass
,,,,243,synthetic_boundary,,,,,torch.float32,,,,,,,,,,,,,,,,,,,,,,,,,B,zero_slots,,,pass
,,,,244,synthetic_boundary,,,,,torch.float32,,,,,,,,,,,,,,,,,,,,,,,,,B+,zero_slots,,,pass
,,,,245,synthetic_boundary,,,,,torch.float64,,,,,,,,,,,,,,,,,,,,,,,,,A,cubic_self_images,,,pass
,,,,246,synthetic_boundary,,,,,torch.float64,,,,,,,,,,,,,,,,,,,,,,,,,B,cubic_self_images,,,pass
,,,,247,synthetic_boundary,,,,,torch.float64,,,,,,,,,,,,,,,,,,,,,,,,,B+,cubic_self_images,,,pass
,,,,248,e3_direct,,4,,,torch.float64,,2e-10,2e-10,,,,,,,4.440892098500626e-16,,1.4932663948907892e-06,,,,rotation_1,,,,,,,,,A,cubic_self_images,,,pass
,,,,249,e3_direct,,4,,,torch.float64,,2e-10,2e-10,,,,,,,2.1574134205633104e-17,,1.0787067102816551e-07,,,,rotation_1,,,,,,,,,B,cubic_self_images,,,pass
,,,,250,e3_direct,,4,,,torch.float64,,2e-10,2e-10,,,,,,,2.220446049250313e-16,,6.757902344682744e-07,,,,rotation_1,,,,,,,,,B+,cubic_self_images,,,pass
,,,,251,e3_direct,,4,,,torch.float64,,2e-10,2e-10,,,,,,,4.440892098500626e-16,,1.4077482359276407e-06,,,,rotation_2,,,,,,,,,A,cubic_self_images,,,pass
,,,,252,e3_direct,,4,,,torch.float64,,2e-10,2e-10,,,,,,,4.0390494260258633e-17,,2.0195247130129316e-07,,,,rotation_2,,,,,,,,,B,cubic_self_images,,,pass
,,,,253,e3_direct,,4,,,torch.float64,,2e-10,2e-10,,,,,,,3.697054098528627e-17,,1.8485270492643133e-07,,,,rotation_2,,,,,,,,,B+,cubic_self_images,,,pass
,,,,254,e3_direct,,4,,,torch.float64,,2e-10,2e-10,,,,,,,0.0,,0.0,,,,reflection,,,,,,,,,A,cubic_self_images,,,pass
,,,,255,e3_direct,,4,,,torch.float64,,2e-10,2e-10,,,,,,,6.162975822039155e-33,,3.0814879110195774e-23,,,,reflection,,,,,,,,,B,cubic_self_images,,,pass
,,,,256,e3_direct,,4,,,torch.float64,,2e-10,2e-10,,,,,,,6.162975822039155e-33,,3.0814879110195774e-23,,,,reflection,,,,,,,,,B+,cubic_self_images,,,pass
,,,,257,e3_direct,,4,,,torch.float64,,2e-10,2e-10,,,,,,,0.0,,0.0,,,,inversion,,,,,,,,,A,cubic_self_images,,,pass
,,,,258,e3_direct,,4,,,torch.float64,,2e-10,2e-10,,,,,,,0.0,,0.0,,,,inversion,,,,,,,,,B,cubic_self_images,,,pass
,,,,259,e3_direct,,4,,,torch.float64,,2e-10,2e-10,,,,,,,0.0,,0.0,,,,inversion,,,,,,,,,B+,cubic_self_images,,,pass
,,,,260,e3_direct,,4,,,torch.float64,,2e-10,2e-10,,,,,,,4.440892098500626e-16,,1.4932663948907892e-06,,,,improper_with_translation,,,,,,,,,A,cubic_self_images,,,pass
,,,,261,e3_direct,,4,,,torch.float64,,2e-10,2e-10,,,,,,,2.1574134205633104e-17,,1.0787067102816551e-07,,,,improper_with_translation,,,,,,,,,B,cubic_self_images,,,pass
,,,,262,e3_direct,,4,,,torch.float64,,2e-10,2e-10,,,,,,,2.220446049250313e-16,,6.757902344682744e-07,,,,improper_with_translation,,,,,,,,,B+,cubic_self_images,,,pass
,,0,0,263,e3_rebuilt,,4,,,torch.float64,,2e-06,2e-06,0.0,pass,2.465190328815662e-32,,,,0.0,,0.0,,,,translation,,,,,,,,,A,cubic_self_images,,,pass
,,0,0,264,e3_rebuilt,,4,,,torch.float64,,2e-06,2e-06,0.0,pass,2.465190328815662e-32,,,,0.0,,0.0,,,,translation,,,,,,,,,B,cubic_self_images,,,pass
,,0,0,265,e3_rebuilt,,4,,,torch.float64,,2e-06,2e-06,0.0,pass,2.465190328815662e-32,,,,0.0,,0.0,,,,translation,,,,,,,,,B+,cubic_self_images,,,pass
,,,,266,synthetic_boundary,,,,,torch.float64,,,,,,,,,,,,,,,,,,,,,,,,,A,skew,,,pass
,,,,267,synthetic_boundary,,,,,torch.float64,,,,,,,,,,,,,,,,,,,,,,,,,B,skew,,,pass
,,,,268,synthetic_boundary,,,,,torch.float64,,,,,,,,,,,,,,,,,,,,,,,,,B+,skew,,,pass
,,,,269,e3_direct,,4,,,torch.float64,,2e-10,2e-10,,,,,,,4.440892098500626e-16,,1.8449611970370019e-06,,,,rotation_1,,,,,,,,,A,skew,,,pass
,,,,270,e3_direct,,4,,,torch.float64,,2e-10,2e-10,,,,,,,6.158268339717665e-16,,3.0333043429272746e-06,,,,rotation_1,,,,,,,,,B,skew,,,pass
,,,,271,e3_direct,,4,,,torch.float64,,2e-10,2e-10,,,,,,,1.3322676295501878e-15,,3.076028238074289e-06,,,,rotation_1,,,,,,,,,B+,skew,,,pass
,,,,272,e3_direct,,4,,,torch.float64,,2e-10,2e-10,,,,,,,4.440892098500626e-16,,1.6709541894006463e-06,,,,rotation_2,,,,,,,,,A,skew,,,pass
,,,,273,e3_direct,,4,,,torch.float64,,2e-10,2e-10,,,,,,,6.38378239159465e-16,,2.7708811523145324e-06,,,,rotation_2,,,,,,,,,B,skew,,,pass
,,,,274,e3_direct,,4,,,torch.float64,,2e-10,2e-10,,,,,,,7.216449660063518e-16,,3.1322964562289817e-06,,,,rotation_2,,,,,,,,,B+,skew,,,pass
,,,,275,e3_direct,,4,,,torch.float64,,2e-10,2e-10,,,,,,,0.0,,0.0,,,,reflection,,,,,,,,,A,skew,,,pass
,,,,276,e3_direct,,4,,,torch.float64,,2e-10,2e-10,,,,,,,2.1510571102112408e-16,,1.0386856760815543e-06,,,,reflection,,,,,,,,,B,skew,,,pass
,,,,277,e3_direct,,4,,,torch.float64,,2e-10,2e-10,,,,,,,2.1510571102112408e-16,,1.0386860052152032e-06,,,,reflection,,,,,,,,,B+,skew,,,pass
,,,,278,e3_direct,,4,,,torch.float64,,2e-10,2e-10,,,,,,,0.0,,0.0,,,,inversion,,,,,,,,,A,skew,,,pass
,,,,279,e3_direct,,4,,,torch.float64,,2e-10,2e-10,,,,,,,0.0,,0.0,,,,inversion,,,,,,,,,B,skew,,,pass
,,,,280,e3_direct,,4,,,torch.float64,,2e-10,2e-10,,,,,,,0.0,,0.0,,,,inversion,,,,,,,,,B+,skew,,,pass
,,,,281,e3_direct,,4,,,torch.float64,,2e-10,2e-10,,,,,,,4.440892098500626e-16,,1.8449611970370019e-06,,,,improper_with_translation,,,,,,,,,A,skew,,,pass
,,,,282,e3_direct,,4,,,torch.float64,,2e-10,2e-10,,,,,,,6.158268339717665e-16,,3.0333043429272746e-06,,,,improper_with_translation,,,,,,,,,B,skew,,,pass
,,,,283,e3_direct,,4,,,torch.float64,,2e-10,2e-10,,,,,,,1.3322676295501878e-15,,3.076028238074289e-06,,,,improper_with_translation,,,,,,,,,B+,skew,,,pass
,,0,0,284,e3_rebuilt,,4,,,torch.float64,,2e-06,2e-06,3.3617038042166314e-09,pass,8.881784197001252e-16,,,,1.644777092302263e-10,,6.184292242140988e-05,,,,translation,,,,,,,,,A,skew,,,pass
,,0,0,285,e3_rebuilt,,4,,,torch.float64,,2e-06,2e-06,3.3617038042166314e-09,pass,8.881784197001252e-16,,,,2.050693503896639e-10,,8.007996635618552e-05,,,,translation,,,,,,,,,B,skew,,,pass
,,0,0,286,e3_rebuilt,,4,,,torch.float64,,2e-06,2e-06,3.3617038042166314e-09,pass,8.881784197001252e-16,,,,2.0499557606967755e-10,,8.011423602882768e-05,,,,translation,,,,,,,,,B+,skew,,,pass
,,0,0,287,e3_rebuilt,,4,,,torch.float64,,2e-06,2e-06,3.3617029160382117e-09,pass,1.7763568394002505e-15,,,,1.6447793127483123e-10,,6.18430059092414e-05,,,,rotation_1,,,,,,,,,A,skew,,,pass
,,0,0,288,e3_rebuilt,,4,,,torch.float64,,2e-06,2e-06,3.3617029160382117e-09,pass,1.7763568394002505e-15,,,,2.0506968345657128e-10,,8.008011723366622e-05,,,,rotation_1,,,,,,,,,B,skew,,,pass
,,0,0,289,e3_rebuilt,,4,,,torch.float64,,2e-06,2e-06,3.3617029160382117e-09,pass,1.7763568394002505e-15,,,,2.0499590913658494e-10,,8.011435673270713e-05,,,,rotation_1,,,,,,,,,B+,skew,,,pass
,,0,0,290,e3_rebuilt,,4,,,torch.float64,,2e-06,2e-06,3.361704692395051e-09,pass,8.881784197001252e-16,,,,1.6447798678598247e-10,,6.184302678119927e-05,,,,reflection,,,,,,,,,A,skew,,,pass
,,0,0,291,e3_rebuilt,,4,,,torch.float64,,2e-06,2e-06,3.361704692395051e-09,pass,8.881784197001252e-16,,,,2.0506957243426882e-10,,8.0080020001512e-05,,,,reflection,,,,,,,,,B,skew,,,pass
,,0,0,292,e3_rebuilt,,4,,,torch.float64,,2e-06,2e-06,3.361704692395051e-09,pass,8.881784197001252e-16,,,,2.0499579811428248e-10,,8.011431649808065e-05,,,,reflection,,,,,,,,,B+,skew,,,pass
,,0,0,293,representation,,4,,,torch.float64,,2e-06,2e-06,0.0,pass,0.0,,,,4.440892098500626e-16,,1.844961197037002e-10,,,,permutation,,,,,,,,,A,skew,,,pass
,,0,0,294,representation,,4,,,torch.float64,,2e-06,2e-06,0.0,pass,0.0,,,,5.551115123125783e-16,,2.2912047259114912e-10,,,,permutation,,,,,,,,,B,skew,,,pass
,,0,0,295,representation,,4,,,torch.float64,,2e-06,2e-06,0.0,pass,0.0,,,,4.440892098500626e-16,,1.735375420064352e-10,,,,permutation,,,,,,,,,B+,skew,,,pass
,,0,0,296,representation,,4,,,torch.float64,,2e-06,2e-06,1.7763568394002505e-15,pass,1.3322676295501878e-15,,,,8.881784197001252e-16,,2.922074103085651e-10,,,,integer_images,,,,,,,,,A,skew,,,pass
,,0,0,297,representation,,4,,,torch.float64,,2e-06,2e-06,1.7763568394002505e-15,pass,1.3322676295501878e-15,,,,1.3322676295501878e-15,,4.0833429532976277e-10,,,,integer_images,,,,,,,,,B,skew,,,pass
,,0,0,298,representation,,4,,,torch.float64,,2e-06,2e-06,1.7763568394002505e-15,pass,1.3322676295501878e-15,,,,1.3322676295501878e-15,,4.976510755497741e-10,,,,integer_images,,,,,,,,,B+,skew,,,pass
,,0,0,299,representation,,4,,,torch.float64,,2e-06,2e-06,3.2484672729538033e-09,pass,8.881784197001252e-16,,,,9.798090117030256e-11,,3.684040407793629e-05,,,,basis_swap,,,,,,,,,A,skew,,,pass
,,0,0,300,representation,,4,,,torch.float64,,2e-06,2e-06,3.2484672729538033e-09,pass,8.881784197001252e-16,,,,1.2971246299287031e-10,,4.8080599209039e-05,,,,basis_swap,,,,,,,,,B,skew,,,pass
,,0,0,301,representation,,4,,,torch.float64,,2e-06,2e-06,3.2484672729538033e-09,pass,8.881784197001252e-16,,,,1.2964451734376325e-10,,4.807465981663223e-05,,,,basis_swap,,,,,,,,,B+,skew,,,pass
,,0,0,302,representation,,4,,,torch.float64,,2e-06,2e-06,1.2600525067796298e-09,pass,1.7763568394002505e-15,,,,6.450062706164772e-12,,2.4251962738138153e-06,,,,basis_shear,,,,,,,,,A,skew,,,pass
,,0,0,303,representation,,4,,,torch.float64,,2e-06,2e-06,1.2600525067796298e-09,pass,1.7763568394002505e-15,,,,2.172950708256849e-11,,1.03650481562968e-05,,,,basis_shear,,,,,,,,,B,skew,,,pass
,,0,0,304,representation,,4,,,torch.float64,,2e-06,2e-06,1.2600525067796298e-09,pass,1.7763568394002505e-15,,,,2.1729909538414915e-11,,1.0365233704628134e-05,,,,basis_shear,,,,,,,,,B+,skew,,,pass
,,,,305,synthetic_boundary,,,,,torch.float64,,,,,,,,,,,,,,,,,,,,,,,,,A,mixed_padding,,,pass
,,,,306,synthetic_boundary,,,,,torch.float64,,,,,,,,,,,,,,,,,,,,,,,,,B,mixed_padding,,,pass
,,,,307,synthetic_boundary,,,,,torch.float64,,,,,,,,,,,,,,,,,,,,,,,,,B+,mixed_padding,,,pass
,,,,308,e3_direct,,4,,,torch.float64,,2e-10,2e-10,,,,,,,6.661338147750939e-16,,1.552812952674752e-06,,,,rotation_1,,,,,,,,,A,mixed_padding,,,pass
,,,,309,e3_direct,,4,,,torch.float64,,2e-10,2e-10,,,,,,,7.91033905045424e-16,,3.8778676330239375e-06,,,,rotation_1,,,,,,,,,B,mixed_padding,,,pass
,,,,310,e3_direct,,4,,,torch.float64,,2e-10,2e-10,,,,,,,8.083811398051921e-16,,3.962911601289222e-06,,,,rotation_1,,,,,,,,,B+,mixed_padding,,,pass
,,,,311,e3_direct,,4,,,torch.float64,,2e-10,2e-10,,,,,,,8.881784197001252e-16,,2.5332770304726574e-06,,,,rotation_2,,,,,,,,,A,mixed_padding,,,pass
,,,,312,e3_direct,,4,,,torch.float64,,2e-10,2e-10,,,,,,,9.159339953157541e-16,,3.7695390923587985e-06,,,,rotation_2,,,,,,,,,B,mixed_padding,,,pass
,,,,313,e3_direct,,4,,,torch.float64,,2e-10,2e-10,,,,,,,8.881784197001252e-16,,3.6553110704168623e-06,,,,rotation_2,,,,,,,,,B+,mixed_padding,,,pass
,,,,314,e3_direct,,4,,,torch.float64,,2e-10,2e-10,,,,,,,0.0,,0.0,,,,reflection,,,,,,,,,A,mixed_padding,,,pass
,,,,315,e3_direct,,4,,,torch.float64,,2e-10,2e-10,,,,,,,2.914335439641036e-16,,1.3933964945687444e-06,,,,reflection,,,,,,,,,B,mixed_padding,,,pass
,,,,316,e3_direct,,4,,,torch.float64,,2e-10,2e-10,,,,,,,2.914335439641036e-16,,1.3933975128638088e-06,,,,reflection,,,,,,,,,B+,mixed_padding,,,pass
,,,,317,e3_direct,,4,,,torch.float64,,2e-10,2e-10,,,,,,,0.0,,0.0,,,,inversion,,,,,,,,,A,mixed_padding,,,pass
,,,,318,e3_direct,,4,,,torch.float64,,2e-10,2e-10,,,,,,,0.0,,0.0,,,,inversion,,,,,,,,,B,mixed_padding,,,pass
,,,,319,e3_direct,,4,,,torch.float64,,2e-10,2e-10,,,,,,,0.0,,0.0,,,,inversion,,,,,,,,,B+,mixed_padding,,,pass
,,,,320,e3_direct,,4,,,torch.float64,,2e-10,2e-10,,,,,,,6.661338147750939e-16,,1.552812952674752e-06,,,,improper_with_translation,,,,,,,,,A,mixed_padding,,,pass
,,,,321,e3_direct,,4,,,torch.float64,,2e-10,2e-10,,,,,,,7.91033905045424e-16,,3.8778676330239375e-06,,,,improper_with_translation,,,,,,,,,B,mixed_padding,,,pass
,,,,322,e3_direct,,4,,,torch.float64,,2e-10,2e-10,,,,,,,8.083811398051921e-16,,3.962911601289222e-06,,,,improper_with_translation,,,,,,,,,B+,mixed_padding,,,pass
,,,,323,synthetic_boundary,,,,,torch.float64,,,,,,,,,,,,,,,,,,,,,,,,,A,empty_neighborhood,,,pass
,,,,324,synthetic_boundary,,,,,torch.float64,,,,,,,,,,,,,,,,,,,,,,,,,B,empty_neighborhood,,,pass
,,,,325,synthetic_boundary,,,,,torch.float64,,,,,,,,,,,,,,,,,,,,,,,,,B+,empty_neighborhood,,,pass
,,,,326,e3_direct,,4,,,torch.float64,,2e-10,2e-10,,,,,,,0.0,,0.0,,,,rotation_1,,,,,,,,,A,empty_neighborhood,,,pass
,,,,327,e3_direct,,4,,,torch.float64,,2e-10,2e-10,,,,,,,0.0,,0.0,,,,rotation_1,,,,,,,,,B,empty_neighborhood,,,pass
,,,,328,e3_direct,,4,,,torch.float64,,2e-10,2e-10,,,,,,,0.0,,0.0,,,,rotation_1,,,,,,,,,B+,empty_neighborhood,,,pass
,,,,329,e3_direct,,4,,,torch.float64,,2e-10,2e-10,,,,,,,0.0,,0.0,,,,rotation_2,,,,,,,,,A,empty_neighborhood,,,pass
,,,,330,e3_direct,,4,,,torch.float64,,2e-10,2e-10,,,,,,,0.0,,0.0,,,,rotation_2,,,,,,,,,B,empty_neighborhood,,,pass
,,,,331,e3_direct,,4,,,torch.float64,,2e-10,2e-10,,,,,,,0.0,,0.0,,,,rotation_2,,,,,,,,,B+,empty_neighborhood,,,pass
,,,,332,e3_direct,,4,,,torch.float64,,2e-10,2e-10,,,,,,,0.0,,0.0,,,,reflection,,,,,,,,,A,empty_neighborhood,,,pass
,,,,333,e3_direct,,4,,,torch.float64,,2e-10,2e-10,,,,,,,0.0,,0.0,,,,reflection,,,,,,,,,B,empty_neighborhood,,,pass
,,,,334,e3_direct,,4,,,torch.float64,,2e-10,2e-10,,,,,,,0.0,,0.0,,,,reflection,,,,,,,,,B+,empty_neighborhood,,,pass
,,,,335,e3_direct,,4,,,torch.float64,,2e-10,2e-10,,,,,,,0.0,,0.0,,,,inversion,,,,,,,,,A,empty_neighborhood,,,pass
,,,,336,e3_direct,,4,,,torch.float64,,2e-10,2e-10,,,,,,,0.0,,0.0,,,,inversion,,,,,,,,,B,empty_neighborhood,,,pass
,,,,337,e3_direct,,4,,,torch.float64,,2e-10,2e-10,,,,,,,0.0,,0.0,,,,inversion,,,,,,,,,B+,empty_neighborhood,,,pass
,,,,338,e3_direct,,4,,,torch.float64,,2e-10,2e-10,,,,,,,0.0,,0.0,,,,improper_with_translation,,,,,,,,,A,empty_neighborhood,,,pass
,,,,339,e3_direct,,4,,,torch.float64,,2e-10,2e-10,,,,,,,0.0,,0.0,,,,improper_with_translation,,,,,,,,,B,empty_neighborhood,,,pass
,,,,340,e3_direct,,4,,,torch.float64,,2e-10,2e-10,,,,,,,0.0,,0.0,,,,improper_with_translation,,,,,,,,,B+,empty_neighborhood,,,pass
,,0,0,341,e3_rebuilt,,4,,,torch.float64,,2e-06,2e-06,0.0,pass,0.0,,,,0.0,,0.0,,,,translation,,,,,,,,,A,empty_neighborhood,,,pass
,,0,0,342,e3_rebuilt,,4,,,torch.float64,,2e-06,2e-06,0.0,pass,0.0,,,,0.0,,0.0,,,,translation,,,,,,,,,B,empty_neighborhood,,,pass
,,0,0,343,e3_rebuilt,,4,,,torch.float64,,2e-06,2e-06,0.0,pass,0.0,,,,0.0,,0.0,,,,translation,,,,,,,,,B+,empty_neighborhood,,,pass
,,,,344,synthetic_boundary,,,,,torch.float64,,,,,,,,,,,,,,,,,,,,,,,,,A,all_padding,,,pass
,,,,345,synthetic_boundary,,,,,torch.float64,,,,,,,,,,,,,,,,,,,,,,,,,B,all_padding,,,pass
,,,,346,synthetic_boundary,,,,,torch.float64,,,,,,,,,,,,,,,,,,,,,,,,,B+,all_padding,,,pass
,,,,347,synthetic_boundary,,,,,torch.float64,,,,,,,,,,,,,,,,,,,,,,,,,A,zero_slots,,,pass
,,,,348,synthetic_boundary,,,,,torch.float64,,,,,,,,,,,,,,,,,,,,,,,,,B,zero_slots,,,pass
,,,,349,synthetic_boundary,,,,,torch.float64,,,,,,,,,,,,,,,,,,,,,,,,,B+,zero_slots,,,pass
,,,,350,e3_direct,,4,,,torch.float32,,2e-05,2e-05,,,,mp-aaabofsw,,10086,5.960464477539062e-07,124,0.015287240967154503,,64,7704,rotation_1,,460180,,max_pairs,,,,,B+,,,train,pass
,,,,351,e3_direct,,4,,,torch.float32,,2e-05,2e-05,,,,mp-aaabofsw,,10086,7.152557373046875e-07,124,0.015287240967154503,,64,7704,rotation_2,,460180,,max_pairs,,,,,B+,,,train,pass
,,,,352,e3_direct,,4,,,torch.float32,,2e-05,2e-05,,,,mp-aaabofsw,,10086,1.734723475976807e-18,124,8.673617379884035e-14,,64,7704,reflection,,460180,,max_pairs,,,,,B+,,,train,pass
,,,,353,e3_direct,,4,,,torch.float32,,2e-05,2e-05,,,,mp-aaabofsw,,10086,0.0,124,0.0,,64,7704,inversion,,460180,,max_pairs,,,,,B+,,,train,pass
,,,,354,e3_direct,,4,,,torch.float32,,2e-05,2e-05,,,,mp-aaabofsw,,10086,5.960464477539062e-07,124,0.015287240967154503,,64,7704,improper_with_translation,,460180,,max_pairs,,,,,B+,,,train,pass
,,0,0,355,e3_rebuilt,,4,,,torch.float32,,0.0001,0.0001,9.5367431640625e-07,pass,7.152557373046875e-07,mp-aaabofsw,,10086,1.8477439880371094e-06,124,0.014797006733715534,,64,7704,translation,,460180,,max_pairs,,,,,B+,,,train,pass
,,0,0,356,representation,,4,,,torch.float32,,0.0001,0.0001,0.0,pass,0.0,mp-aaabofsw,,10086,2.0265579223632812e-06,124,0.016280684620141983,,64,7704,permutation,,460180,,max_pairs,,,,,B+,,,train,pass
,,0,0,357,representation,,4,,,torch.float32,,0.0001,0.0001,2.86102294921875e-06,pass,3.2186508178710938e-06,mp-aaabofsw,,10086,3.129243850708008e-06,124,0.02595789171755314,,64,7704,integer_images,,460180,,max_pairs,,,,,B+,,,train,pass
,,0,0,358,representation,,4,,,torch.float32,,0.0001,0.0001,4.76837158203125e-07,pass,2.842170943040401e-14,mp-aaabofsw,,10086,1.430511474609375e-06,124,0.012664809823036194,,64,7704,basis_swap,,460180,,max_pairs,,,,,B+,,,train,pass
,,0,0,359,representation,,4,,,torch.float32,,0.0001,0.0001,9.5367431640625e-07,pass,1.430511474609375e-06,mp-aaabofsw,,10086,2.1457672119140625e-06,124,0.01732661761343479,,64,7704,basis_shear,,460180,,max_pairs,,,,,B+,,,train,pass
,,,,360,supercell,,4,,,torch.float32,,0.0001,0.0001,,,,mp-aaabofsw,,10086,1.7583370208740234e-06,124,0.015810931101441383,,64,7704,2x1x1,,460180,,max_pairs,2.0,,,,B+,,,train,pass
,,,,361,real_shared_e3,,4,,,torch.float32,,2e-05,2e-05,,,,mp-aaabofsw,,10086,7.152557373046875e-07,124,0.019934827461838722,,64,7704,rotation_1,,460180,,max_pairs,,,,,A,,,train,pass
,,,,362,real_shared_e3,,4,,,torch.float32,,2e-05,2e-05,,,,mp-aaabofsw,,10086,5.960464477539062e-07,124,0.015637626871466637,,64,7704,rotation_1,,460180,,max_pairs,,,,,B,,,train,pass
,,,,363,real_shared_e3,,4,,,torch.float32,,2e-05,2e-05,,,,mp-aaabofsw,,10086,5.960464477539062e-07,124,0.015287240967154503,,64,7704,rotation_1,,460180,,max_pairs,,,,,B+,,,train,pass
,,,,364,high_order_invariant_e3,,,,,torch.float32,,,,,,,mp-aaabofsw,,10086,1.6763806343078613e-08,124,,,64,7704,rotation_1,,460180,,max_pairs,,,,,B+,,,train,pass
,,,,365,real_shared_e3,,4,,,torch.float32,,2e-05,2e-05,,,,mp-aaabofsw,,10086,0.0,124,0.0,,64,7704,reflection,,460180,,max_pairs,,,,,A,,,train,pass
,,,,366,real_shared_e3,,4,,,torch.float32,,2e-05,2e-05,,,,mp-aaabofsw,,10086,1.734723475976807e-18,124,8.673617379884035e-14,,64,7704,reflection,,460180,,max_pairs,,,,,B,,,train,pass
,,,,367,real_shared_e3,,4,,,torch.float32,,2e-05,2e-05,,,,mp-aaabofsw,,10086,1.734723475976807e-18,124,8.673617379884035e-14,,64,7704,reflection,,460180,,max_pairs,,,,,B+,,,train,pass
,,,,368,high_order_invariant_e3,,,,,torch.float32,,,,,,,mp-aaabofsw,,10086,0.0,124,,,64,7704,reflection,,460180,,max_pairs,,,,,B+,,,train,pass
