split,radius_A,shell_tolerance_A,structures,atoms,total_edges,zero_neighbor_atoms,structures_with_zero_neighbor_atom,potential_unordered_angle_pairs,cross_cell_self_records,near_cutoff_records_1e-5A,six_field_storage_bytes_float32_int64,shell1_atoms_covered_fraction,shell1_structures_fully_covered_fraction,shell1_reference_censored_atoms,shell2_atoms_covered_fraction,shell2_structures_fully_covered_fraction,shell2_reference_censored_atoms,shell3_atoms_covered_fraction,shell3_structures_fully_covered_fraction,shell3_reference_censored_atoms,degree_n,degree_p50,degree_p95,degree_p99,degree_max,degree_mean,edges_per_structure_n,edges_per_structure_p50,edges_per_structure_p95,edges_per_structure_p99,edges_per_structure_max,edges_per_structure_mean,mean_degree_per_structure_n,mean_degree_per_structure_p50,mean_degree_per_structure_p95,mean_degree_per_structure_p99,mean_degree_per_structure_max,mean_degree_per_structure_mean
train,3.0,0.001,18706,219505,1278978,25754,7055,4708224,11252,30,81854592,0.8826723764834514,0.6228482839730568,0,0.7190405685519692,0.3095263551801561,0,0.5560192250745997,0.14241419865283866,0,219505,6.0,12.0,15.0,32.0,5.826646317851529,18706,36.0,248.0,416.0,976.0,68.37260771944831,18706,5.2,12.0,14.0,28.0,5.461917667137859
train,3.0,0.01,18706,219505,1278978,25754,7055,4708224,11252,30,81854592,0.882481036878431,0.6225275312733882,0,0.6974191931846655,0.27467122848283976,0,0.5212090840755336,0.10547417940767669,0,219505,6.0,12.0,15.0,32.0,5.826646317851529,18706,36.0,248.0,416.0,976.0,68.37260771944831,18706,5.2,12.0,14.0,28.0,5.461917667137859
train,3.5,0.001,18706,219505,2175226,5900,2058,12296631,39758,8,139214464,0.9731213411995171,0.8899818240136854,0,0.8806314206965673,0.6135999144659467,0,0.7320288831689483,0.30829680316476,0,219505,10.0,18.0,22.0,44.0,9.909687706430377,18706,60.0,384.0,672.0,1592.0,116.28493531487223,18706,10.0,16.666666666666668,21.23076923076923,42.0,9.662233405979958
train,3.5,0.01,18706,219505,2175226,5900,2058,12296631,39758,8,139214464,0.9731122297897542,0.8899283652304073,0,0.8697250632104052,0.5896503795573613,0,0.7132320448281361,0.27718379129691006,0,219505,10.0,18.0,22.0,44.0,9.909687706430377,18706,60.0,384.0,672.0,1592.0,116.28493531487223,18706,10.0,16.666666666666668,21.23076923076923,42.0,9.662233405979958
train,4.0,0.001,18706,219505,3354308,1230,484,28130266,114576,48,214675712,0.9943964829958315,0.9741259488934032,0,0.953577367258149,0.8316048326740083,0,0.8546365686430833,0.5301507537688442,0,219505,14.0,26.0,32.0,56.0,15.281237329445798,18706,100.0,589.5,1031.6000000000058,2600.0,179.3172244199722,18706,14.0,25.448051948051948,31.427142857142876,56.0,14.369637510440123
train,4.0,0.01,18706,219505,3354308,1230,484,28130266,114576,48,214675712,0.9943964829958315,0.9741259488934032,0,0.9495091227990251,0.8199508179193842,0,0.8452381494726772,0.5106917566556185,0,219505,14.0,26.0,32.0,56.0,15.281237329445798,18706,100.0,589.5,1031.6000000000058,2600.0,179.3172244199722,18706,14.0,25.448051948051948,31.427142857142876,56.0,14.369637510440123
train,4.5,0.001,18706,219505,4790320,226,78,58085841,230382,68,306580480,0.998970410696795,0.9958302149043088,0,0.979831894489875,0.9248369507110018,0,0.9166306006696886,0.7034106703731423,0,219505,20.0,38.0,46.0,80.0,21.823284207649028,18706,138.0,860.0,1455.800000000003,3464.0,256.0846787127125,18706,18.0,35.6,47.0,80.0,20.144326873592853
train,4.5,0.01,18706,219505,4790320,226,78,58085841,230382,68,306580480,0.998970410696795,0.9958302149043088,0,0.9782738434204232,0.9194376135999145,0,0.9126033575544976,0.6925585373676895,0,219505,20.0,38.0,46.0,80.0,21.823284207649028,18706,138.0,860.0,1455.800000000003,3464.0,256.0846787127125,18706,18.0,35.6,47.0,80.0,20.144326873592853
train,5.0,0.001,18706,219505,6626606,61,22,113406068,357966,92,424102784,0.9997221020022323,0.9988239067678819,0,0.9942051433908111,0.978616486688763,0,0.955117195508075,0.8384475569336042,0,219505,29.0,52.0,62.0,134.0,30.188861301564884,18706,200.0,1187.0,2027.800000000003,4552.0,354.250294023308,18706,26.0,50.0,62.0,134.0,28.195195701474294
train,5.0,0.01,18706,219505,6626606,61,22,113406068,357966,92,424102784,0.9997221020022323,0.9988239067678819,0,0.9934170064463224,0.9759970063081365,0,0.9530534611967837,0.8335293488720197,0,219505,29.0,52.0,62.0,134.0,30.188861301564884,18706,200.0,1187.0,2027.800000000003,4552.0,354.250294023308,18706,26.0,50.0,62.0,134.0,28.195195701474294
train,5.5,0.001,18706,219505,8839200,11,6,203580513,529362,56,565708800,0.9999498872463042,0.9996792473003314,0,0.9986287328306872,0.9944937453223565,0,0.9807658139905697,0.932428097936491,0,219505,41.0,68.0,83.0,140.0,40.26878658800483,18706,250.0,1576.0,2729.5000000000073,6344.0,472.53287715171604,18706,36.0,65.70879120879121,82.0,140.0,37.87355053882229
train,5.5,0.01,18706,219505,8839200,11,6,203580513,529362,56,565708800,0.9999498872463042,0.9996792473003314,0,0.9985467301428214,0.994226451405966,0,0.9799047857679779,0.9294878648561958,0,219505,41.0,68.0,83.0,140.0,40.26878658800483,18706,250.0,1576.0,2729.5000000000073,6344.0,472.53287715171604,18706,36.0,65.70879120879121,82.0,140.0,37.87355053882229
train,6.0,0.001,18706,219505,11519324,0,0,345219533,760536,140,737236736,1.0,1.0,0,0.9995990979704334,0.9980754838019886,0,0.9940775836541309,0.978669945472041,0,219505,53.0,88.0,108.0,200.0,52.47864057766338,18706,324.0,2060.0,3507.800000000003,8160.0,615.8090452261307,18706,50.0,85.54166666666667,108.63333333333382,200.0,49.40180328928186
train,6.0,0.01,18706,219505,11519324,0,0,345219533,760536,140,737236736,1.0,1.0,0,0.9995717637411449,0.9979685662354325,0,0.9936447916903943,0.9773334758900888,0,219505,53.0,88.0,108.0,200.0,52.47864057766338,18706,324.0,2060.0,3507.800000000003,8160.0,615.8090452261307,18706,50.0,85.54166666666667,108.63333333333382,200.0,49.40180328928186
train,6.5,0.001,18706,219505,14757910,0,0,563933091,998058,84,944506240,1.0,1.0,0,0.9998496617389125,0.9991981182508286,0,0.9977859274276213,0.9916069710253395,0,219505,66.0,112.0,136.0,248.0,67.23268262681944,18706,436.0,2607.0,4492.0,10320.0,788.9399123275954,18706,58.58571428571429,110.0,136.97500000000036,248.0,63.20973064500644
train,6.5,0.01,18706,219505,14757910,0,0,563933091,998058,84,944506240,1.0,1.0,0,0.9998314389193868,0.9991446594675505,0,0.997731258969044,0.9914465946755052,0,219505,66.0,112.0,136.0,248.0,67.23268262681944,18706,436.0,2607.0,4492.0,10320.0,788.9399123275954,18706,58.58571428571429,110.0,136.97500000000036,248.0,63.20973064500644
train,7.0,0.001,18706,219505,18573026,0,0,891155157,1290044,178,1188673664,1.0,1.0,0,0.9999362201316598,0.9995723297337753,0,0.9988701851894034,0.9954025446380841,0,219505,84.0,141.0,169.0,320.0,84.61322521127082,18706,536.0,3275.0,5567.400000000009,12936.0,992.8913717523789,18706,74.0,136.0,169.99000000000015,320.0,79.37532652998215
train,7.0,0.01,18706,219505,18573026,0,0,891155157,1290044,178,1188673664,1.0,1.0,0,0.9999179973121342,0.9995188709504972,0,0.9988610737796405,0.995349085854806,0,219505,84.0,141.0,169.0,320.0,84.61322521127082,18706,536.0,3275.0,5567.400000000009,12936.0,992.8913717523789,18706,74.0,136.0,169.99000000000015,320.0,79.37532652998215
train,7.5,0.001,18706,219505,22929390,0,0,1360272183,1659256,230,1467480960,1.0,1.0,0,0.9999772214755928,0.9997861648668876,0,0.9994943167581604,0.9978081898855982,0,219505,104.0,173.0,210.0,380.0,104.45953395139063,18706,664.0,4079.0,6851.000000000015,16176.0,1225.7772907088636,18706,92.0,168.0,209.99000000000015,380.0,98.05939393799278
train,7.5,0.01,18706,219505,22929390,0,0,1360272183,1659256,230,1467480960,1.0,1.0,0,0.9999772214755928,0.9997861648668876,0,0.9994943167581604,0.9978081898855982,0,219505,104.0,173.0,210.0,380.0,104.45953395139063,18706,664.0,4079.0,6851.000000000015,16176.0,1225.7772907088636,18706,92.0,168.0,209.99000000000015,380.0,98.05939393799278
train,8.0,0.001,18706,219505,27840760,0,0,2008631881,2093224,72,1781808640,1.0,1.0,0,0.9999863328853557,0.9998930824334438,0,0.9997904375754538,0.99887736555116,0,219505,127.0,209.0,254.0,458.0,126.83428623493771,18706,794.0,4928.0,8403.000000000015,19456.0,1488.333155137389,18706,112.0,202.0,256.0,458.0,119.0302558017118
train,8.0,0.01,18706,219505,27840760,0,0,2008631881,2093224,72,1781808640,1.0,1.0,0,0.9999863328853557,0.9998930824334438,0,0.9997904375754538,0.99887736555116,0,219505,127.0,209.0,254.0,458.0,126.83428623493771,18706,794.0,4928.0,8403.000000000015,19456.0,1488.333155137389,18706,112.0,202.0,256.0,458.0,119.0302558017118
valid,3.0,0.001,2313,27437,158056,3416,897,578285,1250,0,10115584,0.875496592193024,0.6121919584954605,0,0.7194664139665415,0.3156074362300043,0,0.5538141925137587,0.13618677042801555,0,27437,6.0,12.0,15.0,21.0,5.760688121879214,2313,32.0,240.0,479.52000000000044,864.0,68.33376567228707,2313,5.25,12.0,14.54285714285717,20.666666666666668,5.398292799588872
valid,3.0,0.01,2313,27437,158056,3416,897,578285,1250,0,10115584,0.875460145059591,0.6121919584954605,0,0.696978532638408,0.2797233030696066,0,0.5171848234136385,0.0959792477302205,0,27437,6.0,12.0,15.0,21.0,5.760688121879214,2313,32.0,240.0,479.52000000000044,864.0,68.33376567228707,2313,5.25,12.0,14.54285714285717,20.666666666666668,5.398292799588872
valid,3.5,0.001,2313,27437,271406,754,261,1531556,5214,0,17369984,0.9725188613915515,0.8871595330739299,0,0.8815468163428947,0.6303501945525292,0,0.7329154062033021,0.311284046692607,0,27437,10.0,18.0,22.0,33.0,9.89197069650472,2313,60.0,384.0,768.0,1656.0,117.33938607868569,2313,10.0,16.666666666666668,21.333333333333332,32.666666666666664,9.634201056295165
valid,3.5,0.01,2313,27437,271406,754,261,1531556,5214,0,17369984,0.9725188613915515,0.8871595330739299,0,0.8699566279112148,0.6083009079118028,0,0.7131610598826402,0.2814526588845655,0,27437,10.0,18.0,22.0,33.0,9.89197069650472,2313,60.0,384.0,768.0,1656.0,117.33938607868569,2313,10.0,16.666666666666668,21.333333333333332,32.666666666666664,9.634201056295165
valid,4.0,0.001,2313,27437,419428,136,52,3514698,14536,8,26843392,0.995043189853118,0.9775183744055339,0,0.9527280679374567,0.8357111975789019,0,0.8548675146699712,0.533938607868569,0,27437,14.0,26.0,33.0,46.0,15.286948281517658,2313,96.0,589.6000000000004,1184.0,2616.0,181.3350626891483,2313,14.0,25.68571428571429,32.61600000000008,46.0,14.40481831629564
valid,4.0,0.01,2313,27437,419428,136,52,3514698,14536,8,26843392,0.995043189853118,0.9775183744055339,0,0.9483179647920691,0.8244703847816688,0,0.8451361300433721,0.5149156939040207,0,27437,14.0,26.0,33.0,46.0,15.286948281517658,2313,96.0,589.6000000000004,1184.0,2616.0,181.3350626891483,2313,14.0,25.68571428571429,32.61600000000008,46.0,14.40481831629564
valid,4.5,0.001,2313,27437,594828,45,12,7138659,29776,8,38068992,0.998359878995517,0.9948119325551232,0,0.9802821008127711,0.924340683095547,0,0.9172285599737581,0.7068741893644618,0,27437,20.0,37.0,47.0,70.0,21.679775485658052,2313,138.0,840.0,1733.6000000000022,3896.0,257.16731517509726,2313,18.0,35.37142857142858,47.99111111111112,70.0,20.13172622647743
valid,4.5,0.01,2313,27437,594828,45,12,7138659,29776,8,38068992,0.998359878995517,0.9948119325551232,0,0.9792615810766483,0.920881971465629,0,0.9126726682946387,0.6960657155209684,0,27437,20.0,37.0,47.0,70.0,21.679775485658052,2313,138.0,840.0,1733.6000000000022,3896.0,257.16731517509726,2313,18.0,35.37142857142858,47.99111111111112,70.0,20.13172622647743
valid,5.0,0.001,2313,27437,820792,20,4,13911911,45194,0,52530688,0.9992710573313409,0.9982706441850411,0,0.9936581987826657,0.9788153912667531,0,0.9550606844771659,0.8391699092088197,0,27437,29.0,50.0,65.0,96.0,29.91551554470241,2313,192.0,1157.6000000000004,2337.1200000000026,5136.0,354.8603545179421,2313,26.0,50.0,64.0,93.33333333333333,28.090903180490766
valid,5.0,0.01,2313,27437,820792,20,4,13911911,45194,0,52530688,0.9992710573313409,0.9982706441850411,0,0.9933666217152021,0.9779507133592736,0,0.9518168896016328,0.833981841763943,0,27437,29.0,50.0,65.0,96.0,29.91551554470241,2313,192.0,1157.6000000000004,2337.1200000000026,5136.0,354.8603545179421,2313,26.0,50.0,64.0,93.33333333333333,28.090903180490766
valid,5.5,0.001,2313,27437,1098136,0,0,25210704,66416,0,70280704,1.0,1.0,0,0.9984692203958159,0.9943795936013835,0,0.9802456536793381,0.9303934284479032,0,27437,41.0,68.0,85.0,122.0,40.02390931953202,2313,250.0,1509.6000000000004,3196.640000000014,6704.0,474.7669693039343,2313,35.6,66.28571428571429,83.65257142857156,122.0,37.90318674682205
valid,5.5,0.01,2313,27437,1098136,0,0,25210704,66416,0,70280704,1.0,1.0,0,0.998323431862084,0.9939472546476438,0,0.9791157925429165,0.9273670557717251,0,27437,41.0,68.0,85.0,122.0,40.02390931953202,2313,250.0,1509.6000000000004,3196.640000000014,6704.0,474.7669693039343,2313,35.6,66.28571428571429,83.65257142857156,122.0,37.90318674682205
valid,6.0,0.001,2313,27437,1434050,0,0,42830399,93558,8,91779200,1.0,1.0,0,0.999198163064475,0.9974059662775616,0,0.9936581987826657,0.9792477302204928,0,27437,53.0,87.0,108.0,158.0,52.26701169952983,2313,320.0,2012.8000000000002,4067.5200000000004,8584.0,619.9956766104626,2313,50.0,86.0,109.6760000000003,158.0,49.46662270997117
valid,6.0,0.01,2313,27437,1434050,0,0,42830399,93558,8,91779200,1.0,1.0,0,0.9990523745307431,0.9969736273238219,0,0.9931479389146044,0.9775183744055339,0,27437,53.0,87.0,108.0,158.0,52.26701169952983,2313,320.0,2012.8000000000002,4067.5200000000004,8584.0,619.9956766104626,2313,50.0,86.0,109.6760000000003,158.0,49.46662270997117
valid,6.5,0.001,2313,27437,1834466,0,0,69688956,120256,8,117405824,1.0,1.0,0,0.9994897401319386,0.9982706441850411,0,0.9970842293253636,0.9900562040639862,0,27437,66.0,111.0,141.0,190.0,66.86102708022014,2313,432.0,2541.600000000002,5236.800000000007,10952.0,793.1111111111111,2313,58.8,109.82857142857145,139.76000000000022,190.0,63.092977821778035
valid,6.5,0.01,2313,27437,1834466,0,0,69688956,120256,8,117405824,1.0,1.0,0,0.9993439515982068,0.9978383052313013,0,0.9970842293253636,0.9900562040639862,0,27437,66.0,111.0,141.0,190.0,66.86102708022014,2313,432.0,2541.600000000002,5236.800000000007,10952.0,793.1111111111111,2313,58.8,109.82857142857145,139.76000000000022,190.0,63.092977821778035
valid,7.0,0.001,2313,27437,2308442,0,0,110230074,158084,0,147740288,1.0,1.0,0,0.9998542114662682,0.9995676610462603,0,0.9983963261289499,0.9948119325551232,0,27437,84.0,139.0,176.0,274.0,84.13609359623865,2313,536.0,3278.4000000000015,6532.6400000000085,14016.0,998.0293990488543,2313,74.0,136.0,174.93600000000023,274.0,79.37074162145053
valid,7.0,0.01,2313,27437,2308442,0,0,110230074,158084,0,147740288,1.0,1.0,0,0.9997084229325364,0.9991353220925205,0,0.9983963261289499,0.9948119325551232,0,27437,84.0,139.0,176.0,274.0,84.13609359623865,2313,536.0,3278.4000000000015,6532.6400000000085,14016.0,998.0293990488543,2313,74.0,136.0,174.93600000000023,274.0,79.37074162145053
valid,7.5,0.001,2313,27437,2849320,0,0,168425337,206268,0,182356480,1.0,1.0,0,1.0,1.0,0,0.9988336917301455,0.9961089494163424,0,27437,104.0,170.0,218.0,296.0,103.84954623318876,2313,648.0,3940.000000000002,7840.480000000005,17496.0,1231.8720276696931,2313,92.0,168.0,213.06057142857173,292.0,97.90888395304742
valid,7.5,0.01,2313,27437,2849320,0,0,168425337,206268,0,182356480,1.0,1.0,0,1.0,1.0,0,0.9988336917301455,0.9961089494163424,0,27437,104.0,170.0,218.0,296.0,103.84954623318876,2313,648.0,3940.000000000002,7840.480000000005,17496.0,1231.8720276696931,2313,92.0,168.0,213.06057142857173,292.0,97.90888395304742
valid,8.0,0.001,2313,27437,3463100,0,0,248993498,261642,12,221638400,1.0,1.0,0,1.0,1.0,0,0.9993439515982068,0.9978383052313013,0,27437,127.0,207.0,261.0,363.0,126.22006779166819,2313,794.0,4884.0000000000055,9716.0,20984.0,1497.2330306960657,2313,112.0,203.82937062937063,257.96571428571434,360.0,119.15831304628088
valid,8.0,0.01,2313,27437,3463100,0,0,248993498,261642,12,221638400,1.0,1.0,0,1.0,1.0,0,0.9993439515982068,0.9978383052313013,0,27437,127.0,207.0,261.0,363.0,126.22006779166819,2313,794.0,4884.0000000000055,9716.0,20984.0,1497.2330306960657,2313,112.0,203.82937062937063,257.96571428571434,360.0,119.15831304628088
