Z,atomic_weight,covalent_radius_cordero,atomic_radius,vdw_radius,metallic_radius,en_pauling,en_allen,ionization_1,electron_affinity,melting_point,boiling_point,density,molar_heat_capacity,thermal_conductivity,abundance_crust,group_id,period,mendeleev_number,pettifor_number,dipole_polarizability,c6,fusion_heat,evaporation_heat,en_miedema
1,1.008,31.0,25.0,110.00000000000001,130.0,2.2,13.61,16.357925,0.754195,13.989999999999952,20.270999999999987,8.2e-05,28.836,0.1815,1400.0,1.0,1.0,105.0,103.0,4.50711,6.499026705,0.117,0.904,5.2
2,4.002602,28.000000000000004,120.0,140.0,130.0,1.7,24.59,54.4177655282,-19.7,1193.15,4.22199999999998,0.000164,20.786,0.152,0.008,18.0,1.0,112.0,1.0,1.38375,1.42,11.5,0.08,4.05
3,6.94,128.0,145.0,182.0,123.0,0.98,5.392,75.640097,0.618049,453.65,1615.15,0.534,24.86,84.8,20.0,1.0,2.0,1.0,12.0,164.1125,1392.0,2.89,148.0,2.85
4,9.0121831,96.0,105.0,153.0,89.0,1.57,9.323,18.21115,-2.4,1560.15,2741.15,1.85,16.443,201.0,2.8,2.0,2.0,75.0,77.0,37.74,227.0,12.21,309.0,5.05
5,10.81,84.0,85.0,192.0,80.0,2.04,12.13,25.15483,0.279723,2350.15,4273.15,2.34,11.087,27.4,10.0,13.0,2.0,81.0,86.0,20.5,99.5,23.6,504.5,5.3
6,12.011,73.0,70.0,170.0,130.0,2.55,15.05,24.383143,1.262119,1193.15,4098.15,2.2,8.517,1.59,200.0,14.0,2.0,87.0,95.0,11.3,46.6,11.5,286.55,6.24
7,14.007,71.0,65.0,155.0,130.0,3.04,18.13,29.60125,-1.4,63.14999999999998,77.35499999999999,0.001145,29.124,0.026,19.0,15.0,2.0,93.0,100.0,7.4,24.2,11.5,286.55,6.86
8,15.999,66.0,60.0,152.0,130.0,3.44,21.36,35.12112,1.4611135,54.359999999999985,90.18799999999999,0.0013080000000000001,29.378,0.027,461000.0,16.0,2.0,99.0,101.0,5.3,15.6,11.5,286.55,4.05
9,18.998403163,56.99999999999999,50.0,147.0,130.0,3.98,24.8,34.97081,3.4011897000000006,53.47999999999999,85.03999999999996,0.001553,31.304,0.028,585.0,17.0,2.0,106.0,102.0,3.74,9.52,0.51,6.54,4.05
10,20.1797,57.99999999999999,160.0,154.0,130.0,1.7,28.31,40.96297,0.65612823,24.559999999999974,27.103999999999985,0.000825,20.786,33.0,0.005,18.0,2.0,113.0,2.0,2.6611,6.2,11.5,1.74,4.05
11,22.98976928,166.0,180.0,227.0,157.0,0.93,5.14,47.28636,0.547926,370.94399999999996,1156.0900000000001,0.97,28.23,142.0,23600.0,1.0,3.0,2.0,11.0,162.7,1518.0,2.64,97.9,2.7
12,24.305,141.0,150.0,173.0,136.0,1.31,7.646,15.035271,0.65612823,923.15,1363.15,1.74,24.869,156.0,23300.0,2.0,3.0,76.0,73.0,71.2,626.0,9.2,131.8,3.45
13,26.9815385,121.0,125.0,184.0,125.0,1.61,9.539,18.82855,0.43283,933.473,2792.15,2.7,24.2,237.0,82300.0,13.0,3.0,82.0,80.0,57.8,528.0,10.75,284.1,4.2
14,28.085,111.00000000000001,110.0,210.0,117.0,1.9,11.33,16.34585,1.3895211,1687.15,3538.15,2.3296,19.99,149.0,282000.0,14.0,3.0,88.0,85.0,37.3,305.0,50.6,383.0,4.7
15,30.973761998,107.0,100.0,180.0,110.0,2.19,13.33,19.76949,0.746607,317.29999999999995,553.65,1.823,23.824,33.0,1050.0,15.0,3.0,94.0,90.0,25.0,185.0,2.51,49.8,5.55
16,32.06,105.0,100.0,180.0,104.0,2.58,15.31,23.33788,2.07710403,368.34999999999997,717.76,2.07,22.7,0.27,350.0,16.0,3.0,100.0,94.0,19.4,134.0,1.23,10.5,4.05
17,35.45,102.0,100.0,175.0,130.0,3.16,16.97,23.81364,3.612725,171.64999999999998,239.10999999999999,0.002898,33.949,0.009,145.0,17.0,3.0,107.0,99.0,14.6,94.6,6.41,20.41,4.05
18,39.948,106.0,71.0,188.0,130.0,1.7,19.17,27.62967,-11.5,83.80999999999997,87.30199999999996,0.001633,20.786,0.0177,3.5,18.0,3.0,114.0,3.0,11.083,64.2,11.5,6.52,4.05
19,39.0983,202.99999999999997,220.0,275.0,203.0,0.82,4.34,31.625,0.50147,336.65,1032.15,0.89,29.6,79.0,20900.0,1.0,4.0,3.0,10.0,289.7,3923.0,102.5,2.33,2.25
20,40.078,176.0,180.0,231.0,174.0,1.0,6.1129999999999995,11.871719,0.02455,1115.15,1757.15,1.54,25.929,33.0,41500.0,2.0,4.0,7.0,16.0,160.8,2163.0,9.2,153.6,2.55
21,44.955908,170.0,160.0,215.0,144.0,1.36,7.042000000000001,12.79977,0.188,1814.15,3109.15,2.99,25.52,15.8,22.0,3.0,4.0,11.0,20.0,97.0,1383.0,15.8,332.7,3.25
22,47.867,160.0,140.0,211.0,132.0,1.54,8.17,13.5755,0.079,1943.15,3560.15,4.506,25.06,21.9,5650.0,4.0,4.0,43.0,51.0,87.0,1044.0,18.8,422.6,3.8
23,50.9415,153.0,135.0,206.99999999999997,122.0,1.63,9.062999999999999,14.634,0.525,2183.15,3680.15,6.0,24.89,30.7,120.0,5.0,4.0,47.0,54.0,87.0,832.0,17.5,460.0,4.25
24,51.9961,139.0,140.0,206.0,119.0,1.66,9.77,16.486305,0.6659999999999999,2180.15,2944.15,7.15,23.35,93.9,102.0,6.0,4.0,51.0,57.0,83.0,602.0,21.0,342.0,4.65
25,54.938044,150.0,140.0,204.99999999999997,118.0,1.55,10.34,15.63999,0.65612823,1519.15,2334.15,7.3,26.32,33.0,950.0,7.0,4.0,55.0,60.0,68.0,552.0,13.4,221.0,4.45
26,55.845,142.0,140.0,204.0,117.0,1.83,10.64,16.19921,0.151,1811.15,3134.15,7.87,25.1,80.4,56300.0,8.0,4.0,59.0,61.0,62.0,482.0,13.8,340.0,4.93
27,58.933194,138.0,135.0,200.0,116.0,1.88,10.86,17.0844,0.66225646,1768.15,3200.15,8.86,24.81,100.0,25.0,9.0,4.0,63.0,64.0,55.0,408.0,15.48,389.1,5.1
28,58.6934,124.0,135.0,197.0,115.0,1.91,11.13,18.168838,1.156,1728.15,3186.15,8.9,26.07,90.9,84.0,10.0,4.0,67.0,67.0,49.0,373.0,17.61,378.6,5.2
29,63.546,132.0,135.0,196.0,118.0,1.9,10.96,20.29239,1.235,1357.77,2833.15,8.96,24.44,401.0,60.0,11.0,4.0,71.0,72.0,46.5,253.0,13.01,304.6,4.45
30,65.38,122.0,135.0,200.99999999999997,121.0,1.65,9.395,17.96439,0.65612823,692.6769999999999,1180.15,7.134,25.39,116.0,70.0,12.0,4.0,77.0,76.0,38.67,284.0,7.28,114.8,4.1
31,69.723,122.0,130.0,187.0,125.0,1.81,10.39,20.51514,0.43,302.91459999999995,2502.15,5.91,26.03,28.1,19.0,13.0,4.0,83.0,81.0,50.0,498.0,5.59,270.3,4.1
32,72.63,120.0,125.0,211.0,124.0,2.01,11.8,15.93461,1.232712,1211.4,3106.15,5.3234,23.222,60.2,1.5,14.0,4.0,89.0,84.0,40.0,354.0,36.8,328.0,4.55
33,74.921595,119.0,115.0,185.0,121.0,2.18,13.08,18.5892,0.804,1090.15,889.15,5.75,24.64,33.0,1.8,15.0,4.0,95.0,89.0,30.0,246.0,11.5,32.4,4.8
34,78.971,120.0,115.0,190.0,117.0,2.55,14.34,21.196,2.02067,453.15,958.15,4.809,25.363,0.52,0.05,16.0,4.0,101.0,93.0,28.9,210.0,5.23,59.7,4.05
35,79.904,120.0,115.0,185.0,130.0,2.96,15.88,21.591,3.3635882000000006,265.95,331.95,3.1028,75.69,0.005,2.4,17.0,4.0,108.0,98.0,21.0,162.0,10.57,29.56,4.05
36,83.798,115.99999999999999,145.0,202.0,130.0,1.7,17.54,24.35984,0.65612823,115.77999999999997,119.73499999999999,0.0034249999999999997,20.786,0.0095,0.0001,18.0,4.0,115.0,4.0,16.78,130.0,11.5,9.05,4.05
37,85.4678,220.00000000000003,235.0,303.0,216.0,0.82,4.177,27.28954,0.48591999999999996,312.45,961.15,1.53,31.06,58.2,90.0,1.0,5.0,4.0,9.0,319.8,4769.0,2.2,75.8,2.1
38,87.62,195.0,200.0,249.00000000000003,191.0,0.95,5.695,11.0302765,0.048,1050.15,1650.15,2.64,26.79,33.0,370.0,2.0,5.0,8.0,15.0,197.2,3175.0,9.2,144.0,2.4
39,88.90584,190.0,180.0,231.99999999999997,162.0,1.22,6.631,12.2236,0.307,1795.15,3618.15,4.47,26.53,33.0,33.0,3.0,5.0,12.0,19.0,162.0,373.0,11.5,367.0,3.2
40,91.224,175.0,155.0,223.0,145.0,1.33,7.808,13.13,0.426,2127.15,4679.15,6.52,25.36,22.7,165.0,4.0,5.0,44.0,49.0,112.0,373.0,19.2,567.0,3.45
41,92.90637,164.0,145.0,218.00000000000003,134.0,1.6,8.34,14.32,0.917406,2750.15,5014.15,8.57,24.6,53.7,20.0,5.0,5.0,48.0,52.0,98.0,373.0,26.8,680.0,4.05
42,95.95,154.0,145.0,217.0,130.0,2.16,8.71,16.16,0.748,2895.15,4912.15,10.2,24.06,33.0,1.2,6.0,5.0,52.0,55.0,87.0,373.0,28.0,590.0,4.65
43,97.90721,147.0,135.0,216.0,127.0,2.1,8.94,15.26,0.55,2430.15,4535.15,11.0,25.86,50.6,3.35,7.0,5.0,56.0,58.0,79.0,373.0,23.8,585.0,5.3
44,101.07,146.0,130.0,213.0,125.0,2.2,9.1,16.76,1.05,2606.15,4420.15,12.1,24.06,117.0,0.001,8.0,5.0,60.0,63.0,72.0,373.0,25.5,286.55,5.4
45,102.9055,142.0,135.0,210.0,125.0,2.28,9.259,18.08,1.137,2236.15,3968.15,12.4,24.98,150.0,0.001,9.0,5.0,64.0,66.0,66.0,373.0,21.8,494.0,5.4
46,106.42,139.0,140.0,210.0,128.0,2.2,9.402000000000001,19.43,0.562,1827.9499999999998,3236.15,12.0,25.98,71.8,0.015,10.0,5.0,68.0,69.0,26.14,373.0,17.24,372.4,5.45
47,107.8682,145.0,160.0,211.0,134.0,1.93,11.05,21.4844,1.3019999999999998,1234.9299999999998,2435.15,10.5,25.35,429.0,0.075,11.0,5.0,72.0,71.0,55.0,373.0,11.95,254.1,4.35
48,112.414,144.0,155.0,218.00000000000003,138.0,1.69,8.995,16.908313,0.65612823,594.219,1040.15,8.69,26.02,96.9,0.15,12.0,5.0,78.0,75.0,46.0,373.0,6.11,59.1,4.05
49,114.818,142.0,155.0,193.0,142.0,1.78,9.793,18.87041,0.3,429.7485,2300.15,7.31,26.74,81.8,0.25,13.0,5.0,84.0,79.0,65.0,779.0,3.24,225.1,3.9
50,118.71,139.0,145.0,217.0,142.0,1.96,10.79,14.63307,1.112067,286.34999999999997,2859.15,7.287,26.99,66.8,2.3,14.0,5.0,90.0,83.0,53.0,659.0,7.07,296.0,4.15
51,121.76,139.0,145.0,206.0,139.0,2.05,11.74,16.626,1.046,903.778,1860.15,6.68,25.23,24.43,0.2,15.0,5.0,96.0,88.0,43.0,492.0,20.08,195.2,4.4
52,127.6,138.0,140.0,206.0,137.0,2.1,12.76,18.6,1.9708759999999999,722.66,1261.15,6.232,25.73,14.3,0.001,16.0,5.0,102.0,92.0,38.0,445.0,17.91,49.8,4.05
53,126.90447,139.0,140.0,198.0,130.0,2.66,13.95,19.13126,3.0590368,386.84999999999997,457.54999999999995,4.933,54.43,33.0,0.45,17.0,5.0,109.0,97.0,32.9,385.0,15.52,41.95,4.05
54,131.293,140.0,145.0,216.0,130.0,2.6,15.27,20.975,-0.055999999999999994,161.39999999999998,165.051,0.005365999999999999,20.786,0.0057,2.9999999999999997e-05,18.0,5.0,116.0,5.0,27.32,373.0,11.5,12.65,4.05
55,132.90545196,244.0,260.0,343.0,235.0,0.79,3.898,23.15745,0.47162600000000005,301.65,944.15,1.873,32.21,35.9,3.0,1.0,6.0,5.0,8.0,400.9,373.0,2.09,68.3,1.95
56,137.327,215.0,215.0,268.0,198.0,0.89,5.211,10.003826,0.14462,1000.15,2118.15,3.62,28.07,33.0,425.0,2.0,6.0,9.0,14.0,272.0,373.0,7.66,142.0,2.32
57,138.90547,206.99999999999997,195.0,243.00000000000003,169.0,1.1,10.39,11.18496,0.47,1193.15,3737.15,6.15,27.11,13.4,39.0,3.0,6.0,13.0,33.0,215.0,373.0,8.5,402.0,3.17
58,140.116,204.0,185.0,242.0,130.0,1.12,10.39,10.956,0.65,1072.15,3716.15,6.77,26.94,11.3,66.5,10.0,6.0,15.0,32.0,205.0,373.0,5.2,398.0,3.18
59,140.90766,202.99999999999997,185.0,240.0,130.0,1.13,10.39,10.631,0.9620000000000001,1204.15,3793.15,6.773,27.2,12.5,9.2,10.0,6.0,17.0,31.0,216.0,373.0,11.3,331.0,3.19
60,144.242,200.99999999999997,185.0,239.0,130.0,1.14,10.39,10.783,1.916,1289.15,3347.15,7.01,27.45,33.0,41.5,10.0,6.0,19.0,30.0,208.0,373.0,7.1,289.0,3.19
61,144.91276,199.0,185.0,238.0,130.0,1.7,10.39,10.938,0.65612823,1315.15,2766.65,7.26,25.86,17.9,3.35,10.0,6.0,21.0,29.0,200.0,373.0,11.5,286.55,3.19
62,150.36,198.0,185.0,236.0,130.0,1.17,10.39,11.078,0.65612823,1345.15,2067.15,7.52,29.54,33.0,7.05,10.0,6.0,23.0,28.0,192.0,373.0,8.9,165.0,3.2
63,151.964,198.0,185.0,235.0,130.0,1.7,10.39,11.24,0.8640000000000001,1095.15,1802.15,5.24,27.66,13.9,2.0,10.0,6.0,25.0,18.0,184.0,373.0,11.5,176.0,3.2
64,157.25,196.0,180.0,234.0,130.0,1.2,10.39,12.076,0.65612823,1586.15,3546.15,7.9,37.03,33.0,6.2,10.0,6.0,27.0,27.0,158.0,373.0,11.5,398.0,3.2
65,158.92535,194.0,175.0,233.0,130.0,1.7,10.39,11.513,1.165,1632.15,3503.15,8.23,28.91,11.1,1.2,10.0,6.0,29.0,26.0,170.0,373.0,11.5,389.0,3.21
66,162.5,192.0,175.0,231.0,130.0,1.22,10.39,11.647,0.35200000000000004,1685.15,2840.15,8.55,28.16,10.7,5.2,10.0,6.0,31.0,25.0,163.0,373.0,11.5,291.0,3.21
67,164.93033,192.0,175.0,229.99999999999997,130.0,1.23,10.39,11.781,0.65612823,1745.15,2973.15,8.8,27.15,33.0,1.3,10.0,6.0,33.0,24.0,165.0,373.0,11.5,301.0,3.22
68,167.259,189.0,175.0,229.0,130.0,1.24,10.39,11.916,0.65612823,1802.15,3141.15,9.07,28.12,33.0,3.5,10.0,6.0,35.0,23.0,150.0,373.0,11.5,317.0,3.22
69,168.93422,190.0,175.0,227.0,130.0,1.25,10.39,12.065,1.0290000000000001,1818.15,2223.15,9.321,27.03,33.0,0.52,10.0,6.0,37.0,22.0,144.0,373.0,11.5,232.0,3.22
70,173.045,187.0,175.0,225.99999999999997,130.0,1.7,10.39,12.179185,-0.02,1097.15,1469.15,6.9,26.74,33.0,3.2,10.0,6.0,39.0,17.0,139.0,373.0,3.35,159.0,3.22
71,174.9668,187.0,175.0,224.00000000000003,130.0,1.0,6.455,14.13,0.34,1936.15,3675.15,9.84,26.86,33.0,0.8,10.0,6.0,41.0,21.0,137.0,373.0,11.5,414.0,3.22
72,178.49,175.0,155.0,223.0,144.0,1.3,6.83,14.61,0.013999999999999999,2506.15,4873.15,13.3,25.73,23.0,3.0,4.0,6.0,45.0,50.0,103.0,373.0,25.1,575.0,3.6
73,180.94788,170.0,145.0,222.00000000000003,134.0,1.5,7.93,16.2,0.322,3290.15,5728.15,16.4,25.36,57.5,2.0,5.0,6.0,49.0,53.0,74.0,373.0,24.7,758.0,4.05
74,183.84,162.0,135.0,218.00000000000003,130.0,1.7,8.67,16.37,0.81626,3687.15,5828.15,19.3,24.27,173.0,1.25,6.0,6.0,53.0,56.0,68.0,373.0,35.0,824.0,4.8
75,186.207,151.0,135.0,216.0,128.0,1.9,9.46,16.6,0.15,3458.15,5863.15,20.8,25.48,48.0,0.0007,7.0,6.0,57.0,59.0,62.0,373.0,34.0,704.0,5.2
76,190.23,144.0,130.0,216.0,126.0,2.2,9.78,17.0,1.1,3306.15,5281.15,22.5872,24.7,33.0,0.0015,8.0,6.0,61.0,62.0,57.0,373.0,31.7,738.0,5.4
77,192.217,141.0,135.0,213.0,127.0,2.2,9.96,17.0,1.5638,2719.15,4701.15,22.5622,25.1,147.0,0.001,9.0,6.0,65.0,65.0,54.0,373.0,27.61,604.0,5.55
78,195.084,136.0,135.0,213.0,130.0,2.2,10.16,18.56,2.128,2041.35,4098.15,21.5,25.86,71.6,0.005,10.0,6.0,69.0,68.0,48.0,373.0,21.76,470.0,5.65
79,196.966569,136.0,135.0,214.0,134.0,2.4,11.33,20.203,2.30863,1337.33,3109.15,19.3,25.418,318.0,0.004,11.0,6.0,73.0,70.0,36.0,373.0,12.68,340.0,5.15
80,200.592,132.0,150.0,223.0,139.0,1.9,10.44,18.75688,0.65612823,234.32099999999997,629.769,13.5336,27.983,8.3,0.085,12.0,6.0,79.0,74.0,33.91,373.0,2.295,58.5,4.2
81,204.38,145.0,190.0,196.0,144.0,1.8,10.39,20.4283,0.377,577.15,1746.15,11.8,26.32,46.1,0.85,13.0,6.0,85.0,78.0,50.0,373.0,4.31,162.4,3.9
82,207.2,146.0,180.0,202.0,150.0,1.8,10.97,15.032499,0.35674316,600.612,2022.15,11.3,26.84,35.3,14.0,14.0,6.0,91.0,82.0,47.0,373.0,4.77,177.8,4.1
83,208.9804,148.0,160.0,206.99999999999997,151.0,1.9,11.9,16.703,0.942362,544.5519999999999,1837.15,9.79,25.52,7.9,0.0085,15.0,6.0,97.0,87.0,48.0,373.0,11.0,172.0,4.15
84,209.0,140.0,190.0,197.0,130.0,2.0,13.0,19.3,1.9,527.15,1235.15,9.2,25.86,33.0,2e-10,16.0,6.0,103.0,91.0,44.0,373.0,10.0,102.9,4.05
85,210.0,150.0,145.0,202.0,130.0,2.2,14.1,17.88,2.8,575.15,2766.65,7.0,25.86,33.0,3.35,17.0,6.0,110.0,96.0,42.0,373.0,11.5,286.55,4.05
86,222.0,150.0,145.0,220.00000000000003,130.0,1.7,15.4,18.99,0.65612823,202.14999999999998,211.45,0.009074,20.786,0.0036,4e-13,18.0,6.0,117.0,6.0,35.0,373.0,11.5,18.1,4.05
87,223.0,260.0,145.0,348.0,130.0,0.7,10.39,22.4,0.486,294.15,2766.65,1.87,25.86,33.0,3.35,1.0,7.0,6.0,7.0,317.8,373.0,15.0,286.55,4.05
88,226.0,221.0,215.0,283.0,130.0,0.9,10.39,10.14718,0.1,969.15,2766.65,5.0,25.86,33.0,9e-07,2.0,7.0,10.0,13.0,246.0,373.0,9.6,113.0,4.05
89,227.0,215.0,195.0,247.00000000000003,130.0,1.1,10.39,11.75,0.35,1323.15,3473.15,10.0,27.2,33.0,5.5e-10,3.0,7.0,14.0,48.0,203.0,373.0,10.5,292.9,4.05
90,232.0377,206.0,180.0,245.00000000000003,130.0,1.3,10.39,12.1,0.65612823,2023.15,5058.15,11.7,27.32,33.0,9.6,10.0,7.0,16.0,47.0,217.0,373.0,16.11,513.7,3.3
91,231.03588,200.0,180.0,243.00000000000003,130.0,1.5,10.39,11.9,0.65612823,1845.15,2766.65,15.4,25.86,33.0,1.4e-06,10.0,7.0,18.0,46.0,154.0,373.0,16.7,481.2,4.05
92,238.02891,196.0,175.0,241.0,130.0,1.7,10.39,11.6,0.65612823,1408.15,4404.15,19.1,27.665,27.5,2.7,10.0,7.0,20.0,45.0,129.0,373.0,12.6,417.0,3.9
93,237.0,190.0,175.0,239.0,130.0,1.3,10.39,11.5,0.65612823,917.15,2766.65,20.2,25.86,33.0,3.35,10.0,7.0,22.0,44.0,151.0,373.0,9.6,336.0,4.05
94,244.0,187.0,175.0,243.00000000000003,130.0,1.3,10.39,11.5,0.65612823,913.15,3501.15,19.7,25.86,33.0,3.35,10.0,7.0,24.0,43.0,132.0,373.0,2.8,343.5,3.8
95,243.0,180.0,175.0,244.0,130.0,1.7,10.39,11.7,0.65612823,1449.15,2766.65,12.0,25.86,33.0,3.35,10.0,7.0,26.0,42.0,131.0,373.0,10.0,238.5,4.05
96,247.0,169.0,145.0,245.00000000000003,130.0,1.7,10.39,12.4,0.65612823,1618.15,2766.65,13.51,25.86,33.0,3.35,10.0,7.0,28.0,41.0,144.0,373.0,11.5,286.55,4.05
97,247.0,146.5,145.0,244.0,130.0,1.7,10.39,11.9,0.65612823,1259.15,2766.65,14.78,25.86,33.0,3.35,10.0,7.0,30.0,40.0,125.0,373.0,11.5,286.55,4.05
98,251.0,146.5,145.0,245.00000000000003,130.0,1.7,10.39,12.0,0.65612823,1173.15,2766.65,15.1,25.86,33.0,3.35,10.0,7.0,32.0,39.0,122.0,373.0,11.5,286.55,4.05
99,252.0,146.5,145.0,245.00000000000003,130.0,1.7,10.39,12.2,0.65612823,1133.15,2766.65,8.84,25.86,33.0,3.35,10.0,7.0,34.0,38.0,118.0,373.0,11.5,286.55,4.05
100,257.0,146.5,145.0,245.00000000000003,130.0,1.7,10.39,12.4,0.65612823,1800.15,2766.65,9.7,25.86,33.0,3.35,10.0,7.0,36.0,37.0,113.0,373.0,11.5,286.55,4.05
101,258.0,146.5,145.0,246.0,130.0,1.7,10.39,12.4,0.65612823,1100.15,2766.65,10.3,25.86,33.0,3.35,10.0,7.0,38.0,36.0,109.0,373.0,11.5,286.55,4.05
102,259.0,146.5,145.0,246.0,130.0,1.7,10.39,12.93,0.65612823,1100.15,2766.65,9.9,25.86,33.0,3.35,10.0,7.0,40.0,35.0,110.0,373.0,11.5,286.55,4.05
103,262.0,146.5,145.0,246.0,130.0,1.7,10.39,14.54,0.65612823,1900.15,2766.65,15.6,25.86,33.0,3.35,10.0,7.0,42.0,34.0,320.0,373.0,11.5,286.55,4.05
