split,metric,n,zero_total_n,q50,q90,q99,threshold_train_p90,high_n,high_fraction
train,negative_mass_fraction,18706,7,4.738030238939275e-07,0.1292870151345376,0.40598276701327096,0.1292870151345376,1871.0,0.10002138351331123
train,peak_share,18706,7,0.15568580683868277,0.2713074708384434,0.42938314464937993,0.2713074708384434,1871.0,0.10002138351331123
train,uncovered_mass_fraction,18706,7,0.0,0.0,0.0,,,
valid,negative_mass_fraction,2313,1,4.437461719421345e-07,0.1259580378534988,0.41506294224198786,0.1292870151345376,226.0,0.09770860354517942
valid,peak_share,2313,1,0.15682481543939228,0.26702982576979845,0.42566673933861393,0.2713074708384434,213.0,0.09208819714656291
valid,uncovered_mass_fraction,2313,1,0.0,0.0,0.0,,,
test,negative_mass_fraction,2287,0,5.385349949263427e-07,0.13058152376385768,0.3797550802050197,0.1292870151345376,230.0,0.10056843025797989
test,peak_share,2287,0,0.15563634600932197,0.27037795871618514,0.40641756897174475,0.2713074708384434,226.0,0.09881941407958024
test,uncovered_mass_fraction,2287,0,0.0,0.0,0.0,,,
