arm,sample_index_a,sample_index_b,mpid_a,mpid_b,reduced_group,primary_valid,contrast_error_tv,target_tv,predicted_tv
control,1,415,mp-aaaaaack,mp-aaaaapxc,91:1,False,0.24823549545436682,0.24823549545436682,0.0
control,3,335,mp-aaaaaadn,mp-aaaaamuj,74:1,False,0.45761977000316784,0.45761977000316784,0.0
control,5,1477,mp-aaaaaaex,mp-aaacdlra,11:1,False,0.12126301538510734,0.12126301538510734,0.0
control,5,1480,mp-aaaaaaex,mp-aaacdmey,11:1,False,0.27177311323433845,0.27177311323433845,0.0
control,6,1701,mp-aaaaaaey,mp-aaacjluo,32:1,False,0.13966908361855856,0.1396690752366554,7.729977369308472e-08
control,6,1712,mp-aaaaaaey,mp-aaackcnn,32:1,False,0.1674934380447861,0.1674934428178143,6.810296326875687e-08
control,7,1662,mp-aaaaaafc,mp-aaaciohv,20:1,False,0.035240345244756555,0.03524032591299192,1.2721966413664632e-07
control,13,322,mp-aaaaaaol,mp-aaaaamaw,8:3|92:1,False,0.25719669758017183,0.2516589414508553,0.015279911480320152
control,17,123,mp-aaaaaapq,mp-aaaaadnw,48:1|52:1,False,0.3114024141887698,0.3586626676247856,0.06927001154451773
control,17,2255,mp-aaaaaapq,mp-aaacrurq,48:1|52:1,False,0.41458025127495385,0.4504607834419424,0.05310257502412696
control,19,1160,mp-aaaaaaqk,mp-aaabikvs,27:1|34:1,True,0.31933753596969855,0.3201232312371186,0.01694271306041628
control,21,1594,mp-aaaaaarg,mp-aaacfkss,7:1|27:1,True,0.4318510502299955,0.41879792429603235,0.07905980412033387
control,22,331,mp-aaaaaarv,mp-aaaaamne,9:1|19:1,True,0.41538273569536766,0.3948809219121052,0.030495513395358387
control,24,303,mp-aaaaaash,mp-aaaaaldm,15:1|50:1,False,0.1724250502022996,0.1551303663545155,0.04074677068274468
control,26,1564,mp-aaaaaasy,mp-aaacevrj,7:1|22:1,True,0.31619465084818715,0.3513358063777632,0.10649813723284751
control,26,1565,mp-aaaaaasy,mp-aaacevro,7:1|22:1,True,0.31430899183161354,0.3254918405728065,0.0635587731085252
control,41,48,mp-aaaaabfo,mp-aaaaabkv,34:1|80:1,True,0.25572947749292424,0.25324561111671595,0.18474578035238665
control,42,150,mp-aaaaabfy,mp-aaaaaeft,7:1|31:1,True,0.25865835980780094,0.2231739703833721,0.10799551031232113
control,49,151,mp-aaaaablb,mp-aaaaaefy,8:2|40:1,False,0.20370027369745178,0.2040464386525986,0.001855439301550632
control,49,1003,mp-aaaaablb,mp-aaabfrjx,8:2|40:1,False,0.21844900400064862,0.21678815719734457,0.009378944740319639
control,49,1271,mp-aaaaablb,mp-aaabqymn,8:2|40:1,False,0.26221526510160553,0.2621602390506613,0.001358112370184017
control,49,1276,mp-aaaaablb,mp-aaabqyzx,8:2|40:1,False,0.30430267936031574,0.3090851676083075,0.011475933001577232
control,49,1285,mp-aaaaablb,mp-aaabqzzr,8:2|40:1,False,0.26734905592256286,0.2669043730641194,0.00276528577299473
control,49,1286,mp-aaaaablb,mp-aaabraab,8:2|40:1,False,0.3593160515894197,0.3538508496329228,0.008396411237583834
control,52,500,mp-aaaaabnk,mp-aaaaatra,20:1|32:2,False,0.19093392491900385,0.19111112603546143,0.0022180351661518216
control,56,1605,mp-aaaaabpu,mp-aaacflvd,6:1|73:1,True,0.5111672792035178,0.5105544948272396,0.013747734832577407
control,56,1608,mp-aaaaabpu,mp-aaacflvs,6:1|73:1,True,0.3760231831292382,0.38384830462080993,0.04108670400455594
control,56,1609,mp-aaaaabpu,mp-aaacflvv,6:1|73:1,True,0.3779105840829211,0.4186349519658923,0.07860468502622098
control,59,1563,mp-aaaaabsu,mp-aaacevrh,6:1|90:1,True,0.3055331473591617,0.2911447976631991,0.1542845844924159
control,61,81,mp-aaaaabur,mp-aaaaacja,51:1|60:1,True,0.21185534857749772,0.28192653364538955,0.14041155157653407
control,62,487,mp-aaaaabvn,mp-aaaaasqk,22:1|77:1,True,0.2233469160842606,0.224035559046165,0.001976961502805352
control,69,90,mp-aaaaabze,mp-aaaaacnk,7:1|13:1,False,0.2937023321011678,0.2848278787021403,0.014326496617286466
control,72,147,mp-aaaaacbo,mp-aaaaaeda,15:2|30:1,True,0.2013555850391593,0.20102438042253518,0.002127488831320079
control,72,431,mp-aaaaacbo,mp-aaaaaqib,15:2|30:1,True,0.19496008819646835,0.1946210801545489,0.0017559064908709843
control,73,1103,mp-aaaaacbt,mp-aaabgjiv,37:2|52:1,False,0.45973280047142584,0.39380001827072153,0.10811185163156267
control,83,411,mp-aaaaackn,mp-aaaaaptb,50:1|51:1,True,0.21100661097813453,0.20786845503529644,0.04966767376754433
control,83,550,mp-aaaaackn,mp-aaaaayfl,50:1|51:1,True,0.3380850066374259,0.33744913600817733,0.025288576900493354
control,83,2187,mp-aaaaackn,mp-aaacrjdk,50:1|51:1,True,0.26740192399762686,0.2651675838376508,0.02764215529896319
control,83,2188,mp-aaaaackn,mp-aaacrjdo,50:1|51:1,True,0.15891284519970703,0.16021886756739653,0.015357707743532956
control,84,1635,mp-aaaaackw,mp-aaacfzcx,34:2|42:1,False,0.1996590592115266,0.1987407122956607,0.0065943626141233835
control,85,496,mp-aaaaaclb,mp-aaaaatlu,5:1|7:1,False,0.39409123289849635,0.34969743927547736,0.06355826782964868
control,85,1231,mp-aaaaaclb,mp-aaabmznt,5:1|7:1,False,0.3737439863049765,0.34351786361573694,0.042907385279249866
control,85,1656,mp-aaaaaclb,mp-aaaciimb,5:1|7:1,False,0.5156619663844401,0.5187358629750894,0.025533822987199528
control,92,1624,mp-aaaaacot,mp-aaacfydh,6:2|56:1,True,0.33928238606082184,0.3623963047334174,0.09744700224837288
control,96,1196,mp-aaaaacri,mp-aaabjzpz,16:2|41:1,False,0.3649818255831235,0.2835944526413895,0.19380360643845052
control,96,1547,mp-aaaaacri,mp-aaaceqby,16:2|41:1,False,0.2262557893164122,0.0897788212213334,0.1954208972165361
control,97,1651,mp-aaaaacrz,mp-aaachmwo,8:2|51:1,False,0.25137959582954605,0.27271850571882983,0.10419059928153729
control,120,1593,mp-aaaaadmk,mp-aaacfkpq,16:1|57:1,True,0.3510923061183466,0.3590046699234998,0.04248424235902348
control,123,2255,mp-aaaaadnw,mp-aaacrurq,48:1|52:1,False,0.33773597597129357,0.327199180762622,0.032095938249312894
control,129,1734,mp-aaaaadue,mp-aaackrdt,8:3|52:1,True,0.38441034514338257,0.3838822080307631,0.003883630910422653
control,129,2308,mp-aaaaadue,mp-aaadbsgu,8:3|52:1,True,0.42116340592807433,0.4273271050443075,0.10599006951815682
control,136,1610,mp-aaaaadxb,mp-aaacfmij,33:1|66:1,True,0.2984732949279313,0.3560253422661281,0.12108115543423992
control,137,313,mp-aaaaadxh,mp-aaaaalom,8:2|32:1,False,0.3798981630563529,0.44578301578158297,0.2115770554635219
control,137,423,mp-aaaaadxh,mp-aaaaaqdt,8:2|32:1,False,0.24175577043487828,0.24199351498121985,0.009337546830465726
control,139,2062,mp-aaaaadxz,mp-aaacptmt,9:3|59:1,True,0.31535046933606914,0.3156598967938766,0.0005197101710905372
control,141,695,mp-aaaaadyo,mp-aaaabhhi,24:1|51:2,True,0.26952637159210746,0.2702097787749127,0.0019903307547792792
control,143,1573,mp-aaaaadzx,mp-aaacewit,7:1|41:1,True,0.3353423833464172,0.3342520290817207,0.010398246347904205
control,143,1574,mp-aaaaadzx,mp-aaacewiv,7:1|41:1,True,0.2709777010003084,0.27204074658024846,0.009952615480870008
control,144,633,mp-aaaaaear,mp-aaaabdvt,8:3|58:2,True,0.916059257904198,0.32953387878953233,0.7829385490110781
control,146,975,mp-aaaaaebl,mp-aaabfobj,9:2|20:1,True,0.40427580344332925,0.3821782542652934,0.022479503970316728
control,147,431,mp-aaaaaeda,mp-aaaaaqib,15:2|30:1,True,0.051311290436556745,0.05131987839484792,0.00037394510582089424
control,151,1003,mp-aaaaaefy,mp-aaabfrjx,8:2|40:1,False,0.19185030062580205,0.1911383336889205,0.007929273658135116
control,151,1271,mp-aaaaaefy,mp-aaabqymn,8:2|40:1,False,0.2096031898033512,0.21009959372776693,0.0020816187325465307
control,151,1276,mp-aaaaaefy,mp-aaabqyzx,8:2|40:1,False,0.25799783540725346,0.261604512119026,0.012968418178559205
control,151,1285,mp-aaaaaefy,mp-aaabqzzr,8:2|40:1,False,0.23698995624384192,0.2365173486157445,0.0016238897355549398
control,151,1286,mp-aaaaaefy,mp-aaabraab,8:2|40:1,False,0.3253920979513373,0.32162208506603973,0.006703169561887989
control,158,1001,mp-aaaaaeoo,mp-aaabfray,8:4|16:1|20:1,False,0.16537078028085558,0.1557213906490409,0.02136203966635719
control,161,215,mp-aaaaaeqx,mp-aaaaahbm,8:4|11:2|16:1,True,0.26483175948931736,0.23425358580631803,0.05274201830997072
control,178,203,mp-aaaaafjm,mp-aaaaagmt,8:3|38:1|40:1,False,0.11624725389539194,0.11608758587344256,0.008163463337211851
control,182,1012,mp-aaaaafoh,mp-aaabfsib,9:4|13:1|81:1,False,0.13701941645455426,0.1326846541791388,0.02298698563518542
control,200,252,mp-aaaaaglc,mp-aaaaaiwf,8:4|67:1|73:1,True,0.12727336872189998,0.13034302892986555,0.01683890672431687
control,206,1065,mp-aaaaagsg,mp-aaabfxqw,8:4|14:1|48:2,True,0.35979223331436927,0.351683767493018,0.022022830009518657
control,242,332,mp-aaaaaikl,mp-aaaaamnj,8:4|16:1|48:1,True,0.2927294386704752,0.2681001414342209,0.06266558031259706
control,250,519,mp-aaaaaivg,mp-aaaaavce,8:6|20:3|92:1,True,0.2976388337315734,0.29668510574133733,0.010607653216538893
control,253,542,mp-aaaaaiyi,mp-aaaaaxlg,5:1|8:5|15:1|56:1,True,0.11449141944119595,0.11305270773587166,0.00986186097499342
control,266,477,mp-aaaaajuj,mp-aaaaasij,8:6|39:1|56:2|73:1,True,0.2348269715100363,0.22990245949545898,0.027712624678912334
control,280,352,mp-aaaaakkf,mp-aaaaanim,37:1|52:1|79:1,True,0.4330320651065772,0.4031644834226629,0.04229802406678118
control,282,1024,mp-aaaaakkp,mp-aaabftme,8:4|9:1|12:1|20:1|33:1,True,0.136488704821056,0.13014701867198045,0.02582075689457497
control,313,423,mp-aaaaalom,mp-aaaaaqdt,8:2|32:1,False,0.33841498867373326,0.38464219782102627,0.20553115395318855
control,365,1678,mp-aaaaanxd,mp-aaacizwf,29:1|32:1|67:1,True,0.23034654827214626,0.21693357558397916,0.025439029675908387
control,390,1603,mp-aaaaaovk,mp-aaacflsm,6:1|21:1,False,0.29735815649483255,0.3450705298133615,0.18305100735551605
control,411,550,mp-aaaaaptb,mp-aaaaayfl,50:1|51:1,True,0.3445013435394709,0.3441486433511701,0.02818992332322523
control,411,2187,mp-aaaaaptb,mp-aaacrjdk,50:1|51:1,True,0.24285176191303232,0.2360701500392962,0.026466787909157574
control,411,2188,mp-aaaaaptb,mp-aaacrjdo,50:1|51:1,True,0.15383676625966164,0.14961536881065168,0.0456435140222311
control,416,417,mp-aaaaapxo,mp-aaaaapxp,68:1,False,0.2460415812736521,0.2460415812736521,0.0
control,445,1658,mp-aaaaaqvf,mp-aaacikup,66:1|80:2,True,0.21993809227675593,0.21994332211867368,0.001765693537890911
control,453,1569,mp-aaaaarav,mp-aaacewci,28:3|41:1,False,0.2881763150609286,0.29660737070604304,0.02134789718547836
control,453,1575,mp-aaaaarav,mp-aaacewjq,28:3|41:1,False,0.2842607642543785,0.28252067104643336,0.020989428041502833
control,470,1267,mp-aaaaarxn,mp-aaabqydu,7:1,False,0.7765092806321108,0.7765094864398479,2.890064934035763e-07
control,470,1657,mp-aaaaarxn,mp-aaacijze,7:1,False,0.7981320665463738,0.7981321144822016,1.740627340041101e-07
control,473,508,mp-aaaaaseo,mp-aaaaaufo,8:7|38:2|73:2,True,0.16333681362071087,0.16378903600070627,0.02484176433100771
control,496,1231,mp-aaaaatlu,mp-aaabmznt,5:1|7:1,False,0.1453699967824223,0.13016117428943969,0.03629364832886495
control,496,1656,mp-aaaaatlu,mp-aaaciimb,5:1|7:1,False,0.36874533785625085,0.36393461377861047,0.07926706257057958
control,550,2187,mp-aaaaayfl,mp-aaacrjdk,50:1|51:1,True,0.25323896954673486,0.25139950090917,0.01861517148790881
control,550,2188,mp-aaaaayfl,mp-aaacrjdo,50:1|51:1,True,0.29159267813823203,0.29495830063280004,0.023802654643077403
control,558,585,mp-aaaaazcr,mp-aaaabaxv,8:5|14:1|71:2,True,0.2216288416818272,0.22108557855897593,0.008524542044852979
control,559,565,mp-aaaaazdk,mp-aaaaazqg,16:4|29:2|38:1|50:1,True,0.12136567697688158,0.11296793896032924,0.02741580743713712
control,596,614,mp-aaaabbsv,mp-aaaabcml,3:1|8:4|24:1|37:1,True,0.15123706696230949,0.14428111840074717,0.015469616711406786
control,605,615,mp-aaaabccn,mp-aaaabcod,8:4|23:1|71:1,True,0.32865584994291563,0.3675195100483431,0.1676528016381269
control,609,613,mp-aaaabcic,mp-aaaabcmb,8:3|28:1|56:1,True,0.02625537300381816,0.0035509661927665085,0.027335434817359783
control,619,1222,mp-aaaabdhr,mp-aaabmlfk,8:4|48:1|49:2,True,0.35664045629121316,0.37362948418035336,0.04590448195131103
control,622,917,mp-aaaabdji,mp-aaaacduk,34:2|51:1|81:1,False,0.19482563533542546,0.1963384458053243,0.012710129930383118
control,622,1732,mp-aaaabdji,mp-aaackqrs,34:2|51:1|81:1,False,0.21798962412869194,0.2174991349939731,0.0069728239250252955
control,627,661,mp-aaaabdrj,mp-aaaabfan,51:1|93:1,True,0.314551703364813,0.3379212970262495,0.06361610183103039
control,631,1754,mp-aaaabdvc,mp-aaackvxm,34:3|42:3|49:1,True,0.13527514033502896,0.13670543012529246,0.011519878054969013
control,653,2154,mp-aaaaberw,mp-aaacrdua,28:2|40:1|49:1,True,0.2551639494228429,0.2526635984914313,0.012581548711750656
control,683,1133,mp-aaaabgoh,mp-aaabglzu,7:3|11:1,True,0.17965100550790164,0.15014832406760525,0.0866167677176577
control,683,1661,mp-aaaabgoh,mp-aaaciofh,7:3|11:1,True,0.8591093223552217,0.8282140425271398,0.13545268717206227
control,689,2278,mp-aaaabgwl,mp-aaacrxgr,8:6|29:3|39:1|56:2,True,0.3053535726629794,0.2942395084025869,0.058455716469325125
control,693,1736,mp-aaaabhff,mp-aaackset,8:4|23:1|49:1,True,0.35357041800635547,0.4206529545911628,0.21012608379094644
control,700,1439,mp-aaaabhor,mp-aaaccspz,40:1|46:1|50:1,True,0.4626530048163652,0.4553408969798237,0.0274757951472111
control,703,969,mp-aaaabhra,mp-aaabfnma,8:8|15:2|82:3,False,0.12247371691226361,0.10517871868827984,0.05621398995246807
control,705,1153,mp-aaaabhvl,mp-aaabgqrh,17:1|55:1,True,0.4840152119498121,0.4406415199606883,0.2812640903005956
control,707,1881,mp-aaaabhwb,mp-aaacpglg,17:2|48:1,True,0.3863206403033509,0.3819711117944543,0.008105195988605374
control,708,1148,mp-aaaabhwi,mp-aaabgmxy,20:1|35:2,True,0.20472945447238874,0.20405990634168675,0.006900991505119691
control,709,1091,mp-aaaabhwo,mp-aaabghyv,47:1|53:1,False,0.3145469668155046,0.30961490706496964,0.017292693279273408
control,710,905,mp-aaaabhxh,mp-aaaabwqq,29:1|35:1,False,0.1744935211931839,0.17112969776212703,0.016702266402717214
control,710,1131,mp-aaaabhxh,mp-aaabglss,29:1|35:1,False,0.4493144079172319,0.45651650122676324,0.050634457445994485
control,714,733,mp-aaaabhzf,mp-aaaabiql,19:2|35:6|52:1,True,0.31130961891137965,0.29809653344518483,0.03474216704996991
control,722,1220,mp-aaaabicb,mp-aaabmkok,17:3|55:1|82:1,True,0.42756932634925676,0.3826665818530356,0.09906085554621313
control,724,1253,mp-aaaabidm,mp-aaabqvvp,8:1|9:1|83:1,False,0.3384944785728621,0.3188651644893863,0.051150197745073456
control,724,1257,mp-aaaabidm,mp-aaabqwuk,8:1|9:1|83:1,False,0.24295478452760494,0.23277324891178716,0.030515133480093937
control,724,1294,mp-aaaabidm,mp-aaabrgch,8:1|9:1|83:1,False,0.36968060156996774,0.3465583698263862,0.05070182646153398
control,724,2306,mp-aaaabidm,mp-aaadbqhr,8:1|9:1|83:1,False,0.24898711766534434,0.23425353200737223,0.03336779322239636
control,726,951,mp-aaaabiel,mp-aaabexho,35:4|46:1|53:2|55:2,True,0.33586141121279756,0.34801223731146563,0.07234345066169823
control,732,1129,mp-aaaabipj,mp-aaabglro,35:6|37:2|52:1,True,0.2227344409965616,0.10697711135112238,0.1642653354110699
control,741,742,mp-aaaabjbz,mp-aaaabjca,1:2|12:1,False,0.3433337177944351,0.3496142443168948,0.009095125595194986
control,741,1106,mp-aaaabjbz,mp-aaabgjup,1:2|12:1,False,0.3156594221131125,0.31569544794403537,0.001801306087145349
control,742,1106,mp-aaaabjca,mp-aaabgjup,1:2|12:1,False,0.2274380119763959,0.23031204219516846,0.008919915126170963
control,743,1880,mp-aaaabjcb,mp-aaacpgks,1:2|20:1,False,0.4646955653156277,0.4649390105482547,0.0034034082636935636
control,744,1097,mp-aaaabjdu,mp-aaabgiwq,1:8|5:2|11:1|19:1,True,0.5137625403521786,0.3330109199996206,0.2635145449416143
control,744,1151,mp-aaaabjdu,mp-aaabgnhm,1:8|5:2|11:1|19:1,True,0.3985819475761676,0.3385029381244098,0.16263698445412444
control,748,1596,mp-aaaabjic,mp-aaacfkye,1:1|11:1,True,0.48337096636867427,0.5119062946127749,0.050679029084676586
control,754,1176,mp-aaaabjqa,mp-aaabjpon,1:3|8:3|39:1,True,0.22527264184330012,0.22000120161929268,0.04276197403435589
control,754,1177,mp-aaaabjqa,mp-aaabjpqc,1:3|8:3|39:1,True,0.2834217899314151,0.2804201173215514,0.024169391511996707
control,759,768,mp-aaaabjth,mp-aaaabkpa,1:2|22:1,True,0.20363441054737114,0.19874419909039867,0.03603901612223126
control,766,1587,mp-aaaabkmv,mp-aaacfjcy,1:1|24:1,False,0.2574488757087419,0.25715088458638996,0.008316359220771119
control,780,1098,mp-aaaabond,mp-aaabgjcc,50:1|53:3|55:1,False,0.44482158902967683,0.4858081608038257,0.07782817514873841
control,781,988,mp-aaaabonn,mp-aaabfpkq,9:13|11:5|40:2,True,0.3428350225803027,0.31837504277765505,0.0488941448091289
control,782,2165,mp-aaaabopi,mp-aaacrfps,52:2|81:1|83:1,True,0.3337391980833984,0.33843646688682394,0.07485397520940751
control,783,1671,mp-aaaabopk,mp-aaacitvy,17:1|40:1,True,0.3562101232426661,0.3444430857642944,0.028370599189656787
control,801,963,mp-aaaabpkj,mp-aaabfktk,8:1|17:1|39:1,True,0.34111624892781256,0.33810777808374015,0.013350808740369757
control,806,921,mp-aaaabppp,mp-aaabcsup,8:8|57:3|75:1,True,0.20255099082763792,0.18132272095186414,0.1641711059987756
control,878,1714,mp-aaaabtfk,mp-aaackgmi,27:1|41:1|50:1,True,0.5023743245753449,0.47958311049929314,0.0795490639138734
control,902,1132,mp-aaaabunh,mp-aaabglzk,3:2|31:1|77:1,True,0.3482083241850246,0.3512807058686933,0.02751751447794959
control,905,1131,mp-aaaabwqq,mp-aaabglss,29:1|35:1,False,0.38423525013335413,0.39113798322762683,0.056019592797383666
control,917,1732,mp-aaaacduk,mp-aaackqrs,34:2|51:1|81:1,False,0.12101327709980131,0.11788904501045924,0.015991057757673843
control,924,1126,mp-aaabctpe,mp-aaabglkm,35:1|79:1,True,0.28125245260424475,0.28131956142432085,0.0010662846761988476
control,932,1293,mp-aaabeebx,mp-aaabrert,5:8|8:1,True,0.1737963706285434,0.17331841008104,0.003291231347247958
control,936,1043,mp-aaabetxg,mp-aaabfvci,8:7|19:2|30:6,True,0.12408427417456944,0.12352149658071916,0.006189719827943918
control,945,1127,mp-aaabevqu,mp-aaabglld,7:1|35:1|40:1,True,0.2818154019528425,0.2720724484991075,0.021794571194504897
control,967,2305,mp-aaabfnlm,mp-aaadbigz,16:1|29:2,False,0.29558739115316846,0.29488250572183594,0.0031189174915198237
control,973,2163,mp-aaabfnzq,mp-aaacrfpo,16:2|81:1|83:1,True,0.23208314145600611,0.28935735915465766,0.1062763631271082
control,1003,1271,mp-aaabfrjx,mp-aaabqymn,8:2|40:1,False,0.24913735341502985,0.2499861778450104,0.00934998258068731
control,1003,1276,mp-aaabfrjx,mp-aaabqyzx,8:2|40:1,False,0.25375631478038385,0.2582360281177108,0.020804278332207105
control,1003,1285,mp-aaabfrjx,mp-aaabqzzr,8:2|40:1,False,0.2386822255933381,0.23896479384430291,0.006620949910342233
control,1003,1286,mp-aaabfrjx,mp-aaabraab,8:2|40:1,False,0.31261344907598276,0.3125865278531229,0.0033270363008455206
control,1036,1254,mp-aaabfusr,mp-aaabqvzq,8:2|9:2|19:1|53:1,True,0.44374866922349027,0.4332653411337909,0.04673660005937563
control,1081,2266,mp-aaabghhq,mp-aaacrvob,52:1|83:1,False,0.21751831491569365,0.21486116580018944,0.07160821657816996
control,1081,2268,mp-aaabghhq,mp-aaacrvpj,52:1|83:1,False,0.14906285711814082,0.14384087899571601,0.02787718325816968
control,1082,1083,mp-aaabghje,mp-aaabghks,48:1|53:2,False,0.05516476641892171,0.05518888019398973,0.000261338550558321
control,1082,1085,mp-aaabghje,mp-aaabghmh,48:1|53:2,False,0.22472665818202944,0.22486350571112115,0.00030238735504894976
control,1082,1135,mp-aaabghje,mp-aaabgmcr,48:1|53:2,False,0.33410982455814675,0.3343129942285533,0.00046246645329262037
control,1082,1136,mp-aaabghje,mp-aaabgmex,48:1|53:2,False,0.049616283752706686,0.049458161701829845,0.0006012250756128878
control,1082,1138,mp-aaabghje,mp-aaabgmfv,48:1|53:2,False,0.04653324569945958,0.04650918647094171,0.000764531428039561
control,1082,1140,mp-aaabghje,mp-aaabgmjd,48:1|53:2,False,0.3549477047245033,0.354933702182167,0.0001165547989714355
control,1082,1143,mp-aaabghje,mp-aaabgmna,48:1|53:2,False,0.04149512673502467,0.04144481284010158,0.0008778002857212641
control,1082,1145,mp-aaabghje,mp-aaabgmpf,48:1|53:2,False,0.0665644409785495,0.06654933154606033,0.00026506875720855305
control,1083,1085,mp-aaabghks,mp-aaabghmh,48:1|53:2,False,0.21722290542883832,0.21728428999787502,0.00014563268861422785
control,1083,1135,mp-aaabghks,mp-aaabgmcr,48:1|53:2,False,0.3287467438854794,0.3288964201094988,0.00037344955845952654
control,1083,1136,mp-aaabghks,mp-aaabgmex,48:1|53:2,False,0.05820541478944476,0.058063097784529685,0.0005203644993656553
control,1083,1138,mp-aaabghks,mp-aaabgmfv,48:1|53:2,False,0.0651175116353104,0.06524252197879817,0.0008491927808265132
control,1083,1140,mp-aaabghks,mp-aaabgmjd,48:1|53:2,False,0.3467495043992248,0.3466744127219006,0.0002724983853497065
control,1083,1143,mp-aaabghks,mp-aaabgmna,48:1|53:2,False,0.05631570292170439,0.05618411116810394,0.0008569635167106071
control,1083,1145,mp-aaabghks,mp-aaabgmpf,48:1|53:2,False,0.05923826983859892,0.059232754542384,0.00038175592535338865
control,1085,1135,mp-aaabghmh,mp-aaabgmcr,48:1|53:2,False,0.13813020601591056,0.13820065187759858,0.0002516641322429791
control,1085,1136,mp-aaabghmh,mp-aaabgmex,48:1|53:2,False,0.22919422669930067,0.22906021926945097,0.0004029474374220854
control,1085,1138,mp-aaabghmh,mp-aaabgmfv,48:1|53:2,False,0.22452347956021834,0.22495743235359777,0.0009394293635054396
control,1085,1140,mp-aaabghmh,mp-aaabgmjd,48:1|53:2,False,0.15607588498114622,0.1559276613167141,0.0003175005403406317
control,1085,1143,mp-aaabghmh,mp-aaabgmna,48:1|53:2,False,0.21986539860228066,0.21943245767899117,0.0007805030575553928
control,1085,1145,mp-aaabghmh,mp-aaabgmpf,48:1|53:2,False,0.24157947292926502,0.24165189742877907,0.0003617945070786277
control,1097,1151,mp-aaabgiwq,mp-aaabgnhm,1:8|5:2|11:1|19:1,True,0.5779982447434096,0.32937012414252204,0.3747652100183956
control,1100,1676,mp-aaabgjfs,mp-aaacizqa,20:1|47:1|83:1,True,0.3055382379375536,0.30404197284417267,0.0390316480106776
control,1133,1661,mp-aaabglzu,mp-aaaciofh,7:3|11:1,True,0.8058562813221655,0.81629292201207,0.07769398650111725
control,1135,1136,mp-aaabgmcr,mp-aaabgmex,48:1|53:2,False,0.340110270360945,0.3400234675063555,0.00018005467058657132
control,1135,1138,mp-aaabgmcr,mp-aaabgmfv,48:1|53:2,False,0.3353609574855161,0.3359234117646783,0.0011244449171101678
control,1135,1140,mp-aaabgmcr,mp-aaabgmjd,48:1|53:2,False,0.06934048539015217,0.06919392445292752,0.0005005995542717301
control,1135,1143,mp-aaabgmcr,mp-aaabgmna,48:1|53:2,False,0.3250970119400083,0.3247095406882028,0.0006477177037496062
control,1135,1145,mp-aaabgmcr,mp-aaabgmpf,48:1|53:2,False,0.3438429303413838,0.3439458005460406,0.0004331303717464152
control,1136,1138,mp-aaabgmex,mp-aaabgmfv,48:1|53:2,False,0.04922348595699433,0.049146332816174684,0.001292097630631872
control,1136,1140,mp-aaabgmex,mp-aaabgmjd,48:1|53:2,False,0.3618679217940399,0.36152934582537766,0.0006601146002864766
control,1136,1143,mp-aaabgmex,mp-aaabgmna,48:1|53:2,False,0.04106945704750169,0.04082130150569967,0.0005304689828733444
control,1136,1145,mp-aaabgmex,mp-aaabgmpf,48:1|53:2,False,0.048345693938914205,0.04831451188673254,0.0005211999270287038
control,1137,1141,mp-aaabgmfn,mp-aaabgmmc,17:1|47:1,False,0.1825062422610653,0.18502434067853493,0.04431734242825769
control,1138,1140,mp-aaabgmfv,mp-aaabgmjd,48:1|53:2,False,0.3547193867267649,0.35506206761559983,0.0007704133528676493
control,1138,1143,mp-aaabgmfv,mp-aaabgmna,48:1|53:2,False,0.054043008500601473,0.054076700344922395,0.0016317542176196298
control,1138,1145,mp-aaabgmfv,mp-aaabgmpf,48:1|53:2,False,0.06311022501314872,0.06308616577905574,0.001001418131309606
control,1140,1143,mp-aaabgmjd,mp-aaabgmna,48:1|53:2,False,0.3455878051986585,0.34498643627852177,0.0008835589617532946
control,1140,1145,mp-aaabgmjd,mp-aaabgmpf,48:1|53:2,False,0.36457948163081705,0.36444673476004136,0.00028414639379548134
control,1143,1145,mp-aaabgmna,mp-aaabgmpf,48:1|53:2,False,0.05638821463755903,0.05640383574686674,0.0006737913648109384
control,1152,1170,mp-aaabgnpf,mp-aaabjnrk,48:1|53:2,False,0.07896734339321625,0.07852703022152126,0.0018730314016792704
control,1159,1205,mp-aaabifhc,mp-aaabkkjv,53:1,True,0.3007869454161069,0.3007869454161069,0.0
control,1159,1227,mp-aaabifhc,mp-aaabmyvf,53:1,True,0.36983488343106896,0.36983488343106896,0.0
control,1159,1875,mp-aaabifhc,mp-aaacpfaj,53:1,True,0.21656450800770344,0.21656450800770344,0.0
control,1171,1173,mp-aaabjpdq,mp-aaabjpec,1:3|8:3|57:1,True,0.37222075725119874,0.32856308929170625,0.07326781913388913
control,1171,1178,mp-aaabjpdq,mp-aaabjpqr,1:3|8:3|57:1,True,0.360253783112753,0.36272610435847985,0.023264914920943625
control,1172,1174,mp-aaabjpdy,mp-aaabjpef,1:3|8:3|62:1,True,0.2609563097025846,0.2599292975743839,0.021649468521154347
control,1173,1178,mp-aaabjpec,mp-aaabjpqr,1:3|8:3|57:1,True,0.22231299394382376,0.17938171779646406,0.09220491241306661
control,1176,1177,mp-aaabjpon,mp-aaabjpqc,1:3|8:3|39:1,True,0.239260688606102,0.23377374243834653,0.03356797352546437
control,1180,1261,mp-aaabjqgt,mp-aaabqxon,1:1|8:2|39:1,False,0.4138413203289124,0.4433531227886665,0.06478705688292052
control,1180,1300,mp-aaabjqgt,mp-aaabrslj,1:1|8:2|39:1,False,0.3137370997692036,0.31921935042104777,0.038193529054723285
control,1182,1215,mp-aaabjxil,mp-aaablhrd,34:1|35:6|82:4,True,0.15044616337653194,0.14971307010298662,0.007844634465541844
control,1196,1547,mp-aaabjzpz,mp-aaaceqby,16:2|41:1,False,0.2767937762207475,0.27639692770999247,0.007154661463573575
control,1205,1227,mp-aaabkkjv,mp-aaabmyvf,53:1,True,0.2961082587091096,0.2961082587091096,0.0
control,1205,1875,mp-aaabkkjv,mp-aaacpfaj,53:1,True,0.28885040258159866,0.28885040258159866,0.0
control,1227,1875,mp-aaabmyvf,mp-aaacpfaj,53:1,True,0.36585318992965965,0.36585318992965965,0.0
control,1231,1656,mp-aaabmznt,mp-aaaciimb,5:1|7:1,False,0.3587344109981787,0.35633334982148035,0.05777830450460897
control,1243,1664,mp-aaabocjt,mp-aaacioqq,8:1|29:1,False,0.1247521983445084,0.12456250076757075,0.0042676631710492074
control,1251,1282,mp-aaabqvjp,mp-aaabqzsf,8:1|35:1|67:1,True,0.28823511633477844,0.27391894834987773,0.05258488161967989
control,1252,1281,mp-aaabqvna,mp-aaabqzry,8:4|56:1|57:2,True,0.33777243216548186,0.2979023705997975,0.05097850264726134
control,1253,1257,mp-aaabqvvp,mp-aaabqwuk,8:1|9:1|83:1,False,0.2298629427208902,0.22280650681923125,0.04545955266416968
control,1253,1294,mp-aaabqvvp,mp-aaabrgch,8:1|9:1|83:1,False,0.2868675241626202,0.28583749623813604,0.015733559078569215
control,1253,2306,mp-aaabqvvp,mp-aaadbqhr,8:1|9:1|83:1,False,0.23427907629490885,0.22735691351711845,0.037708053556798404
control,1257,1294,mp-aaabqwuk,mp-aaabrgch,8:1|9:1|83:1,False,0.2746330906679231,0.2688259493434686,0.038762899186110644
control,1257,2306,mp-aaabqwuk,mp-aaadbqhr,8:1|9:1|83:1,False,0.11777605337192304,0.11389947216983083,0.016066815075419072
control,1261,1300,mp-aaabqxon,mp-aaabrslj,1:1|8:2|39:1,False,0.31608237361479696,0.32415991188254273,0.08093534648068612
control,1263,1277,mp-aaabqxwl,mp-aaabqzeu,8:3|69:1|83:1,True,0.3416277204779582,0.3417564582196197,0.007027226513173446
control,1266,1870,mp-aaabqyan,mp-aaacpbhw,8:4|20:1|69:2,True,0.2532196857076851,0.23821343209717244,0.04005611904629802
control,1267,1657,mp-aaabqydu,mp-aaacijze,7:1,False,0.3260068467038071,0.3260068912617715,2.735196176217869e-07
control,1268,2310,mp-aaabqyji,mp-aaadbwea,8:3|52:1,True,0.31220362725597095,0.312110751821226,0.002271343910251744
control,1269,1287,mp-aaabqyjn,mp-aaabraav,4:2|8:3|11:2,True,0.37788342586621615,0.3767745780125556,0.016084871437215043
control,1271,1276,mp-aaabqymn,mp-aaabqyzx,8:2|40:1,False,0.2778155657746909,0.2773234265108666,0.01147576537047712
control,1271,1285,mp-aaabqymn,mp-aaabqzzr,8:2|40:1,False,0.2587644547437889,0.258992410360895,0.002797213459757586
control,1271,1286,mp-aaabqymn,mp-aaabraab,8:2|40:1,False,0.33197672825225977,0.32759832637103325,0.008438129116171922
control,1276,1285,mp-aaabqyzx,mp-aaabqzzr,8:2|40:1,False,0.2748957097226754,0.2780919540541935,0.014226321199231506
control,1276,1286,mp-aaabqyzx,mp-aaabraab,8:2|40:1,False,0.32169323134409156,0.31055641771035364,0.01951689980126048
control,1285,1286,mp-aaabqzzr,mp-aaabraab,8:2|40:1,False,0.34687681034834483,0.3432086948376177,0.00577516129018818
control,1289,1291,mp-aaabrbfg,mp-aaabrbhu,8:4|38:1|71:2,True,0.22970210472853073,0.23801311812290618,0.023283062190003534
control,1294,2306,mp-aaabrgch,mp-aaadbqhr,8:1|9:1|83:1,False,0.2567417679672761,0.2587355892354046,0.026351397812788946
control,1307,1308,mp-aaabrxxa,mp-aaabrxye,17:12|56:3|57:2,True,0.3771954400222983,0.3753723565165218,0.017553311481812273
control,1311,2167,mp-aaabsaua,mp-aaacrfuf,8:4|22:1|50:1,True,0.2937598652285662,0.29721546937198595,0.026305925438464328
control,1334,2185,mp-aaabxcgp,mp-aaacrivk,38:2|78:1|79:1,True,0.35342809959306704,0.34858296840682,0.11082573493695236
control,1353,2076,mp-aaabxdbo,mp-aaacpxdi,8:9|11:3|15:2|23:1,True,0.516137728591808,0.4226240706059119,0.15775877912113856
control,1413,1414,mp-aaabxihe,mp-aaabxihf,16:4|20:2|50:1,False,0.42873783035537644,0.4751425114790614,0.06496882700071183
control,1413,1419,mp-aaabxihe,mp-aaabxile,16:4|20:2|50:1,False,0.3325781641972384,0.33621517423689395,0.02327329531703981
control,1414,1419,mp-aaabxihf,mp-aaabxile,16:4|20:2|50:1,False,0.4536185080034619,0.48534180225731294,0.04701755255700846
control,1415,1416,mp-aaabxihm,mp-aaabxiht,16:3|20:1|50:1,False,0.5362443183482484,0.5294712920255906,0.05493690846924437
control,1415,1417,mp-aaabxihm,mp-aaabxiif,16:3|20:1|50:1,False,0.3184410822073082,0.30743591407030046,0.031557279156913864
control,1415,1418,mp-aaabxihm,mp-aaabxiik,16:3|20:1|50:1,False,0.3476698022326778,0.348277790277653,0.03461031977531093
control,1416,1417,mp-aaabxiht,mp-aaabxiif,16:3|20:1|50:1,False,0.4018078472818053,0.41448306434620885,0.036836212218986475
control,1416,1418,mp-aaabxiht,mp-aaabxiik,16:3|20:1|50:1,False,0.3607686986560215,0.3585786135623108,0.029709410080613452
control,1417,1418,mp-aaabxiif,mp-aaabxiik,16:3|20:1|50:1,False,0.19717547270481714,0.2022279226962024,0.018279293541127117
control,1444,1446,mp-aaacdhpy,mp-aaacdhqh,1:1|81:3,True,0.13540606740931982,0.13564982837540362,0.011171717545948923
control,1450,1451,mp-aaacdicq,mp-aaacdide,39:3|65:1,True,0.07872180746000655,0.07884787360452385,0.004205264354823157
control,1465,2017,mp-aaacdjyo,mp-aaacpnvc,46:3|51:1,True,0.2644403105264865,0.2647391952813416,0.016473203781060874
control,1474,2221,mp-aaacdllt,mp-aaacrqlo,44:1|77:1,True,0.21969314428872036,0.21892517130327893,0.00412404554663226
control,1475,2016,mp-aaacdlmc,mp-aaacpnuc,75:3|77:1,True,0.19747145122376225,0.1974228575370845,0.011570382630452514
control,1477,1480,mp-aaacdlra,mp-aaacdmey,11:1,False,0.26928224250895005,0.26928224250895005,0.0
control,1479,2014,mp-aaacdmah,mp-aaacpnsz,37:3|38:1,True,0.26621924195595803,0.2643199489699618,0.009142873054457823
control,1479,2015,mp-aaacdmah,mp-aaacpntf,37:3|38:1,True,0.18350902290226567,0.18008316138086597,0.0205998552580553
control,1481,1482,mp-aaacdmka,mp-aaacdmke,13:1|37:3,True,0.20125239297646597,0.19612466590333966,0.013638370371268138
control,1496,1987,mp-aaacdpji,mp-aaacpmmq,11:3|20:1,True,0.26595495586491213,0.2646770682609129,0.006651495938569951
control,1520,1873,mp-aaacdvzs,mp-aaacpdll,59:1,False,0.2590664311059123,0.25906639444503354,1.0680111017791205e-07
control,1536,1545,mp-aaacehuq,mp-aaacehzi,7:3|57:1|74:1,False,0.3566990374492261,0.3627023374240688,0.044949712935704156
control,1537,1540,mp-aaacehva,mp-aaacehvs,7:3|42:1|57:1,True,0.3478249144154882,0.3401338454286096,0.06985168305800471
control,1537,1543,mp-aaacehva,mp-aaacehxr,7:3|42:1|57:1,True,0.20618158299627376,0.19522263775210041,0.025016198444063775
control,1540,1543,mp-aaacehvs,mp-aaacehxr,7:3|42:1|57:1,True,0.33227711598857246,0.3266389918330318,0.0484060021390178
control,1550,1551,mp-aaacesuv,mp-aaacesuy,8:2|47:1|83:1,False,0.27439344140980526,0.28206539723358015,0.02352940966375172
control,1550,1552,mp-aaacesuv,mp-aaacesuz,8:2|47:1|83:1,False,0.24938049035334856,0.24464210021446872,0.026288850291166455
control,1550,1553,mp-aaacesuv,mp-aaacesva,8:2|47:1|83:1,False,0.26046014140570684,0.270386016994004,0.01689146494027227
control,1551,1552,mp-aaacesuy,mp-aaacesuz,8:2|47:1|83:1,False,0.17448050120772698,0.17021585780365645,0.017833978141425177
control,1551,1553,mp-aaacesuy,mp-aaacesva,8:2|47:1|83:1,False,0.19801648280972778,0.1962797379029243,0.014416695281397551
control,1552,1553,mp-aaacesuz,mp-aaacesva,8:2|47:1|83:1,False,0.1768436581727363,0.16879110351092197,0.021844356990186498
control,1564,1565,mp-aaacevrj,mp-aaacevro,7:1|22:1,True,0.41802992190361477,0.4319366920327544,0.12512353490456007
control,1567,1568,mp-aaacevyk,mp-aaacevzp,7:1|43:1,False,0.29725415290798085,0.29738605757941516,0.0039706165553070605
control,1569,1575,mp-aaacewci,mp-aaacewjq,28:3|41:1,False,0.29357314398183,0.30211534566974485,0.0316405285266228
control,1573,1574,mp-aaacewit,mp-aaacewiv,7:1|41:1,True,0.29241612188503124,0.2954763594057409,0.012885809410363436
control,1576,1577,mp-aaacewkg,mp-aaacewki,28:1|41:3,True,0.23433850144923296,0.20976028165029267,0.06132547448214609
control,1576,1578,mp-aaacewkg,mp-aaacewlx,28:1|41:3,True,0.1614758954774715,0.15897803521881293,0.030329760629683733
control,1577,1578,mp-aaacewki,mp-aaacewlx,28:1|41:3,True,0.2324818811795893,0.20949779609770244,0.04527918739768211
control,1599,1600,mp-aaacflit,mp-aaacfliu,7:1|76:1,False,0.2578013378240677,0.28512313790523547,0.06289244908839464
control,1601,1602,mp-aaacflkf,mp-aaacflkk,6:1|46:1,True,0.37714113442251795,0.3771221814246497,0.040191553765907884
control,1605,1608,mp-aaacflvd,mp-aaacflvs,6:1|73:1,True,0.4193162444964186,0.3979319968176179,0.03834021033253521
control,1605,1609,mp-aaacflvd,mp-aaacflvv,6:1|73:1,True,0.31910810692267066,0.2897840284114271,0.07584733539260924
control,1608,1609,mp-aaacflvs,mp-aaacflvv,6:1|73:1,True,0.3195699711202966,0.3340508155498535,0.04945318016689271
control,1612,1614,mp-aaacfrkc,mp-aaacfrox,15:1|33:1|56:3,True,0.19486275413858645,0.1939499793845646,0.019682143748411818
control,1613,1721,mp-aaacfrmg,mp-aaackkou,15:1|20:3|33:1,True,0.2577851778988207,0.24599665689069913,0.029658827875891802
control,1618,1674,mp-aaacfxgo,mp-aaacixnk,4:3|7:2,False,0.15685247412313866,0.14237410325997135,0.03870987676054938
control,1632,1641,mp-aaacfyzs,mp-aaacgifi,29:1|50:1|67:1,True,0.22699145346717997,0.24439168961370453,0.038815344061731594
control,1652,1654,mp-aaachpay,mp-aaachpmb,8:4|20:1|29:2,True,0.30737728483826626,0.3111070060978942,0.023176721049821936
control,1682,2116,mp-aaacjizl,mp-aaacqrsl,9:6|19:1|37:2|49:1,True,0.4717531269831588,0.49390541752925865,0.10960617407285334
control,1693,1704,mp-aaacjkla,mp-aaacjmhs,13:1|78:3,False,0.10482466918061872,0.09957085403964605,0.015403792262077332
control,1701,1712,mp-aaacjluo,mp-aaackcnn,32:1,False,0.1924660983722395,0.19246609220222743,6.949994713068008e-08
control,1710,2104,mp-aaacjwim,mp-aaacqqtc,28:1|33:2|68:2,True,0.241812652126788,0.2409111336117835,0.004734789104986703
control,1723,1961,mp-aaackkua,mp-aaacpknt,80:1,False,0.278987589239806,0.27898761520042276,1.2188684195280075e-07
control,1734,2308,mp-aaackrdt,mp-aaadbsgu,8:3|52:1,True,0.5030675435183903,0.5039814742709687,0.10676825920381816
control,1898,1900,mp-aaacpimc,mp-aaacpine,20:1|56:3,False,0.22260748597413618,0.22263495586026252,0.005129193867148274
control,1913,2273,mp-aaacpiul,mp-aaacrwde,20:2|49:1|81:1,True,0.10315523975976283,0.1015539555762607,0.01633385513559915
control,1923,1926,mp-aaacpjdv,mp-aaacpjfv,58:3|72:1,True,0.1402437137011568,0.13052867339561858,0.026537965060924762
control,1929,1935,mp-aaacpjkj,mp-aaacpjnc,37:3|55:1,True,0.13030691160107416,0.13030232171137715,0.005641279350101058
control,1929,1983,mp-aaacpjkj,mp-aaacplul,37:3|55:1,True,0.21033751205218781,0.21015203991169687,0.0026263846849872152
control,1935,1983,mp-aaacpjnc,mp-aaacplul,37:3|55:1,True,0.17763036032785273,0.1777938118459006,0.0034556202800786195
control,1948,1950,mp-aaacpjve,mp-aaacpjwj,31:3|47:1,False,0.20129755508387037,0.2012391992410889,0.029370125848799944
control,1965,1966,mp-aaacpksy,mp-aaacpkuv,11:1|19:3,True,0.17917096894944803,0.17967997079804343,0.005068582023909585
control,1972,1973,mp-aaacplab,mp-aaacplad,19:3|30:1,True,0.18654551272804892,0.18539629262890006,0.005538775915624683
control,1972,1974,mp-aaacplab,mp-aaacplcr,19:3|30:1,True,0.20034678826099284,0.19961784251486908,0.005721278618921133
control,1973,1974,mp-aaacplad,mp-aaacplcr,19:3|30:1,True,0.136844034021337,0.13677805949167807,0.002950266759967235
control,1990,1992,mp-aaacpmst,mp-aaacpmte,11:1|39:3,True,0.2544417087178125,0.2572295764552551,0.019704502148670144
control,2005,2006,mp-aaacpnjt,mp-aaacpnka,61:1|62:3,True,0.11634594509136183,0.11582971298151101,0.0038147830277921457
control,2014,2015,mp-aaacpnsz,mp-aaacpntf,37:3|38:1,True,0.2509063104197712,0.24977153597760418,0.012557369211762648
control,2029,2176,mp-aaacpohf,mp-aaacrhqo,73:1|76:3,True,0.2564721989493068,0.2564017570858072,0.006896721548400819
control,2031,2033,mp-aaacpojp,mp-aaacpoka,21:1|65:3,True,0.23373047546425263,0.23369777824296656,0.0005988971379338182
control,2105,2238,mp-aaacqqvv,mp-aaacrrgz,32:2|52:5|83:2,True,0.21445118412912156,0.21907740024015243,0.026376623165560886
control,2109,2210,mp-aaacqrfe,mp-aaacrohn,3:1|79:1,True,0.21335003482698886,0.21128835010893993,0.01611222542123869
control,2146,2279,mp-aaacrcsv,mp-aaacrxju,8:6|29:3|56:2|59:1,True,0.29574355263146146,0.30340952917645925,0.03937579566263594
control,2187,2188,mp-aaacrjdk,mp-aaacrjdo,50:1|51:1,True,0.21148092105544325,0.2180444345362894,0.01936204021330923
control,2200,2201,mp-aaacrlum,mp-aaacrluo,11:1|16:2|57:1,True,0.3291473357003899,0.47422223137379166,0.28687226996882487
control,2203,2204,mp-aaacrmas,mp-aaacrmax,11:1|34:2|51:1,True,0.33755851233393974,0.31623088657683474,0.08059663182271493
control,2229,2239,mp-aaacrqxu,mp-aaacrrqx,16:3|29:3|67:1,True,0.38310089539155656,0.3964665258276476,0.037891756186581915
control,2266,2268,mp-aaacrvob,mp-aaacrvpj,52:1|83:1,False,0.2212219163280823,0.22051162803696506,0.047153923644145834
candidate,1,415,mp-aaaaaack,mp-aaaaapxc,91:1,False,0.24823549545436682,0.24823549545436682,0.0
candidate,3,335,mp-aaaaaadn,mp-aaaaamuj,74:1,False,0.45761977000316784,0.45761977000316784,0.0
candidate,5,1477,mp-aaaaaaex,mp-aaacdlra,11:1,False,0.12126301538510734,0.12126301538510734,0.0
candidate,5,1480,mp-aaaaaaex,mp-aaacdmey,11:1,False,0.27177311323433845,0.27177311323433845,0.0
candidate,6,1701,mp-aaaaaaey,mp-aaacjluo,32:1,False,0.13966906813532076,0.1396690752366554,8.323695510625839e-08
candidate,6,1712,mp-aaaaaaey,mp-aaackcnn,32:1,False,0.16749343175835874,0.1674934428178143,8.556526154279709e-08
candidate,7,1662,mp-aaaaaafc,mp-aaaciohv,20:1,False,0.03524031978561243,0.03524032591299192,1.0017436125053791e-07
candidate,13,322,mp-aaaaaaol,mp-aaaaamaw,8:3|92:1,False,0.25903754459929645,0.2516589414508553,0.021556461790169124
candidate,17,123,mp-aaaaaapq,mp-aaaaadnw,48:1|52:1,False,0.3149181132568786,0.3586626676247856,0.06787583422487842
candidate,17,2255,mp-aaaaaapq,mp-aaacrurq,48:1|52:1,False,0.40799633233312543,0.4504607834419424,0.05956046460119069
candidate,19,1160,mp-aaaaaaqk,mp-aaabikvs,27:1|34:1,True,0.31670882643449677,0.3201232312371186,0.021116647014423506
candidate,21,1594,mp-aaaaaarg,mp-aaacfkss,7:1|27:1,True,0.43071425451728773,0.41879792429603235,0.0691209495998919
candidate,22,331,mp-aaaaaarv,mp-aaaaamne,9:1|19:1,True,0.40649094229348814,0.3948809219121052,0.020843415484748107
candidate,24,303,mp-aaaaaash,mp-aaaaaldm,15:1|50:1,False,0.16860348723639126,0.1551303663545155,0.03366254980210215
candidate,26,1564,mp-aaaaaasy,mp-aaacevrj,7:1|22:1,True,0.31689684071184665,0.3513358063777632,0.09291302133351564
candidate,26,1565,mp-aaaaaasy,mp-aaacevro,7:1|22:1,True,0.3157054852578444,0.3254918405728065,0.0668677520006895
candidate,41,48,mp-aaaaabfo,mp-aaaaabkv,34:1|80:1,True,0.2481464782653423,0.25324561111671595,0.18593513987070764
candidate,42,150,mp-aaaaabfy,mp-aaaaaeft,7:1|31:1,True,0.25504612589793046,0.2231739703833721,0.10085009675822221
candidate,49,151,mp-aaaaablb,mp-aaaaaefy,8:2|40:1,False,0.2037292542282518,0.2040464386525986,0.0040400357150076616
candidate,49,1003,mp-aaaaablb,mp-aaabfrjx,8:2|40:1,False,0.21901610537689667,0.21678815719734457,0.01123790368325217
candidate,49,1271,mp-aaaaablb,mp-aaabqymn,8:2|40:1,False,0.26213219564020884,0.2621602390506613,0.0013598264268921412
candidate,49,1276,mp-aaaaablb,mp-aaabqyzx,8:2|40:1,False,0.30375230630130223,0.3090851676083075,0.012817521665795084
candidate,49,1285,mp-aaaaablb,mp-aaabqzzr,8:2|40:1,False,0.2677169294905015,0.2669043730641194,0.004162261516313492
candidate,49,1286,mp-aaaaablb,mp-aaabraab,8:2|40:1,False,0.3603693499334809,0.3538508496329228,0.009990023660179759
candidate,52,500,mp-aaaaabnk,mp-aaaaatra,20:1|32:2,False,0.19093972548703686,0.19111112603546143,0.0024090418010018766
candidate,56,1605,mp-aaaaabpu,mp-aaacflvd,6:1|73:1,True,0.5118471002459515,0.5105544948272396,0.015343515668064356
candidate,56,1608,mp-aaaaabpu,mp-aaacflvs,6:1|73:1,True,0.37800979033994886,0.38384830462080993,0.03813592065125704
candidate,56,1609,mp-aaaaabpu,mp-aaacflvv,6:1|73:1,True,0.37790632617289016,0.4186349519658923,0.08224086195696145
candidate,59,1563,mp-aaaaabsu,mp-aaacevrh,6:1|90:1,True,0.3035186576755624,0.2911447976631991,0.1556973788938194
candidate,61,81,mp-aaaaabur,mp-aaaaacja,51:1|60:1,True,0.20694938448059827,0.28192653364538955,0.15175701042062428
candidate,62,487,mp-aaaaabvn,mp-aaaaasqk,22:1|77:1,True,0.22349067946066048,0.224035559046165,0.0016985023394227028
candidate,69,90,mp-aaaaabze,mp-aaaaacnk,7:1|13:1,False,0.2933568175614367,0.2848278787021403,0.014925749545000144
candidate,72,147,mp-aaaaacbo,mp-aaaaaeda,15:2|30:1,True,0.20152918955699972,0.20102438042253518,0.0026214442750642775
candidate,72,431,mp-aaaaacbo,mp-aaaaaqib,15:2|30:1,True,0.19512305061312094,0.1946210801545489,0.0022324212950479705
candidate,73,1103,mp-aaaaacbt,mp-aaabgjiv,37:2|52:1,False,0.43626625336036984,0.39380001827072153,0.06575144377069364
candidate,83,411,mp-aaaaackn,mp-aaaaaptb,50:1|51:1,True,0.21178089244069073,0.20786845503529644,0.049050090252421796
candidate,83,550,mp-aaaaackn,mp-aaaaayfl,50:1|51:1,True,0.33890620462496,0.33744913600817733,0.02640347258420661
candidate,83,2187,mp-aaaaackn,mp-aaacrjdk,50:1|51:1,True,0.2679655899959198,0.2651675838376508,0.027219915122259408
candidate,83,2188,mp-aaaaackn,mp-aaacrjdo,50:1|51:1,True,0.1590396385624396,0.16021886756739653,0.015011243638582528
candidate,84,1635,mp-aaaaackw,mp-aaacfzcx,34:2|42:1,False,0.19937080569970056,0.1987407122956607,0.005975980337098008
candidate,85,496,mp-aaaaaclb,mp-aaaaatlu,5:1|7:1,False,0.3865410854273036,0.34969743927547736,0.05495571327628568
candidate,85,1231,mp-aaaaaclb,mp-aaabmznt,5:1|7:1,False,0.36800317862951104,0.34351786361573694,0.037532240807195194
candidate,85,1656,mp-aaaaaclb,mp-aaaciimb,5:1|7:1,False,0.5147252487672892,0.5187358629750894,0.024744843165535713
candidate,92,1624,mp-aaaaacot,mp-aaacfydh,6:2|56:1,True,0.3422795591733019,0.3623963047334174,0.0988502095133299
candidate,96,1196,mp-aaaaacri,mp-aaabjzpz,16:2|41:1,False,0.3621351405009866,0.2835944526413895,0.19057993148453534
candidate,96,1547,mp-aaaaacri,mp-aaaceqby,16:2|41:1,False,0.22763695156874517,0.0897788212213334,0.1959420086350292
candidate,97,1651,mp-aaaaacrz,mp-aaachmwo,8:2|51:1,False,0.24668242155033215,0.27271850571882983,0.11511897068794497
candidate,120,1593,mp-aaaaadmk,mp-aaacfkpq,16:1|57:1,True,0.3514046520714873,0.3590046699234998,0.03671626547475171
candidate,123,2255,mp-aaaaadnw,mp-aaacrurq,48:1|52:1,False,0.332376112004827,0.327199180762622,0.027347326415565476
candidate,129,1734,mp-aaaaadue,mp-aaackrdt,8:3|52:1,True,0.3838773189077388,0.3838822080307631,0.002878547296859324
candidate,129,2308,mp-aaaaadue,mp-aaadbsgu,8:3|52:1,True,0.4163784343125369,0.4273271050443075,0.1061349880801572
candidate,136,1610,mp-aaaaadxb,mp-aaacfmij,33:1|66:1,True,0.3076363869034885,0.3560253422661281,0.09936633010420337
candidate,137,313,mp-aaaaadxh,mp-aaaaalom,8:2|32:1,False,0.37723051608737956,0.44578301578158297,0.2080572331616395
candidate,137,423,mp-aaaaadxh,mp-aaaaaqdt,8:2|32:1,False,0.2416847851632337,0.24199351498121985,0.009810237284909817
candidate,139,2062,mp-aaaaadxz,mp-aaacptmt,9:3|59:1,True,0.3154099909753558,0.3156598967938766,0.0004720940912079641
candidate,141,695,mp-aaaaadyo,mp-aaaabhhi,24:1|51:2,True,0.26979849579747417,0.2702097787749127,0.0015883699379628524
candidate,143,1573,mp-aaaaadzx,mp-aaacewit,7:1|41:1,True,0.33860406324185766,0.3342520290817207,0.013821591739542782
candidate,143,1574,mp-aaaaadzx,mp-aaacewiv,7:1|41:1,True,0.2712475777933353,0.27204074658024846,0.0062546697445213795
candidate,144,633,mp-aaaaaear,mp-aaaabdvt,8:3|58:2,True,0.8752864930990782,0.32953387878953233,0.7313009608110406
candidate,146,975,mp-aaaaaebl,mp-aaabfobj,9:2|20:1,True,0.39177906823208575,0.3821782542652934,0.010119875025338843
candidate,147,431,mp-aaaaaeda,mp-aaaaaqib,15:2|30:1,True,0.051314770085069183,0.05131987839484792,0.0003899701350746909
candidate,151,1003,mp-aaaaaefy,mp-aaabfrjx,8:2|40:1,False,0.19167727738424384,0.1911383336889205,0.00745260177151863
candidate,151,1271,mp-aaaaaefy,mp-aaabqymn,8:2|40:1,False,0.20872223947853813,0.21009959372776693,0.004179854305590425
candidate,151,1276,mp-aaaaaefy,mp-aaabqyzx,8:2|40:1,False,0.2570563776446034,0.261604512119026,0.016560807394938593
candidate,151,1285,mp-aaaaaefy,mp-aaabqzzr,8:2|40:1,False,0.23677097069373612,0.2365173486157445,0.0011949230755021745
candidate,151,1286,mp-aaaaaefy,mp-aaabraab,8:2|40:1,False,0.3250572053631947,0.32162208506603973,0.005993264106592733
candidate,158,1001,mp-aaaaaeoo,mp-aaabfray,8:4|16:1|20:1,False,0.16573048548151204,0.1557213906490409,0.023811976923809652
candidate,161,215,mp-aaaaaeqx,mp-aaaaahbm,8:4|11:2|16:1,True,0.2581415011265999,0.23425358580631803,0.04667331380574069
candidate,178,203,mp-aaaaafjm,mp-aaaaagmt,8:3|38:1|40:1,False,0.11591081714477681,0.11608758587344256,0.006671887639527085
candidate,182,1012,mp-aaaaafoh,mp-aaabfsib,9:4|13:1|81:1,False,0.13568445784556707,0.1326846541791388,0.022366034735085805
candidate,200,252,mp-aaaaaglc,mp-aaaaaiwf,8:4|67:1|73:1,True,0.1269769879787948,0.13034302892986555,0.016067594697787513
candidate,206,1065,mp-aaaaagsg,mp-aaabfxqw,8:4|14:1|48:2,True,0.35923025750220516,0.351683767493018,0.020155791305569437
candidate,242,332,mp-aaaaaikl,mp-aaaaamnj,8:4|16:1|48:1,True,0.29588399426923656,0.2681001414342209,0.06457185252403974
candidate,250,519,mp-aaaaaivg,mp-aaaaavce,8:6|20:3|92:1,True,0.2996815055753834,0.29668510574133733,0.0161343563348737
candidate,253,542,mp-aaaaaiyi,mp-aaaaaxlg,5:1|8:5|15:1|56:1,True,0.11431309348578039,0.11305270773587166,0.0091792586286914
candidate,266,477,mp-aaaaajuj,mp-aaaaasij,8:6|39:1|56:2|73:1,True,0.23179426900971747,0.22990245949545898,0.024865646511216255
candidate,280,352,mp-aaaaakkf,mp-aaaaanim,37:1|52:1|79:1,True,0.43541541980616605,0.4031644834226629,0.04707065516657849
candidate,282,1024,mp-aaaaakkp,mp-aaabftme,8:4|9:1|12:1|20:1|33:1,True,0.13645831709429868,0.13014701867198045,0.02835012411030391
candidate,313,423,mp-aaaaalom,mp-aaaaaqdt,8:2|32:1,False,0.3379546016484056,0.38464219782102627,0.20029337187781948
candidate,365,1678,mp-aaaaanxd,mp-aaacizwf,29:1|32:1|67:1,True,0.22747812875456383,0.21693357558397916,0.024004646627872717
candidate,390,1603,mp-aaaaaovk,mp-aaacflsm,6:1|21:1,False,0.3005319689813254,0.3450705298133615,0.1959141532333888
candidate,411,550,mp-aaaaaptb,mp-aaaaayfl,50:1|51:1,True,0.34355067588158145,0.3441486433511701,0.02734980807872489
candidate,411,2187,mp-aaaaaptb,mp-aaacrjdk,50:1|51:1,True,0.24065348667615377,0.2360701500392962,0.025490868894848973
candidate,411,2188,mp-aaaaaptb,mp-aaacrjdo,50:1|51:1,True,0.15465037857204572,0.14961536881065168,0.046242903685197234
candidate,416,417,mp-aaaaapxo,mp-aaaaapxp,68:1,False,0.2460415812736521,0.2460415812736521,0.0
candidate,445,1658,mp-aaaaaqvf,mp-aaacikup,66:1|80:2,True,0.21998368214659786,0.21994332211867368,0.0018778902012854815
candidate,453,1569,mp-aaaaarav,mp-aaacewci,28:3|41:1,False,0.2896889652867058,0.29660737070604304,0.019198290770873427
candidate,453,1575,mp-aaaaarav,mp-aaacewjq,28:3|41:1,False,0.28255850915736064,0.28252067104643336,0.02470004139468074
candidate,470,1267,mp-aaaaarxn,mp-aaabqydu,7:1,False,0.7765095680806398,0.7765094864398479,2.045135261141695e-07
candidate,470,1657,mp-aaaaarxn,mp-aaacijze,7:1,False,0.7981322319825506,0.7981321144822016,2.503520590835251e-07
candidate,473,508,mp-aaaaaseo,mp-aaaaaufo,8:7|38:2|73:2,True,0.1625524423546109,0.16378903600070627,0.02109397514945499
candidate,496,1231,mp-aaaaatlu,mp-aaabmznt,5:1|7:1,False,0.14315053777583875,0.13016117428943969,0.03219049119798001
candidate,496,1656,mp-aaaaatlu,mp-aaaciimb,5:1|7:1,False,0.37676941483580806,0.36393461377861047,0.07176024662112468
candidate,550,2187,mp-aaaaayfl,mp-aaacrjdk,50:1|51:1,True,0.25412024883865125,0.25139950090917,0.01854706136509776
candidate,550,2188,mp-aaaaayfl,mp-aaacrjdo,50:1|51:1,True,0.29193646719044963,0.29495830063280004,0.026387346617411822
candidate,558,585,mp-aaaaazcr,mp-aaaabaxv,8:5|14:1|71:2,True,0.22236773714444516,0.22108557855897593,0.008846539397055153
candidate,559,565,mp-aaaaazdk,mp-aaaaazqg,16:4|29:2|38:1|50:1,True,0.11982861810820067,0.11296793896032924,0.024620485277409898
candidate,596,614,mp-aaaabbsv,mp-aaaabcml,3:1|8:4|24:1|37:1,True,0.1504874438698805,0.14428111840074717,0.014784847801195156
candidate,605,615,mp-aaaabccn,mp-aaaabcod,8:4|23:1|71:1,True,0.3309053848855828,0.3675195100483431,0.16125930876557248
candidate,609,613,mp-aaaabcic,mp-aaaabcmb,8:3|28:1|56:1,True,0.02340799985898669,0.0035509661927665085,0.024507504975190386
candidate,619,1222,mp-aaaabdhr,mp-aaabmlfk,8:4|48:1|49:2,True,0.36307969332440476,0.37362948418035336,0.04265884984170043
candidate,622,917,mp-aaaabdji,mp-aaaacduk,34:2|51:1|81:1,False,0.19381047807941926,0.1963384458053243,0.01483936022304988
candidate,622,1732,mp-aaaabdji,mp-aaackqrs,34:2|51:1|81:1,False,0.2194299131687344,0.2174991349939731,0.009676930956629803
candidate,627,661,mp-aaaabdrj,mp-aaaabfan,51:1|93:1,True,0.3085514139912673,0.3379212970262495,0.0642665922462129
candidate,631,1754,mp-aaaabdvc,mp-aaackvxm,34:3|42:3|49:1,True,0.1357124176616959,0.13670543012529246,0.011203768197447062
candidate,653,2154,mp-aaaaberw,mp-aaacrdua,28:2|40:1|49:1,True,0.2549590652667238,0.2526635984914313,0.014773325528949499
candidate,683,1133,mp-aaaabgoh,mp-aaabglzu,7:3|11:1,True,0.17947276342136764,0.15014832406760525,0.08612141413897234
candidate,683,1661,mp-aaaabgoh,mp-aaaciofh,7:3|11:1,True,0.8544294554618103,0.8282140425271398,0.13072185731920172
candidate,689,2278,mp-aaaabgwl,mp-aaacrxgr,8:6|29:3|39:1|56:2,True,0.3064880397838047,0.2942395084025869,0.054888330574613065
candidate,693,1736,mp-aaaabhff,mp-aaackset,8:4|23:1|49:1,True,0.3508577468333589,0.4206529545911628,0.21767130816685665
candidate,700,1439,mp-aaaabhor,mp-aaaccspz,40:1|46:1|50:1,True,0.4578768039562867,0.4553408969798237,0.02567027395025434
candidate,703,969,mp-aaaabhra,mp-aaabfnma,8:8|15:2|82:3,False,0.11897738064310664,0.10517871868827984,0.05134965208662834
candidate,705,1153,mp-aaaabhvl,mp-aaabgqrh,17:1|55:1,True,0.48234805377323153,0.4406415199606883,0.30121366847820497
candidate,707,1881,mp-aaaabhwb,mp-aaacpglg,17:2|48:1,True,0.38921917508593895,0.3819711117944543,0.011611649020636605
candidate,708,1148,mp-aaaabhwi,mp-aaabgmxy,20:1|35:2,True,0.20485113528505725,0.20405990634168675,0.006002740220964142
candidate,709,1091,mp-aaaabhwo,mp-aaabghyv,47:1|53:1,False,0.3142369899687876,0.30961490706496964,0.015511235322705375
candidate,710,905,mp-aaaabhxh,mp-aaaabwqq,29:1|35:1,False,0.17663541098390267,0.17112969776212703,0.025289370823884383
candidate,710,1131,mp-aaaabhxh,mp-aaabglss,29:1|35:1,False,0.45120447867032376,0.45651650122676324,0.048507231560506625
candidate,714,733,mp-aaaabhzf,mp-aaaabiql,19:2|35:6|52:1,True,0.31170641659725995,0.29809653344518483,0.03599648417765877
candidate,722,1220,mp-aaaabicb,mp-aaabmkok,17:3|55:1|82:1,True,0.38964574869062274,0.3826665818530356,0.06200031207436041
candidate,724,1253,mp-aaaabidm,mp-aaabqvvp,8:1|9:1|83:1,False,0.33687800430786663,0.3188651644893863,0.049451289021703815
candidate,724,1257,mp-aaaabidm,mp-aaabqwuk,8:1|9:1|83:1,False,0.24413671091267392,0.23277324891178716,0.02764282191435541
candidate,724,1294,mp-aaaabidm,mp-aaabrgch,8:1|9:1|83:1,False,0.3662781816311137,0.3465583698263862,0.04689294909024966
candidate,724,2306,mp-aaaabidm,mp-aaadbqhr,8:1|9:1|83:1,False,0.2490850692108463,0.23425353200737223,0.033001214077103214
candidate,726,951,mp-aaaabiel,mp-aaabexho,35:4|46:1|53:2|55:2,True,0.33253818874057517,0.34801223731146563,0.07490731911730819
candidate,732,1129,mp-aaaabipj,mp-aaabglro,35:6|37:2|52:1,True,0.20928268246326576,0.10697711135112238,0.15523497451914636
candidate,741,742,mp-aaaabjbz,mp-aaaabjca,1:2|12:1,False,0.34305437595371147,0.3496142443168948,0.009313797558206716
candidate,741,1106,mp-aaaabjbz,mp-aaabgjup,1:2|12:1,False,0.31612772045848014,0.31569544794403537,0.002147022241842933
candidate,742,1106,mp-aaaabjca,mp-aaabgjup,1:2|12:1,False,0.22690247256132756,0.23031204219516846,0.00985497416149883
candidate,743,1880,mp-aaaabjcb,mp-aaacpgks,1:2|20:1,False,0.46580622353983414,0.4649390105482547,0.002107597407302819
candidate,744,1097,mp-aaaabjdu,mp-aaabgiwq,1:8|5:2|11:1|19:1,True,0.504008346728259,0.3330109199996206,0.2556268364263161
candidate,744,1151,mp-aaaabjdu,mp-aaabgnhm,1:8|5:2|11:1|19:1,True,0.3936853486416674,0.3385029381244098,0.15674343601202168
candidate,748,1596,mp-aaaabjic,mp-aaacfkye,1:1|11:1,True,0.48225079580213714,0.5119062946127749,0.054490987064127694
candidate,754,1176,mp-aaaabjqa,mp-aaabjpon,1:3|8:3|39:1,True,0.22263055507634555,0.22000120161929268,0.04031143716194663
candidate,754,1177,mp-aaaabjqa,mp-aaabjpqc,1:3|8:3|39:1,True,0.2859097466473468,0.2804201173215514,0.025295344119314223
candidate,759,768,mp-aaaabjth,mp-aaaabkpa,1:2|22:1,True,0.20203737016001944,0.19874419909039867,0.024260700884042308
candidate,766,1587,mp-aaaabkmv,mp-aaacfjcy,1:1|24:1,False,0.2587525772223877,0.25715088458638996,0.011530050658620894
candidate,780,1098,mp-aaaabond,mp-aaabgjcc,50:1|53:3|55:1,False,0.4574240479410012,0.4858081608038257,0.04532330471283785
candidate,781,988,mp-aaaabonn,mp-aaabfpkq,9:13|11:5|40:2,True,0.34213001901807844,0.31837504277765505,0.051042751566921396
candidate,782,2165,mp-aaaabopi,mp-aaacrfps,52:2|81:1|83:1,True,0.33201476586085327,0.33843646688682394,0.0770986886927858
candidate,783,1671,mp-aaaabopk,mp-aaacitvy,17:1|40:1,True,0.35434146324126325,0.3444430857642944,0.02358278706378769
candidate,801,963,mp-aaaabpkj,mp-aaabfktk,8:1|17:1|39:1,True,0.34487323710497864,0.33810777808374015,0.016130262750351676
candidate,806,921,mp-aaaabppp,mp-aaabcsup,8:8|57:3|75:1,True,0.18090940340043293,0.18132272095186414,0.1124901654166024
candidate,878,1714,mp-aaaabtfk,mp-aaackgmi,27:1|41:1|50:1,True,0.5020800966255647,0.47958311049929314,0.07840329467217089
candidate,902,1132,mp-aaaabunh,mp-aaabglzk,3:2|31:1|77:1,True,0.34921139258372214,0.3512807058686933,0.02201250841608271
candidate,905,1131,mp-aaaabwqq,mp-aaabglss,29:1|35:1,False,0.38850814256130806,0.39113798322762683,0.05377998295080033
candidate,917,1732,mp-aaaacduk,mp-aaackqrs,34:2|51:1|81:1,False,0.12152006721773576,0.11788904501045924,0.018375048026427976
candidate,924,1126,mp-aaabctpe,mp-aaabglkm,35:1|79:1,True,0.2812490120076158,0.28131956142432085,0.0010304707247996703
candidate,932,1293,mp-aaabeebx,mp-aaabrert,5:8|8:1,True,0.17384994193284978,0.17331841008104,0.0032219993881881237
candidate,936,1043,mp-aaabetxg,mp-aaabfvci,8:7|19:2|30:6,True,0.12373943939978785,0.12352149658071916,0.007202132955853813
candidate,945,1127,mp-aaabevqu,mp-aaabglld,7:1|35:1|40:1,True,0.2797721582794154,0.2720724484991075,0.018316700112450235
candidate,967,2305,mp-aaabfnlm,mp-aaadbigz,16:1|29:2,False,0.2953041810222944,0.29488250572183594,0.0026958745147567242
candidate,973,2163,mp-aaabfnzq,mp-aaacrfpo,16:2|81:1|83:1,True,0.22815738065917845,0.28935735915465766,0.11126108072130592
candidate,1003,1271,mp-aaabfrjx,mp-aaabqymn,8:2|40:1,False,0.24883721659717395,0.2499861778450104,0.011241446851101955
candidate,1003,1276,mp-aaabfrjx,mp-aaabqyzx,8:2|40:1,False,0.2525786651476284,0.2582360281177108,0.023942144671650567
candidate,1003,1285,mp-aaabfrjx,mp-aaabqzzr,8:2|40:1,False,0.2385034206576662,0.23896479384430291,0.007085801098099864
candidate,1003,1286,mp-aaabfrjx,mp-aaabraab,8:2|40:1,False,0.31230984981029086,0.3125865278531229,0.003220672530005686
candidate,1036,1254,mp-aaabfusr,mp-aaabqvzq,8:2|9:2|19:1|53:1,True,0.44564983032700023,0.4332653411337909,0.051715185383997664
candidate,1081,2266,mp-aaabghhq,mp-aaacrvob,52:1|83:1,False,0.21721984179571055,0.21486116580018944,0.07624439418759721
candidate,1081,2268,mp-aaabghhq,mp-aaacrvpj,52:1|83:1,False,0.1500338676859504,0.14384087899571601,0.030749302604817785
candidate,1082,1083,mp-aaabghje,mp-aaabghks,48:1|53:2,False,0.05519394046036569,0.05518888019398973,0.0002903408211949454
candidate,1082,1085,mp-aaabghje,mp-aaabghmh,48:1|53:2,False,0.22468065132756113,0.22486350571112115,0.0003197533959777843
candidate,1082,1135,mp-aaabghje,mp-aaabgmcr,48:1|53:2,False,0.33411772968093245,0.3343129942285533,0.0003949286869655566
candidate,1082,1136,mp-aaabghje,mp-aaabgmex,48:1|53:2,False,0.04966981950772867,0.049458161701829845,0.0008971994054221
candidate,1082,1138,mp-aaabghje,mp-aaabgmfv,48:1|53:2,False,0.04650721966129747,0.04650918647094171,0.0012117494673020701
candidate,1082,1140,mp-aaabghje,mp-aaabgmjd,48:1|53:2,False,0.35505014631930143,0.354933702182167,0.00026300528647027477
candidate,1082,1143,mp-aaabghje,mp-aaabgmna,48:1|53:2,False,0.041508917214360924,0.04144481284010158,0.0012262924987211932
candidate,1082,1145,mp-aaabghje,mp-aaabgmpf,48:1|53:2,False,0.06655631834096828,0.06654933154606033,0.00030383768739028483
candidate,1083,1085,mp-aaabghks,mp-aaabghmh,48:1|53:2,False,0.21708745250183376,0.21728428999787502,0.00036957242588897543
candidate,1083,1135,mp-aaabghks,mp-aaabgmcr,48:1|53:2,False,0.32865898279594785,0.3288964201094988,0.0004469451749926634
candidate,1083,1136,mp-aaabghks,mp-aaabgmex,48:1|53:2,False,0.05825290880594191,0.058063097784529685,0.0009630944053853341
candidate,1083,1138,mp-aaabghks,mp-aaabgmfv,48:1|53:2,False,0.06507412957404542,0.06524252197879817,0.001133511292735534
candidate,1083,1140,mp-aaabghks,mp-aaabgmjd,48:1|53:2,False,0.34673702993469147,0.3466744127219006,0.0004044432045020585
candidate,1083,1143,mp-aaabghks,mp-aaabgmna,48:1|53:2,False,0.05636426017159467,0.05618411116810394,0.0013820826025678912
candidate,1083,1145,mp-aaabghks,mp-aaabgmpf,48:1|53:2,False,0.05923730631083113,0.059232754542384,0.0005645350947034444
candidate,1085,1135,mp-aaabghmh,mp-aaabgmcr,48:1|53:2,False,0.13818529496866652,0.13820065187759858,0.0001426983045007546
candidate,1085,1136,mp-aaabghmh,mp-aaabgmex,48:1|53:2,False,0.2293303557430394,0.22906021926945097,0.0006271113556266528
candidate,1085,1138,mp-aaabghmh,mp-aaabgmfv,48:1|53:2,False,0.22425054008635892,0.22495743235359777,0.0014634046111936527
candidate,1085,1140,mp-aaabghmh,mp-aaabgmjd,48:1|53:2,False,0.15622085604661307,0.1559276613167141,0.0005435500938020255
candidate,1085,1143,mp-aaabghmh,mp-aaabgmna,48:1|53:2,False,0.2200436748044156,0.21943245767899117,0.0010394336572971952
candidate,1085,1145,mp-aaabghmh,mp-aaabgmpf,48:1|53:2,False,0.24151502249422457,0.24165189742877907,0.00038091227875725053
candidate,1097,1151,mp-aaabgiwq,mp-aaabgnhm,1:8|5:2|11:1|19:1,True,0.5624009872069489,0.32937012414252204,0.3555182453250012
candidate,1100,1676,mp-aaabgjfs,mp-aaacizqa,20:1|47:1|83:1,True,0.3044885870050459,0.30404197284417267,0.0306506523365897
candidate,1133,1661,mp-aaabglzu,mp-aaaciofh,7:3|11:1,True,0.8033920040276978,0.81629292201207,0.07698148085330558
candidate,1135,1136,mp-aaabgmcr,mp-aaabgmex,48:1|53:2,False,0.34031026627343375,0.3400234675063555,0.0005381962575796706
candidate,1135,1138,mp-aaabgmcr,mp-aaabgmfv,48:1|53:2,False,0.33510107669266964,0.3359234117646783,0.001503265488928207
candidate,1135,1140,mp-aaabgmcr,mp-aaabgmjd,48:1|53:2,False,0.06939011434929179,0.06919392445292752,0.0006414166778014874
candidate,1135,1143,mp-aaabgmcr,mp-aaabgmna,48:1|53:2,False,0.32535809263428805,0.3247095406882028,0.0010277606542672402
candidate,1135,1145,mp-aaabgmcr,mp-aaabgmpf,48:1|53:2,False,0.3438564451696803,0.3439458005460406,0.0004350616708848065
candidate,1136,1138,mp-aaabgmex,mp-aaabgmfv,48:1|53:2,False,0.04920632456217178,0.049146332816174684,0.0020346032542377657
candidate,1136,1140,mp-aaabgmex,mp-aaabgmjd,48:1|53:2,False,0.36216413362717104,0.36152934582537766,0.001137904312138005
candidate,1136,1143,mp-aaabgmex,mp-aaabgmna,48:1|53:2,False,0.04114806565306432,0.04082130150569967,0.0006503553765497827
candidate,1136,1145,mp-aaabgmex,mp-aaabgmpf,48:1|53:2,False,0.04835517758353937,0.04831451188673254,0.0008365696900938246
candidate,1137,1141,mp-aaabgmfn,mp-aaabgmmc,17:1|47:1,False,0.18398822221812217,0.18502434067853493,0.04215397522420972
candidate,1138,1140,mp-aaabgmfv,mp-aaabgmjd,48:1|53:2,False,0.3545308058851842,0.35506206761559983,0.0010975468337193206
candidate,1138,1143,mp-aaabgmfv,mp-aaabgmna,48:1|53:2,False,0.053956679207760004,0.054076700344922395,0.0024298878876365393
candidate,1138,1145,mp-aaabgmfv,mp-aaabgmpf,48:1|53:2,False,0.0630981518455595,0.06308616577905574,0.0014460429697393806
candidate,1140,1143,mp-aaabgmjd,mp-aaabgmna,48:1|53:2,False,0.3458983282636692,0.34498643627852177,0.0013654853109485998
candidate,1140,1145,mp-aaabgmjd,mp-aaabgmpf,48:1|53:2,False,0.3646556102753041,0.36444673476004136,0.00036720361257636114
candidate,1143,1145,mp-aaabgmna,mp-aaabgmpf,48:1|53:2,False,0.056371316887067736,0.05640383574686674,0.001026896118816012
candidate,1152,1170,mp-aaabgnpf,mp-aaabjnrk,48:1|53:2,False,0.07907901027954238,0.07852703022152126,0.0026730378024595325
candidate,1159,1205,mp-aaabifhc,mp-aaabkkjv,53:1,True,0.3007869454161069,0.3007869454161069,0.0
candidate,1159,1227,mp-aaabifhc,mp-aaabmyvf,53:1,True,0.36983488343106896,0.36983488343106896,0.0
candidate,1159,1875,mp-aaabifhc,mp-aaacpfaj,53:1,True,0.21656450800770344,0.21656450800770344,0.0
candidate,1171,1173,mp-aaabjpdq,mp-aaabjpec,1:3|8:3|57:1,True,0.3794161534164996,0.32856308929170625,0.08312948824614352
candidate,1171,1178,mp-aaabjpdq,mp-aaabjpqr,1:3|8:3|57:1,True,0.3580402740251709,0.36272610435847985,0.025788837948141463
candidate,1172,1174,mp-aaabjpdy,mp-aaabjpef,1:3|8:3|62:1,True,0.2601877220688161,0.2599292975743839,0.019777503862854928
candidate,1173,1178,mp-aaabjpec,mp-aaabjpqr,1:3|8:3|57:1,True,0.23521761470631153,0.17938171779646406,0.10406459695037995
candidate,1176,1177,mp-aaabjpon,mp-aaabjpqc,1:3|8:3|39:1,True,0.240647254431371,0.23377374243834653,0.030526142879310214
candidate,1180,1261,mp-aaabjqgt,mp-aaabqxon,1:1|8:2|39:1,False,0.416006177879253,0.4433531227886665,0.05600379368500796
candidate,1180,1300,mp-aaabjqgt,mp-aaabrslj,1:1|8:2|39:1,False,0.3154302199258743,0.31921935042104777,0.0401147267562294
candidate,1182,1215,mp-aaabjxil,mp-aaablhrd,34:1|35:6|82:4,True,0.15092395231931593,0.14971307010298662,0.008519741665040215
candidate,1196,1547,mp-aaabjzpz,mp-aaaceqby,16:2|41:1,False,0.2768641704703805,0.27639692770999247,0.00877846498042345
candidate,1205,1227,mp-aaabkkjv,mp-aaabmyvf,53:1,True,0.2961082587091096,0.2961082587091096,0.0
candidate,1205,1875,mp-aaabkkjv,mp-aaacpfaj,53:1,True,0.28885040258159866,0.28885040258159866,0.0
candidate,1227,1875,mp-aaabmyvf,mp-aaacpfaj,53:1,True,0.36585318992965965,0.36585318992965965,0.0
candidate,1231,1656,mp-aaabmznt,mp-aaaciimb,5:1|7:1,False,0.3629400017803772,0.35633334982148035,0.05326454223904875
candidate,1243,1664,mp-aaabocjt,mp-aaacioqq,8:1|29:1,False,0.12463981648242081,0.12456250076757075,0.011018773715477437
candidate,1251,1282,mp-aaabqvjp,mp-aaabqzsf,8:1|35:1|67:1,True,0.28545264257593667,0.27391894834987773,0.05270780825748034
candidate,1252,1281,mp-aaabqvna,mp-aaabqzry,8:4|56:1|57:2,True,0.33650718314937444,0.2979023705997975,0.05159869767342684
candidate,1253,1257,mp-aaabqvvp,mp-aaabqwuk,8:1|9:1|83:1,False,0.23115536919720164,0.22280650681923125,0.04303103322899915
candidate,1253,1294,mp-aaabqvvp,mp-aaabrgch,8:1|9:1|83:1,False,0.2875082521456884,0.28583749623813604,0.01423854274327141
candidate,1253,2306,mp-aaabqvvp,mp-aaadbqhr,8:1|9:1|83:1,False,0.23509069609531064,0.22735691351711845,0.033848108100187346
candidate,1257,1294,mp-aaabqwuk,mp-aaabrgch,8:1|9:1|83:1,False,0.2721981506071545,0.2688259493434686,0.034566507428337445
candidate,1257,2306,mp-aaabqwuk,mp-aaadbqhr,8:1|9:1|83:1,False,0.11853479229721964,0.11389947216983083,0.016978030133145694
candidate,1261,1300,mp-aaabqxon,mp-aaabrslj,1:1|8:2|39:1,False,0.31819160334787655,0.32415991188254273,0.07318135840138495
candidate,1263,1277,mp-aaabqxwl,mp-aaabqzeu,8:3|69:1|83:1,True,0.3416742847431343,0.3417564582196197,0.0052968267239066336
candidate,1266,1870,mp-aaabqyan,mp-aaacpbhw,8:4|20:1|69:2,True,0.2561371346982285,0.23821343209717244,0.0483266866720129
candidate,1267,1657,mp-aaabqydu,mp-aaacijze,7:1,False,0.3260069002403032,0.3260068912617715,2.153756213374436e-07
candidate,1268,2310,mp-aaabqyji,mp-aaadbwea,8:3|52:1,True,0.31231673175514896,0.312110751821226,0.0025510504929115996
candidate,1269,1287,mp-aaabqyjn,mp-aaabraav,4:2|8:3|11:2,True,0.3777657940106595,0.3767745780125556,0.016259612716822858
candidate,1271,1276,mp-aaabqymn,mp-aaabqyzx,8:2|40:1,False,0.27786549813473316,0.2773234265108666,0.012729992465153828
candidate,1271,1285,mp-aaabqymn,mp-aaabqzzr,8:2|40:1,False,0.2584928970241605,0.258992410360895,0.0042004690458554705
candidate,1271,1286,mp-aaabqymn,mp-aaabraab,8:2|40:1,False,0.3328968627591159,0.32759832637103325,0.010083354592381966
candidate,1276,1285,mp-aaabqyzx,mp-aaabqzzr,8:2|40:1,False,0.27417273986163204,0.2780919540541935,0.016885321849684942
candidate,1276,1286,mp-aaabqyzx,mp-aaabraab,8:2|40:1,False,0.3232327423102903,0.31055641771035364,0.02212873277954941
candidate,1285,1286,mp-aaabqzzr,mp-aaabraab,8:2|40:1,False,0.3470966792351116,0.3432086948376177,0.006106139587842563
candidate,1289,1291,mp-aaabrbfg,mp-aaabrbhu,8:4|38:1|71:2,True,0.22793384527091068,0.23801311812290618,0.02704087940634281
candidate,1294,2306,mp-aaabrgch,mp-aaadbqhr,8:1|9:1|83:1,False,0.2559734537606934,0.2587355892354046,0.02209453545225415
candidate,1307,1308,mp-aaabrxxa,mp-aaabrxye,17:12|56:3|57:2,True,0.3812244847881944,0.3753723565165218,0.030329763102415086
candidate,1311,2167,mp-aaabsaua,mp-aaacrfuf,8:4|22:1|50:1,True,0.2932168928905246,0.29721546937198595,0.02920057485033567
candidate,1334,2185,mp-aaabxcgp,mp-aaacrivk,38:2|78:1|79:1,True,0.3490147267356163,0.34858296840682,0.11201582777357544
candidate,1353,2076,mp-aaabxdbo,mp-aaacpxdi,8:9|11:3|15:2|23:1,True,0.5262214288971948,0.4226240706059119,0.1841200966145209
candidate,1413,1414,mp-aaabxihe,mp-aaabxihf,16:4|20:2|50:1,False,0.43721243995009035,0.4751425114790614,0.05331964070137474
candidate,1413,1419,mp-aaabxihe,mp-aaabxile,16:4|20:2|50:1,False,0.3361463526105985,0.33621517423689395,0.01699723049318891
candidate,1414,1419,mp-aaabxihf,mp-aaabxile,16:4|20:2|50:1,False,0.45707245907551514,0.48534180225731294,0.04209728520004319
candidate,1415,1416,mp-aaabxihm,mp-aaabxiht,16:3|20:1|50:1,False,0.5433217018680769,0.5294712920255906,0.06377402102407359
candidate,1415,1417,mp-aaabxihm,mp-aaabxiif,16:3|20:1|50:1,False,0.31957014092363906,0.30743591407030046,0.0412968881209963
candidate,1415,1418,mp-aaabxihm,mp-aaabxiik,16:3|20:1|50:1,False,0.3495634526347308,0.348277790277653,0.04461379013628175
candidate,1416,1417,mp-aaabxiht,mp-aaabxiif,16:3|20:1|50:1,False,0.40790510375527395,0.41448306434620885,0.03489157132025866
candidate,1416,1418,mp-aaabxiht,mp-aaabxiik,16:3|20:1|50:1,False,0.36516867320443,0.3585786135623108,0.029614334471261827
candidate,1417,1418,mp-aaabxiif,mp-aaabxiik,16:3|20:1|50:1,False,0.1967290851377807,0.2022279226962024,0.01757035062291834
candidate,1444,1446,mp-aaacdhpy,mp-aaacdhqh,1:1|81:3,True,0.13541749497951877,0.13564982837540362,0.012641606037504971
candidate,1450,1451,mp-aaacdicq,mp-aaacdide,39:3|65:1,True,0.07869193653940301,0.07884787360452385,0.0037334322028073075
candidate,1465,2017,mp-aaacdjyo,mp-aaacpnvc,46:3|51:1,True,0.2653747117303759,0.2647391952813416,0.020201217383146286
candidate,1474,2221,mp-aaacdllt,mp-aaacrqlo,44:1|77:1,True,0.21948021670697795,0.21892517130327893,0.0027397169615142047
candidate,1475,2016,mp-aaacdlmc,mp-aaacpnuc,75:3|77:1,True,0.1977598644792377,0.1974228575370845,0.011187326279468834
candidate,1477,1480,mp-aaacdlra,mp-aaacdmey,11:1,False,0.26928224250895005,0.26928224250895005,0.0
candidate,1479,2014,mp-aaacdmah,mp-aaacpnsz,37:3|38:1,True,0.26627082654326906,0.2643199489699618,0.009115298366140223
candidate,1479,2015,mp-aaacdmah,mp-aaacpntf,37:3|38:1,True,0.18382455724154478,0.18008316138086597,0.021642639954492893
candidate,1481,1482,mp-aaacdmka,mp-aaacdmke,13:1|37:3,True,0.20149386244338457,0.19612466590333966,0.015890634939466963
candidate,1496,1987,mp-aaacdpji,mp-aaacpmmq,11:3|20:1,True,0.2659742927714008,0.2646770682609129,0.007060846256081277
candidate,1520,1873,mp-aaacdvzs,mp-aaacpdll,59:1,False,0.2590664142139809,0.25906639444503354,1.0887032431128318e-07
candidate,1536,1545,mp-aaacehuq,mp-aaacehzi,7:3|57:1|74:1,False,0.3589511005201164,0.3627023374240688,0.04212214414087612
candidate,1537,1540,mp-aaacehva,mp-aaacehvs,7:3|42:1|57:1,True,0.3480673825571191,0.3401338454286096,0.07426352389302338
candidate,1537,1543,mp-aaacehva,mp-aaacehxr,7:3|42:1|57:1,True,0.20185453936714598,0.19522263775210041,0.014800272299908102
candidate,1540,1543,mp-aaacehvs,mp-aaacehxr,7:3|42:1|57:1,True,0.33360991626696807,0.3266389918330318,0.0611242332670372
candidate,1550,1551,mp-aaacesuv,mp-aaacesuy,8:2|47:1|83:1,False,0.27621748588087214,0.28206539723358015,0.019498095934977755
candidate,1550,1552,mp-aaacesuv,mp-aaacesuz,8:2|47:1|83:1,False,0.24910181542144286,0.24464210021446872,0.023212487700220663
candidate,1550,1553,mp-aaacesuv,mp-aaacesva,8:2|47:1|83:1,False,0.2612376110929933,0.270386016994004,0.01581385068129748
candidate,1551,1552,mp-aaacesuy,mp-aaacesuz,8:2|47:1|83:1,False,0.1733565635475563,0.17021585780365645,0.015771065322041977
candidate,1551,1553,mp-aaacesuy,mp-aaacesva,8:2|47:1|83:1,False,0.19793757566302156,0.1962797379029243,0.012281782721402124
candidate,1552,1553,mp-aaacesuz,mp-aaacesva,8:2|47:1|83:1,False,0.1772243897942554,0.16879110351092197,0.019961682897701394
candidate,1564,1565,mp-aaacevrj,mp-aaacevro,7:1|22:1,True,0.40990044668872294,0.4319366920327544,0.12919538118876517
candidate,1567,1568,mp-aaacevyk,mp-aaacevzp,7:1|43:1,False,0.2972038836660704,0.29738605757941516,0.004420005017891526
candidate,1569,1575,mp-aaacewci,mp-aaacewjq,28:3|41:1,False,0.2934772418986006,0.30211534566974485,0.036160598625428975
candidate,1573,1574,mp-aaacewit,mp-aaacewiv,7:1|41:1,True,0.2981143258264912,0.2954763594057409,0.012016539578326046
candidate,1576,1577,mp-aaacewkg,mp-aaacewki,28:1|41:3,True,0.23338916982462682,0.20976028165029267,0.05983073481183965
candidate,1576,1578,mp-aaacewkg,mp-aaacewlx,28:1|41:3,True,0.1602337236323017,0.15897803521881293,0.02753404427494388
candidate,1577,1578,mp-aaacewki,mp-aaacewlx,28:1|41:3,True,0.2353337691731246,0.20949779609770244,0.05205898461281322
candidate,1599,1600,mp-aaacflit,mp-aaacfliu,7:1|76:1,False,0.25563786709340025,0.28512313790523547,0.06585762789472938
candidate,1601,1602,mp-aaacflkf,mp-aaacflkk,6:1|46:1,True,0.37780463167490774,0.3771221814246497,0.039573575835675
candidate,1605,1608,mp-aaacflvd,mp-aaacflvs,6:1|73:1,True,0.41555343365614716,0.3979319968176179,0.031979275634512305
candidate,1605,1609,mp-aaacflvd,mp-aaacflvv,6:1|73:1,True,0.3194283538919687,0.2897840284114271,0.07840356871020049
candidate,1608,1609,mp-aaacflvs,mp-aaacflvv,6:1|73:1,True,0.3174758850026091,0.3340508155498535,0.0527474406408146
candidate,1612,1614,mp-aaacfrkc,mp-aaacfrox,15:1|33:1|56:3,True,0.19399177471696227,0.1939499793845646,0.017979275931850225
candidate,1613,1721,mp-aaacfrmg,mp-aaackkou,15:1|20:3|33:1,True,0.2572936351344215,0.24599665689069913,0.029038538770009836
candidate,1618,1674,mp-aaacfxgo,mp-aaacixnk,4:3|7:2,False,0.15368167305913175,0.14237410325997135,0.02729135382833192
candidate,1632,1641,mp-aaacfyzs,mp-aaacgifi,29:1|50:1|67:1,True,0.22378666559046592,0.24439168961370453,0.04104742061281286
candidate,1652,1654,mp-aaachpay,mp-aaachpmb,8:4|20:1|29:2,True,0.30876544993450106,0.3111070060978942,0.02474069976597093
candidate,1682,2116,mp-aaacjizl,mp-aaacqrsl,9:6|19:1|37:2|49:1,True,0.46821949823473746,0.49390541752925865,0.09332676923077976
candidate,1693,1704,mp-aaacjkla,mp-aaacjmhs,13:1|78:3,False,0.10441779693234166,0.09957085403964605,0.014292011503130198
candidate,1701,1712,mp-aaacjluo,mp-aaackcnn,32:1,False,0.192466086614292,0.19246609220222743,9.569339454174042e-08
candidate,1710,2104,mp-aaacjwim,mp-aaacqqtc,28:1|33:2|68:2,True,0.2417995291186856,0.2409111336117835,0.004692509879532736
candidate,1723,1961,mp-aaackkua,mp-aaacpknt,80:1,False,0.27898760507228976,0.27898761520042276,9.441282600164413e-08
candidate,1734,2308,mp-aaackrdt,mp-aaadbsgu,8:3|52:1,True,0.49884528779073584,0.5039814742709687,0.10596538900063024
candidate,1898,1900,mp-aaacpimc,mp-aaacpine,20:1|56:3,False,0.2226886179127195,0.22263495586026252,0.00561430161366161
candidate,1913,2273,mp-aaacpiul,mp-aaacrwde,20:2|49:1|81:1,True,0.10297537309145184,0.1015539555762607,0.014466921107668895
candidate,1923,1926,mp-aaacpjdv,mp-aaacpjfv,58:3|72:1,True,0.14329999750944827,0.13052867339561858,0.031073166489477444
candidate,1929,1935,mp-aaacpjkj,mp-aaacpjnc,37:3|55:1,True,0.13021799701490216,0.13030232171137715,0.004398354696235174
candidate,1929,1983,mp-aaacpjkj,mp-aaacplul,37:3|55:1,True,0.21031873754206348,0.21015203991169687,0.0025126561631338973
candidate,1935,1983,mp-aaacpjnc,mp-aaacplul,37:3|55:1,True,0.17778141217942633,0.1777938118459006,0.002897780420653362
candidate,1948,1950,mp-aaacpjve,mp-aaacpjwj,31:3|47:1,False,0.2006697104968017,0.2012391992410889,0.03139621042646468
candidate,1965,1966,mp-aaacpksy,mp-aaacpkuv,11:1|19:3,True,0.17917173209311588,0.17967997079804343,0.0055769328229757775
candidate,1972,1973,mp-aaacplab,mp-aaacplad,19:3|30:1,True,0.18670137781605317,0.18539629262890006,0.00694067598624315
candidate,1972,1974,mp-aaacplab,mp-aaacplcr,19:3|30:1,True,0.20090665441902078,0.19961784251486908,0.007314912369110971
candidate,1973,1974,mp-aaacplad,mp-aaacplcr,19:3|30:1,True,0.13682734726600698,0.13677805949167807,0.002862557511889463
candidate,1990,1992,mp-aaacpmst,mp-aaacpmte,11:1|39:3,True,0.2541542271535045,0.2572295764552551,0.017887909642013256
candidate,2005,2006,mp-aaacpnjt,mp-aaacpnka,61:1|62:3,True,0.11616807559061584,0.11582971298151101,0.003467632767410578
candidate,2014,2015,mp-aaacpnsz,mp-aaacpntf,37:3|38:1,True,0.25075386400235444,0.24977153597760418,0.013460466105286173
candidate,2029,2176,mp-aaacpohf,mp-aaacrhqo,73:1|76:3,True,0.25801359718210953,0.2564017570858072,0.009346237988211215
candidate,2031,2033,mp-aaacpojp,mp-aaacpoka,21:1|65:3,True,0.2337293683454471,0.23369777824296656,0.0008202990329664317
candidate,2105,2238,mp-aaacqqvv,mp-aaacrrgz,32:2|52:5|83:2,True,0.21526552486493633,0.21907740024015243,0.026147551438043592
candidate,2109,2210,mp-aaacqrfe,mp-aaacrohn,3:1|79:1,True,0.21526588766977922,0.21128835010893993,0.023217397276312113
candidate,2146,2279,mp-aaacrcsv,mp-aaacrxju,8:6|29:3|56:2|59:1,True,0.2950217995481855,0.30340952917645925,0.031021041446365416
candidate,2187,2188,mp-aaacrjdk,mp-aaacrjdo,50:1|51:1,True,0.21059411278679926,0.2180444345362894,0.02123003517044708
candidate,2200,2201,mp-aaacrlum,mp-aaacrluo,11:1|16:2|57:1,True,0.345276428731285,0.47422223137379166,0.28245611425639083
candidate,2203,2204,mp-aaacrmas,mp-aaacrmax,11:1|34:2|51:1,True,0.33060723605638814,0.31623088657683474,0.08099034266717808
candidate,2229,2239,mp-aaacrqxu,mp-aaacrrqx,16:3|29:3|67:1,True,0.38317145272814146,0.3964665258276476,0.03734061661089072
candidate,2266,2268,mp-aaacrvob,mp-aaacrvpj,52:1|83:1,False,0.21975468516195112,0.22051162803696506,0.04925219492906763
