stratum,feature,threshold_or_rule,threshold,n_high,n_other,spearman_feature_oracle_r2,spearman_feature_blind_gap,spearman_feature_gamma_abs_error,oracle_median_high,oracle_median_other,oracle_median_delta,oracle_median_delta_ci95_low,oracle_median_delta_ci95_high,oracle_fail_pct_high,oracle_fail_pct_other,oracle_fail_delta_pp,oracle_fail_delta_ci95_low_pp,oracle_fail_delta_ci95_high_pp,blind_median_high,blind_median_other,blind_median_delta,blind_median_delta_ci95_low,blind_median_delta_ci95_high,blind_fail_pct_high,blind_fail_pct_other,blind_fail_delta_pp,blind_fail_delta_ci95_low_pp,blind_fail_delta_ci95_high_pp,blind_gap_median_high,blind_gap_median_other,blind_gap_median_delta
roughness_train_p90,edos_spectral_roughness,train p90 >= 0.35160011,0.3516001111555257,221,2066,-0.23952577670482003,-0.12899520507799514,-0.05547322617427862,0.3248266577720642,0.5318086743354797,-0.20698201656341553,-0.24882980361580848,-0.1432041287422181,8.597285067873303,5.421103581800581,3.1761814860727227,-0.2504840271055183,7.265673936563964,0.3068256974220276,0.49402618408203125,-0.18720048666000366,-0.2285483181476593,-0.12728894576430325,13.574660633484163,8.131655372700871,5.44300526078329,0.9661542403840675,10.113467123389677,0.006986796855926514,0.010672658681869507,-0.003685861825942993
entropy_train_p90,edos_entropy_norm,train p90 >= 0.9585998,0.9585998032404285,235,2052,-0.10868845307034108,0.20383066731589386,0.08032114854165122,0.415427565574646,0.532880574464798,-0.11745300889015198,-0.1532087132334709,-0.08223042339086535,10.638297872340425,5.16569200779727,5.472605864543155,1.5673914395918878,9.329087346024634,0.32858943939208984,0.5003770291805267,-0.1717875897884369,-0.23412815779447554,-0.11995776146650315,20.851063829787233,7.26120857699805,13.589855252789185,8.593349508523081,18.940468043631533,0.034331440925598145,0.009211152791976929,0.025120288133621216
peak_share_train_p90,edos_peak_share,train p90 >= 0.091972934,0.09197293419580141,236,2051,-0.03827988999525138,-0.14066345017968332,0.013954497300439258,0.45004361867904663,0.5240687131881714,-0.07402509450912476,-0.11250687912106513,-0.03446975275874146,11.864406779661017,5.021940516821063,6.842466262839955,2.8520089414836916,11.012868877521505,0.43100085854530334,0.48547083139419556,-0.05446997284889221,-0.09653326570987701,-0.010386843979358755,13.983050847457626,8.044856167723061,5.938194679734564,1.4605473559817856,10.487458577461176,0.0062836408615112305,0.010615825653076172,-0.004332184791564941
edge_mass_train_p90,edos_edge_mass_16_bins,train p90 >= 0.17035643,0.1703564343799791,226,2061,-0.05250392974042582,-0.013982556785231472,-0.03964616897245391,0.48953965306282043,0.5201518535614014,-0.030612200498580933,-0.07855385765433312,0.018130515515804285,11.061946902654867,5.143134400776322,5.918812501878545,1.8452679986088036,10.24075433782896,0.46308425068855286,0.4815232753753662,-0.018439024686813354,-0.07105086594820023,0.02232307046651839,13.716814159292035,8.102862688015525,5.613951471276509,1.2434894994697132,10.329995963811706,0.011024802923202515,0.010311603546142578,0.0007131993770599365
natoms_train_p90,natoms,train p90 >= 26,26.0,242,2045,0.07165445240322431,-0.23638845840024986,-0.2562722519378608,0.5253940224647522,0.5173370838165283,0.008056938648223877,-0.023335188627243042,0.05446279048919677,4.132231404958678,5.916870415647922,-1.7846390106892442,-4.362449231142273,0.9391986097920753,0.5096610188484192,0.4758520722389221,0.03380894660949707,-0.0008607439696788785,0.0758504420518875,7.43801652892562,8.80195599022005,-1.3639394612944291,-4.790221059225281,2.132716361211582,0.004593402147293091,0.011305749416351318,-0.0067123472690582275
n_species_train_p90,n_unique_elements,train p90 >= 4,4.0,420,1867,0.03187661245210642,-0.1479882982672272,-0.15152613695778328,0.5190517902374268,0.5179562568664551,0.0010955333709716797,-0.03192795068025589,0.03294621035456656,3.3333333333333335,6.266738082485271,-2.9334047491519377,-4.838459968883108,-0.8020665952508512,0.5009832382202148,0.4752578139305115,0.02572542428970337,-0.00583227351307869,0.05204609781503676,5.952380952380952,9.266202463845742,-3.31382151146479,-5.861765756114979,-0.7302076159869422,0.006738483905792236,0.011503934860229492,-0.004765450954437256
volume_per_atom_train_p90,volume_per_atom,train p90 >= 32.888077,32.88807716580022,238,2049,0.05365453548525275,-0.03839681722987031,0.003709878323762285,0.5789599418640137,0.510871410369873,0.06808853149414062,0.04044978991150856,0.10375320240855217,8.403361344537815,5.417276720351391,2.9860846241864247,-0.570953857384828,6.737863520225074,0.5469846427440643,0.4710441827774048,0.07594045996665955,0.05119165778160095,0.11544565036892891,8.403361344537815,8.687164470473402,-0.2838031259355861,-3.8411081855875584,3.487046355877636,0.010207921266555786,0.010324716567993164,-0.00011679530143737793
cell_aspect_ratio_train_p90,cell_aspect_ratio,train p90 >= 2.1812855,2.181285468110447,239,2048,0.05169666936620859,-0.09621308753219017,-0.09943365030591612,0.5656040906906128,0.5134290456771851,0.052175045013427734,0.003952127695083618,0.09816908985376357,5.857740585774058,5.712890625,0.1448499607740586,-2.881676582112971,3.5692695394220686,0.5444607138633728,0.4756098687648773,0.06885084509849548,0.008711674064397813,0.12051258310675621,8.786610878661087,8.642578125,0.1440327536610872,-3.3431585463519875,4.147290345515167,0.006989955902099609,0.01075771450996399,-0.00376775860786438
element_rarity_train_p90,mean_element_rarity,train p90 >= 5.2003177,5.200317710509506,245,2042,-0.013510016941416314,0.22016671488140616,0.1989985399897046,0.5141631960868835,0.5197164416313171,-0.005553245544433594,-0.034669695794582366,0.018245520442724227,2.0408163265306123,6.170421155729676,-4.129604829199065,-6.104864178776309,-1.8435207579603854,0.44747239351272583,0.48630964756011963,-0.0388372540473938,-0.06240846663713455,-0.006381027400493626,6.530612244897959,8.9128305582762,-2.3822183133782397,-5.500414759439526,1.112159947230603,0.021908998489379883,0.009420812129974365,0.012488186359405518
partial_coverage,edos_coverage_fraction,coverage fraction < 1,1.0,58,2229,0.11938487667858882,-0.0411194047998232,-0.07761025564892295,0.2560329735279083,0.5235320925712585,-0.2674991190433502,-0.31234279796481135,-0.18747578635811807,12.068965517241379,5.563032750112158,6.505932767129222,-0.8614695007812377,15.216348756980864,0.22950983047485352,0.4847080707550049,-0.25519824028015137,-0.3440581850707531,-0.18750098645687105,25.862068965517242,8.209959623149395,17.65210934236785,6.721817422378986,29.54274376943425,0.03211095929145813,0.01017296314239502,0.02193799614906311
roughness_train_p90_full_coverage,edos_spectral_roughness,train p90 >= 0.35160011; full coverage only,0.3516001111555257,188,2041,-0.21465911460324646,-0.14824516632923626,-0.07257885151224701,0.39005517959594727,0.5323623418807983,-0.14230716228485107,-0.20451711118221283,-0.09471881389617921,7.446808510638298,5.389514943655071,2.0572935669832266,-1.8700027103943622,5.8718283173663295,0.3703017234802246,0.4938473701477051,-0.12354564666748047,-0.1925005540251732,-0.07021082341670992,9.042553191489363,8.13326800587947,0.9092851856098914,-3.0180110917676983,5.402721600800608,0.00432923436164856,0.010669171810150146,-0.006339937448501587
entropy_train_p90_full_coverage,edos_entropy_norm,train p90 >= 0.9585998; full coverage only,0.9585998032404285,234,1995,-0.13473632702864083,0.21790344970181355,0.09630611030452917,0.4145449697971344,0.5383725166320801,-0.12382754683494568,-0.16016996130347252,-0.08915540799498559,10.683760683760683,4.962406015037594,5.721354668723089,1.8508289955658384,9.868260394576184,0.3321921229362488,0.5034321546554565,-0.17124003171920776,-0.23691108748316764,-0.1203570142388344,20.94017094017094,6.716791979949875,14.223378960221067,8.820705610179296,19.82905982905983,0.03345847129821777,0.009028434753417969,0.024430036544799805
peak_share_train_p90_full_coverage,edos_peak_share,train p90 >= 0.091972934; full coverage only,0.09197293419580141,220,2009,-0.025388948447716386,-0.14752271008834483,0.005190437954243479,0.45004361867904663,0.5286514163017273,-0.07860779762268066,-0.11027239933609963,-0.036605769395828255,12.272727272727273,4.828272772523643,7.444454500203629,2.9553373455812477,12.345818815331006,0.43100085854530334,0.4895758628845215,-0.05857500433921814,-0.09725778922438622,-0.019282647967338588,14.09090909090909,7.565953210552514,6.524955880356577,1.8431320421738526,11.356435811575183,0.006212741136550903,0.010455012321472168,-0.004242271184921265
edge_mass_train_p90_full_coverage,edos_edge_mass_16_bins,train p90 >= 0.17035643; full coverage only,0.1703564343799791,220,2009,-0.05320576875951363,-0.017881447696025895,-0.03938281909533176,0.4919961988925934,0.5254926681518555,-0.033496469259262085,-0.0762802742421627,0.018448710441589355,10.454545454545453,5.027376804380289,5.427168650165165,1.4846712520928542,9.675047513462141,0.4718467593193054,0.4867233633995056,-0.014876604080200195,-0.06476836130023003,0.03126683831214905,12.727272727272727,7.715281234444997,5.011991492827729,0.6849970586904384,9.708934793429556,0.010414958000183105,0.010158836841583252,0.0002561211585998535
