population,reference,n_groups,baseline_error,joint_error,improvement,relative_improvement,ci_low,ci_high
train,matched,1198,0.25254883652209875,0.25129882430977835,0.001250012212320406,0.004949586105937282,-0.0003610758408938236,0.0029008064588829053
train,original,1198,0.26899265613096773,0.25129882430977835,0.017693831821189387,0.06577812225689379,0.01574203546746826,0.0196616825743756
train,shuffled,1198,0.26934633959286947,0.25129882430977835,0.01804751528309112,0.0670048655956151,0.015938835402276537,0.020170856101234265
train,zero_contrast,1198,0.2693092868938127,0.25129882430977835,0.01801046258403438,0.06687650021937719,0.01590132462222191,0.020132183632172052
valid_unseen_composition,matched,117,0.29077077734418216,0.2874448824121149,0.0033258949320672526,0.011438202155130698,-0.002115235219229089,0.008587640069243353
valid_unseen_composition,original,117,0.283054994693712,0.2874448824121149,-0.0043898877184029295,-0.015508956918966001,-0.00888113712847971,-0.0005719836478596077
valid_unseen_composition,shuffled,117,0.279835364929382,0.2874448824121149,-0.007609517482732919,-0.027192837062081924,-0.01245786693111625,-0.0032604321185806103
valid_unseen_composition,zero_contrast,117,0.27978393944671476,0.2874448824121149,-0.007660942965400153,-0.027381639491351827,-0.012503757953640584,-0.0033117164334048174
valid_all,matched,168,0.28377632603062086,0.28361242555217747,0.00016390047844339062,0.0005775692452431883,-0.004294700294756072,0.004628524434951648
valid_all,original,168,0.27765573809787,0.28361242555217747,-0.005956687454307497,-0.021453500277411313,-0.009607251300291102,-0.002326523593104777
valid_all,shuffled,168,0.2756142735234119,0.28361242555217747,-0.007998152028765582,-0.02901936799759459,-0.011854387451644296,-0.0040257905189581816
valid_all,zero_contrast,168,0.275571993441896,0.28361242555217747,-0.008040432110281492,-0.029177246968592283,-0.011892180519583814,-0.0040600424879529895
