population,arm,n_pairs,n_groups,n_samples,error_tv_group_mean,error_mse_group_mean,target_tv_group_mean,contrast_error_tv_pair_median,target_tv_pair_median,predicted_tv_pair_median,contrast_cosine_pair_median,r2_edos_oracle_median,r2_edos_oracle_fail_pct,r2_edos_blind_median,r2_edos_blind_fail_pct
train,joint,2591,1198,3115,0.25129882430977835,1.048576956697418,0.2693092868938128,0.25468152405483124,0.26583175068526543,0.02896644223801559,0.1852609647557276,-0.774526834487915,81.28410914927768,-0.8390414714813232,79.87158908507223
train,matched,2591,1198,3115,0.25254883652209875,1.081616161814841,0.2693092868938127,0.2536864948788206,0.2658317506852654,0.0186066909500368,0.1786252659640351,-0.5529051,75.85874799357946,-0.5933769,76.21187800963082
train,original,2591,1198,3115,0.26899265613096773,1.3006008331547632,0.2693092868938127,0.2662300357337699,0.2658317506852654,0.0058457215782254,0.0315311663485916,0.5257695,4.20545746388443,0.48899913,8.443017656500801
train,shuffled,2591,1198,3115,0.26934633959286947,1.316644627298952,0.2693092868938127,0.26586049199841,0.2658317506852654,0.000101230922155,-0.001819683555285,-0.00044751167,52.487961476725516,-0.012645006,80.8346709470305
valid_unseen_composition,joint,163,117,256,0.2874448824121149,1.5187174777879757,0.27978393944671476,0.2832532479551446,0.2813195625678375,0.03764211418010177,0.042166403977952446,-1.127395510673523,85.546875,-1.1641249656677246,86.71875
valid_unseen_composition,matched,163,117,256,0.29077077734418216,1.6604399368931086,0.27978393944671476,0.2820416907113063,0.2813195625678375,0.0234188613416534,0.0080863850386302,-0.84783025,77.734375,-1.00698785,79.296875
valid_unseen_composition,original,163,117,256,0.283054994693712,1.5191836298518997,0.27978393944671476,0.2803919652671141,0.2813195625678375,0.0078817893422638,0.0059302182915547,0.46868807,3.515625,0.43450454,8.203125
valid_unseen_composition,shuffled,163,117,256,0.279835364929382,1.5203356819215068,0.27978393944671476,0.2813163589809697,0.2813195625678375,0.0001358288573101,-0.0051091553616605,0.00014752149499999999,48.046875,-0.01255393,79.6875
valid_all,joint,320,168,394,0.28361242555217747,1.4064108371130435,0.275571993441896,0.2766193697208337,0.269745989550529,0.031514401888216526,0.03395263043565293,-1.0162644386291504,82.48730964467005,-0.9898673892021179,83.24873096446701
valid_all,matched,320,168,394,0.28377632603062086,1.4828675879429052,0.275571993441896,0.27170086331875604,0.269745989550529,0.017023407162014302,0.02776363046371935,-0.8047224749999999,79.94923857868021,-0.89028871,80.96446700507614
valid_all,original,320,168,394,0.27765573809787,1.3845498029356673,0.275571993441896,0.26826695784288285,0.269745989550529,0.00718799698643115,0.02309378100944255,0.4852328,4.822335025380711,0.45431736,8.375634517766498
valid_all,shuffled,320,168,394,0.2756142735234119,1.3875100144927894,0.275571993441896,0.269725130253164,0.269745989550529,0.00011988903861485,-0.00630046359129355,-3.69548796e-05,50.0,-0.0132745505,80.71065989847716
