arm,epoch,updates,objective,max_readout_gradient_norm,max_encoder_gradient_norm,elapsed_seconds
joint,1,162,1.3141875753113774,11.852428436279297,6.413244247436523,20.035174952005036
joint,2,324,1.2987905314464636,12.433993339538574,17.86711311340332,39.3519471299951
joint,3,486,1.2815154603621712,15.362643241882324,13.245278358459473,58.74531698698411
joint,4,648,1.2651564476343713,18.39790916442871,10.056539535522461,77.98904553800821
joint,5,810,1.2319187101182307,30.78586196899414,30.975582122802734,97.47083207999822
joint,6,972,1.2227473072175674,36.47822570800781,41.44279098510742,116.95038651901996
joint,7,1134,1.1730601872683768,30.830825805664062,24.808156967163086,136.34009663097095
joint,8,1296,1.1408065918880463,44.65365982055664,38.5794792175293,155.8438033440034
joint,9,1458,1.107413176126528,24.393030166625977,18.291900634765625,175.26258746400708
joint,10,1620,1.0694665288842355,16.82685661315918,13.195196151733398,194.5506240579998
