sample_index,mpid,oracle_min,oracle_scale,blind_scale,r2_edos_oracle,r2_edos_blind,split,arm
423,mp-aaaaabjd,0.0,1215.086669921875,1195.230224609375,0.50056595,0.4990803,train,original
1183,mp-aaaaaech,0.0,182.6248779296875,183.7561798095703,0.74824226,0.74829376,train,original
2658,mp-aaaaalty,0.0,173.8488006591797,179.83270263671875,0.68426454,0.67945755,train,original
2704,mp-aaaaamae,0.0,853.711181640625,761.2753295898438,0.08738923,0.06773275,train,original
3943,mp-aaaaarxw,0.0,1138.562255859375,1215.6246337890625,0.4826681,0.47359943,train,original
4142,mp-aaaaatio,0.0,163.09368896484375,177.5928192138672,0.625221,0.5953705,train,original
4399,mp-aaaaavmx,0.0,1006.3084106445312,1002.8627319335938,0.67592156,0.6765959,train,original
5792,mp-aaaabhvh,0.0,281.640625,248.73062133789065,0.56117016,0.54495573,train,original
5885,mp-aaaabici,0.0,554.115478515625,567.771240234375,0.4395011,0.4326861,train,original
6004,mp-aaaabini,0.0,394.8337707519531,544.3033447265625,0.20293587,0.13382542,train,original
7789,mp-aaabfbmg,0.0,530.102783203125,570.8018798828125,0.6674629,0.6698548,train,original
8109,mp-aaabfqcc,0.0,334.59423828125,544.4805908203125,0.2207045,0.109893024,train,original
9528,mp-aaabjmwk,0.0,1013.1497802734376,1017.9469604492188,0.63770807,0.63797307,train,original
10121,mp-aaabqvan,0.0,354.265869140625,434.2898559570313,0.65699685,0.6332968,train,original
10417,mp-aaabraoy,0.0,363.5973205566406,390.88970947265625,0.71134406,0.71689844,train,original
10582,mp-aaabruec,0.0,1302.827392578125,1137.378173828125,0.4063986,0.39695913,train,original
11977,mp-aaacdnzr,0.0,322.5928649902344,318.8956298828125,0.76274264,0.7624362,train,original
11981,mp-aaacdoad,0.0,320.95538330078125,311.0103454589844,0.76257586,0.7600253,train,original
12147,mp-aaacdsei,0.0,309.4205627441406,329.4452819824219,0.8181348,0.80630034,train,original
12167,mp-aaacdspp,0.0,310.406494140625,271.8263854980469,0.8163887,0.77197343,train,original
12620,mp-aaacewhi,0.0,277.6322326660156,341.4188232421875,0.69035864,0.55079997,train,original
12799,mp-aaacfkmg,0.0,121.55061340332033,129.3692626953125,0.2628076,0.24756062,train,original
12895,mp-aaacfrja,0.0,343.5185852050781,348.3819274902344,0.6496756,0.6487541,train,original
12903,mp-aaacfroo,0.0,388.2839660644531,351.52117919921875,0.39233065,0.38785678,train,original
13082,mp-aaacfzan,0.0,613.6406860351562,539.5278930664062,-0.028559804,0.037659466,train,original
13180,mp-aaacgikg,0.0,699.4376831054688,528.921630859375,0.33636713,0.32144135,train,original
13366,mp-aaacilmc,0.0,134.29486083984375,124.34427642822266,0.51621467,0.497447,train,original
14113,mp-aaackvdk,0.0,914.423583984375,772.177490234375,0.027106762,-0.0057126284,train,original
15832,mp-aaacpkso,0.0,273.56494140625,251.6097412109375,0.5736952,0.56450564,train,original
15834,mp-aaacpktf,0.0,247.91989135742188,256.1033935546875,0.69721854,0.69294167,train,original
16766,mp-aaacpwra,0.0,1096.5045166015625,1145.9283447265625,0.52103037,0.5181812,train,original
18148,mp-aaacrsyy,0.0,164.7052459716797,179.9744873046875,0.5314579,0.5075797,train,original
423,mp-aaaaabjd,0.0,1215.086669921875,1195.230224609375,-21.534046,-20.775358,train,frozen
1183,mp-aaaaaech,0.0,182.6248779296875,183.7561798095703,0.7614455,0.75996214,train,frozen
2658,mp-aaaaalty,0.0,173.8488006591797,179.83270263671875,0.7544125,0.7363796,train,frozen
2704,mp-aaaaamae,0.0,853.711181640625,761.2753295898438,0.12763262,0.18110365,train,frozen
3943,mp-aaaaarxw,0.0,1138.562255859375,1215.6246337890625,-20.926632,-24.009094,train,frozen
4142,mp-aaaaatio,0.0,163.09368896484375,177.5928192138672,0.7456671,0.70944613,train,frozen
4399,mp-aaaaavmx,0.0,1006.3084106445312,1002.8627319335938,0.44964445,0.45176512,train,frozen
5792,mp-aaaabhvh,0.0,281.640625,248.73062133789065,-0.13529778,0.19133794,train,frozen
5885,mp-aaaabici,0.0,554.115478515625,567.7711181640625,0.13486701,0.095540166,train,frozen
6004,mp-aaaabini,0.0,394.8337707519531,544.3033447265625,0.7536124,0.18265235,train,frozen
7789,mp-aaabfbmg,0.0,530.102783203125,570.8018798828125,0.31371248,0.2371422,train,frozen
8109,mp-aaabfqcc,0.0,334.59423828125,544.48046875,0.7917577,0.4753793,train,frozen
9528,mp-aaabjmwk,0.0,1013.1497802734376,1017.9468383789062,0.65241647,0.65100586,train,frozen
10121,mp-aaabqvan,0.0,354.265869140625,434.2898559570313,0.685783,0.56875974,train,frozen
10417,mp-aaabraoy,0.0,363.5973205566406,390.88970947265625,0.69484794,0.6743056,train,frozen
10582,mp-aaabruec,0.0,1302.827392578125,1137.378173828125,0.42478478,0.5784022,train,frozen
11977,mp-aaacdnzr,0.0,322.5928649902344,318.8956298828125,-0.6296818,-0.5907508,train,frozen
11981,mp-aaacdoad,0.0,320.95538330078125,311.0103454589844,-0.6890335,-0.5897807,train,frozen
12147,mp-aaacdsei,0.0,309.4205627441406,329.4452819824219,-0.8444197,-1.1180756,train,frozen
12167,mp-aaacdspp,0.0,310.406494140625,271.826416015625,-0.9762895,-0.5284146,train,frozen
12620,mp-aaacewhi,0.0,277.6322326660156,341.4187927246094,-0.6638676,-2.0393834,train,frozen
12799,mp-aaacfkmg,0.0,121.55061340332033,129.36929321289062,-0.66929436,-0.94513416,train,frozen
12895,mp-aaacfrja,0.0,343.5185852050781,348.3819274902344,0.07380527,0.052637637,train,frozen
12903,mp-aaacfroo,0.0,388.2839660644531,351.52117919921875,0.35710078,0.43502682,train,frozen
13082,mp-aaacfzan,0.0,613.6406860351562,539.5278930664062,0.23358959,0.3951949,train,frozen
13180,mp-aaacgikg,0.0,699.4376831054688,528.921630859375,0.45045334,0.7773893,train,frozen
13366,mp-aaacilmc,0.0,134.29486083984375,124.34429168701172,-2.0155258,-1.5644808,train,frozen
14113,mp-aaackvdk,0.0,914.423583984375,772.177490234375,0.16976386,0.22728217,train,frozen
15832,mp-aaacpkso,0.0,273.56494140625,251.60975646972656,0.33489466,0.40549904,train,frozen
15834,mp-aaacpktf,0.0,247.91989135742188,256.1033630371094,0.07807642,0.038736463,train,frozen
16766,mp-aaacpwra,0.0,1096.5045166015625,1145.928466796875,0.25824815,0.19728613,train,frozen
18148,mp-aaacrsyy,0.0,164.7052459716797,179.97447204589844,0.7721883,0.7534506,train,frozen
423,mp-aaaaabjd,0.0,1215.086669921875,1212.641845703125,0.25550228,0.2576977,train,joint
1183,mp-aaaaaech,0.0,182.6248779296875,205.8732147216797,0.6992935,0.66546154,train,joint
2658,mp-aaaaalty,0.0,173.8488006591797,176.234130859375,0.6880882,0.6800077,train,joint
2704,mp-aaaaamae,0.0,853.711181640625,887.19921875,0.2515188,0.24713695,train,joint
3943,mp-aaaaarxw,0.0,1138.562255859375,1344.1348876953125,0.32525408,0.12814742,train,joint
4142,mp-aaaaatio,0.0,163.09368896484375,186.0926818847656,0.7032975,0.6433228,train,joint
4399,mp-aaaaavmx,0.0,1006.3084106445312,1070.0316162109375,0.6594334,0.6163626,train,joint
5792,mp-aaaabhvh,0.0,281.640625,238.8689422607422,0.7499454,0.76909244,train,joint
5885,mp-aaaabici,0.0,554.115478515625,530.32568359375,0.64553344,0.6533087,train,joint
6004,mp-aaaabini,0.0,394.8337707519531,628.872802734375,0.8428578,0.23490244,train,joint
7789,mp-aaabfbmg,0.0,530.102783203125,543.2752075195312,0.72536737,0.7179558,train,joint
8109,mp-aaabfqcc,0.0,334.59423828125,624.222900390625,0.8675692,0.27539963,train,joint
9528,mp-aaabjmwk,0.0,1013.1497802734376,1132.0355224609375,0.78590107,0.74449193,train,joint
10121,mp-aaabqvan,0.0,354.265869140625,515.2218017578125,0.7645976,0.48976445,train,joint
10417,mp-aaabraoy,0.0,363.5973205566406,426.5705871582031,0.76956624,0.7282357,train,joint
10582,mp-aaabruec,0.0,1302.827392578125,1124.076171875,0.74696517,0.7508732,train,joint
11977,mp-aaacdnzr,0.0,322.5928649902344,294.3180236816406,0.32626802,0.38942564,train,joint
11981,mp-aaacdoad,0.0,320.95538330078125,290.6534729003906,0.3187368,0.36746413,train,joint
12147,mp-aaacdsei,0.0,309.4205627441406,214.25929260253903,0.4927947,0.3943203,train,joint
12167,mp-aaacdspp,0.0,310.406494140625,251.21046447753903,0.48585874,0.49904567,train,joint
12620,mp-aaacewhi,0.0,277.6322326660156,307.95928955078125,0.610749,0.49230897,train,joint
12799,mp-aaacfkmg,0.0,121.55061340332033,140.5930633544922,0.52513486,0.36784655,train,joint
12895,mp-aaacfrja,0.0,343.5185852050781,344.0345153808594,0.33371598,0.33247447,train,joint
12903,mp-aaacfroo,0.0,388.2839660644531,373.2973937988281,0.558491,0.5752852,train,joint
13082,mp-aaacfzan,0.0,613.6406860351562,542.0492553710938,0.49239862,0.50347453,train,joint
13180,mp-aaacgikg,0.0,699.4376831054688,514.5372924804688,0.6353091,0.68490046,train,joint
13366,mp-aaacilmc,0.0,134.29486083984375,129.18978881835938,0.20619941,0.26057142,train,joint
14113,mp-aaackvdk,0.0,914.423583984375,823.8876342773438,0.30145907,0.29438072,train,joint
15832,mp-aaacpkso,0.0,273.56494140625,287.2070007324219,0.660421,0.63872015,train,joint
15834,mp-aaacpktf,0.0,247.91989135742188,318.3212280273437,0.5530888,0.25438076,train,joint
16766,mp-aaacpwra,0.0,1096.5045166015625,1145.7960205078125,0.6825938,0.6694137,train,joint
18148,mp-aaacrsyy,0.0,164.7052459716797,214.10894775390625,0.7335361,0.5558853,train,joint
423,mp-aaaaabjd,0.0,1215.086669921875,1207.3978271484375,-5.61862850189209,-5.545823574066162,train,g2_only
1183,mp-aaaaaech,0.0,182.6248779296875,169.61476135253906,0.5966017842292786,0.6329843997955322,train,g2_only
2658,mp-aaaaalty,0.0,173.8488006591797,166.41172790527344,0.5453084707260132,0.590722918510437,train,g2_only
2704,mp-aaaaamae,0.0,853.711181640625,756.3765258789062,0.1654500365257263,0.2022814750671386,train,g2_only
3943,mp-aaaaarxw,0.0,1138.562255859375,1229.7998046875,-4.050330638885498,-4.957788944244385,train,g2_only
4142,mp-aaaaatio,0.0,163.09368896484375,166.61923217773438,0.7277318239212036,0.71812903881073,train,g2_only
4399,mp-aaaaavmx,0.0,1006.3084106445312,949.9663696289062,0.5351605415344238,0.5596483945846558,train,g2_only
5792,mp-aaaabhvh,0.0,281.640625,249.3985290527344,0.5776623487472534,0.6382865905761719,train,g2_only
5885,mp-aaaabici,0.0,554.115478515625,535.2794189453125,0.4521520733833313,0.4670353531837463,train,g2_only
6004,mp-aaaabini,0.0,394.8337707519531,523.6172485351562,0.816836953163147,0.4782053232192993,train,g2_only
7789,mp-aaabfbmg,0.0,530.102783203125,541.0628662109375,0.5880226492881775,0.573474645614624,train,g2_only
8109,mp-aaabfqcc,0.0,334.59423828125,525.7603149414062,0.839119553565979,0.6287075877189636,train,g2_only
9528,mp-aaabjmwk,0.0,1013.1497802734376,972.5018920898438,0.7182725667953491,0.7280288934707642,train,g2_only
10121,mp-aaabqvan,0.0,354.265869140625,415.7308654785156,0.6475836038589478,0.5596320033073425,train,g2_only
10417,mp-aaabraoy,0.0,363.5973205566406,375.9977111816406,0.6580801010131836,0.6478030681610107,train,g2_only
10582,mp-aaabruec,0.0,1302.827392578125,1067.8526611328125,0.6699179410934448,0.7341464161872864,train,g2_only
11977,mp-aaacdnzr,0.0,322.5928649902344,319.8578491210937,-0.8300639390945435,-0.8018896579742432,train,g2_only
11981,mp-aaacdoad,0.0,320.95538330078125,311.8481140136719,-0.7788441181182861,-0.6959371566772461,train,g2_only
12147,mp-aaacdsei,0.0,309.4205627441406,330.9364624023437,-0.6338406801223755,-0.8625097274780273,train,g2_only
12167,mp-aaacdspp,0.0,310.406494140625,272.9758605957031,-0.6391595602035522,-0.3165614604949951,train,g2_only
12620,mp-aaacewhi,0.0,277.6322326660156,342.1814270019531,0.3775168657302856,-0.210323691368103,train,g2_only
12799,mp-aaacfkmg,0.0,121.55061340332033,127.95193481445312,-1.063765048980713,-1.3616015911102295,train,g2_only
12895,mp-aaacfrja,0.0,343.5185852050781,345.8313293457031,0.1212348937988281,0.1126375794410705,train,g2_only
12903,mp-aaacfroo,0.0,388.2839660644531,350.57666015625,0.4214208126068115,0.4837818145751953,train,g2_only
13082,mp-aaacfzan,0.0,613.6406860351562,541.8807373046875,0.0349833369255065,0.1911486983299255,train,g2_only
13180,mp-aaacgikg,0.0,699.4376831054688,530.8148803710938,0.2847938537597656,0.6853257417678833,train,g2_only
13366,mp-aaacilmc,0.0,134.29486083984375,122.95362091064452,-2.3163399696350098,-1.7876536846160889,train,g2_only
14113,mp-aaackvdk,0.0,914.423583984375,767.887451171875,0.2163272500038147,0.2352882027626037,train,g2_only
15832,mp-aaacpkso,0.0,273.56494140625,249.36087036132807,0.3543275594711303,0.4330254197120666,train,g2_only
15834,mp-aaacpktf,0.0,247.91989135742188,254.13507080078125,0.0867986679077148,0.0569844841957092,train,g2_only
16766,mp-aaacpwra,0.0,1096.5045166015625,1076.6431884765625,0.569452166557312,0.5815612077713013,train,g2_only
18148,mp-aaacrsyy,0.0,164.7052459716797,169.81436157226562,0.7539851665496826,0.7505836486816406,train,g2_only
423,mp-aaaaabjd,0.0,1215.086669921875,1195.28173828125,0.3048463463783264,0.32077932357788086,train,non_g2
1183,mp-aaaaaech,0.0,182.6248779296875,203.1132354736328,0.7127234935760498,0.6887592673301697,train,non_g2
2658,mp-aaaaalty,0.0,173.8488006591797,163.41983032226562,0.6988224387168884,0.7222812175750732,train,non_g2
2704,mp-aaaaamae,0.0,853.711181640625,880.869384765625,0.16980773210525513,0.16366958618164062,train,non_g2
3943,mp-aaaaarxw,0.0,1138.562255859375,1309.0445556640625,0.3789937496185303,0.24255049228668213,train,non_g2
4142,mp-aaaaatio,0.0,163.09368896484375,178.0914764404297,0.6953963041305542,0.6574113368988037,train,non_g2
4399,mp-aaaaavmx,0.0,1006.3084106445312,1044.3026123046875,0.6381868124008179,0.6154401302337646,train,non_g2
5792,mp-aaaabhvh,0.0,281.640625,222.29925537109375,0.7594581842422485,0.6628555059432983,train,non_g2
5885,mp-aaaabici,0.0,554.115478515625,542.1792602539062,0.657171368598938,0.6597452163696289,train,non_g2
6004,mp-aaaabini,0.0,394.8337707519531,580.830078125,0.8277609944343567,0.38390493392944336,train,non_g2
7789,mp-aaabfbmg,0.0,530.102783203125,550.957275390625,0.7342334985733032,0.7224376201629639,train,non_g2
8109,mp-aaabfqcc,0.0,334.59423828125,570.9996948242188,0.8568839430809021,0.49528950452804565,train,non_g2
9528,mp-aaabjmwk,0.0,1013.1497802734375,1105.1612548828125,0.7757077813148499,0.7505120038986206,train,non_g2
10121,mp-aaabqvan,0.0,354.265869140625,495.1675720214844,0.7568567991256714,0.5428160429000854,train,non_g2
10417,mp-aaabraoy,0.0,363.5973205566406,411.4695129394531,0.7624853849411011,0.7372941970825195,train,non_g2
10582,mp-aaabruec,0.0,1302.827392578125,1080.7762451171875,0.7374608516693115,0.7395597696304321,train,non_g2
11977,mp-aaacdnzr,0.0,322.5928649902344,299.5625,0.4729853868484497,0.502339780330658,train,non_g2
11981,mp-aaacdoad,0.0,320.95538330078125,296.95916748046875,0.46692323684692383,0.48283278942108154,train,non_g2
12147,mp-aaacdsei,0.0,309.4205627441406,244.48046875,0.4692820906639099,0.48031914234161377,train,non_g2
12167,mp-aaacdspp,0.0,310.406494140625,255.4123077392578,0.44952094554901123,0.48659271001815796,train,non_g2
12620,mp-aaacewhi,0.0,277.6322326660156,302.37005615234375,0.6090469360351562,0.5674045085906982,train,non_g2
12799,mp-aaacfkmg,0.0,121.55061340332031,144.8750457763672,0.5241632461547852,0.31307899951934814,train,non_g2
12895,mp-aaacfrja,0.0,343.5185852050781,338.3764343261719,0.12857985496520996,0.14566928148269653,train,non_g2
12903,mp-aaacfroo,0.0,388.2839660644531,368.573486328125,0.42947471141815186,0.45070046186447144,train,non_g2
13082,mp-aaacfzan,0.0,613.6406860351562,541.208984375,0.3065272569656372,0.35285240411758423,train,non_g2
13180,mp-aaacgikg,0.0,699.4376831054688,510.0308532714844,0.4960503578186035,0.6357171535491943,train,non_g2
13366,mp-aaacilmc,0.0,134.29486083984375,129.6030731201172,0.18615013360977173,0.2357553243637085,train,non_g2
14113,mp-aaackvdk,0.0,914.423583984375,823.038330078125,0.22272759675979614,0.22247308492660522,train,non_g2
15832,mp-aaacpkso,0.0,273.56494140625,281.6746520996094,0.6352832317352295,0.6239798069000244,train,non_g2
15834,mp-aaacpktf,0.0,247.91989135742188,307.81982421875,0.5253061652183533,0.33789485692977905,train,non_g2
16766,mp-aaacpwra,0.0,1096.5045166015625,1115.422119140625,0.6668857336044312,0.6627382040023804,train,non_g2
18148,mp-aaacrsyy,0.0,164.7052459716797,212.77857971191406,0.7287440896034241,0.5798201560974121,train,non_g2
