split,arm,layer,median,p90,maximum
train,edge,0,0.01280662789940834,0.03646301105618477,0.06637480109930038
train,edge,1,0.014471303671598434,0.0424506776034832,0.08220033347606659
train,edge,2,0.017858434468507767,0.04752961918711662,0.09547045826911926
train,edge,3,0.01806802861392498,0.04681268148124218,0.09653852880001068
train,edge,4,0.017733540385961533,0.04164457693696022,0.088178850710392
train,edge,5,0.013944301754236221,0.02119642309844494,0.042502857744693756
train,edge_zero,0,0.0,0.0,0.0
train,edge_zero,1,0.0,0.0,0.0
train,edge_zero,2,0.0,0.0,0.0
train,edge_zero,3,0.0,0.0,0.0
train,edge_zero,4,0.0,0.0,0.0
train,edge_zero,5,0.0,0.0,0.0
valid,edge,0,0.012813549488782883,0.03623264282941818,0.05098573863506317
valid,edge,1,0.014496652409434319,0.042178390920162206,0.06078651547431946
valid,edge,2,0.01783495955169201,0.04764408990740776,0.07297749817371368
valid,edge,3,0.018274225294589996,0.04676183909177781,0.07742749154567719
valid,edge,4,0.017725259065628052,0.0415845736861229,0.07800252735614777
valid,edge,5,0.013833051547408104,0.021247160807251933,0.04265377297997475
valid,edge_zero,0,0.0,0.0,0.0
valid,edge_zero,1,0.0,0.0,0.0
valid,edge_zero,2,0.0,0.0,0.0
valid,edge_zero,3,0.0,0.0,0.0
valid,edge_zero,4,0.0,0.0,0.0
valid,edge_zero,5,0.0,0.0,0.0
