split,arm,metric,n,median,fail_pct
train,control,r2_edos_oracle,18706,0.4950229525566101,2.763819095477387
train,control,r2_edos_blind,18706,0.45787718892097473,5.1801560996471725
train,control,r2_phdos_oracle,18706,0.7476511001586914,0.908799315727574
train,control,r2_phdos_blind,18706,0.7402560710906982,1.6679140382764888
train,edge,r2_edos_oracle,18706,0.49339133501052856,2.822623757083289
train,edge,r2_edos_blind,18706,0.45730331540107727,5.634555757510959
train,edge,r2_phdos_oracle,18706,0.7479245066642761,0.8874158024163369
train,edge,r2_phdos_blind,18706,0.7408773303031921,1.7213728215545814
train,edge_zero,r2_edos_oracle,18706,0.4837484359741211,3.341173954880787
train,edge_zero,r2_edos_blind,18706,0.44366735219955444,6.495242168288249
train,edge_zero,r2_phdos_oracle,18706,0.7352904677391052,1.176093232118037
train,edge_zero,r2_phdos_blind,18706,0.7267272472381592,1.9619373463059981
valid,control,r2_edos_oracle,2313,0.46202588081359863,4.626026805015132
valid,control,r2_edos_blind,2313,0.42658531665802,7.868568958063121
valid,control,r2_phdos_oracle,2313,0.7198522686958313,2.03199308257674
valid,control,r2_phdos_blind,2313,0.7105648517608643,2.939904885430177
valid,edge,r2_edos_oracle,2313,0.4613170623779297,4.885430177258971
valid,edge,r2_edos_blind,2313,0.4289562702178955,8.25767401642888
valid,edge,r2_phdos_oracle,2313,0.722809910774231,2.3346303501945527
valid,edge,r2_phdos_blind,2313,0.7130723595619202,2.853437094682231
valid,edge_zero,r2_edos_oracle,2313,0.45301705598831177,5.620406398616516
valid,edge_zero,r2_edos_blind,2313,0.40686577558517456,9.165585819282317
valid,edge_zero,r2_phdos_oracle,2313,0.7129422426223755,2.421098140942499
valid,edge_zero,r2_phdos_blind,2313,0.7013205885887146,3.11284046692607
