arm,split,group,sample_index_a,sample_index_b,mpid_a,mpid_b,reduced_group,primary_valid,target_tv,predicted_tv,contrast_error_tv,contrast_cosine,contrast_mse
original,train,15:16|48:8,423,3943,mp-aaaaabjd,mp-aaaaarxw,15:2|48:1,False,0.2116293776424527,0.00010423437925055623,0.211621338058535,0.10155970349601458,0.33782869577407837
original,train,8:3|60:2,1183,2658,mp-aaaaaech,mp-aaaaalty,8:3|60:2,False,0.2833879719401011,0.014079082624448347,0.2858152750250156,-0.27684563484906966,1.2828105688095093
original,train,16:6|19:2|42:6,2704,14113,mp-aaaaamae,mp-aaackvdk,16:3|19:1|42:3,False,0.16268929076613858,0.004508825368247926,0.16277282423106954,0.10359937523038146,0.22030341625213623
original,train,8:3|68:2,4142,18148,mp-aaaaatio,mp-aaacrsyy,8:3|68:2,False,0.4171052366407366,0.03546019866098504,0.419267959058061,0.028760430310841453,2.3210220336914062
original,train,8:16|11:2|41:6,4399,9528,mp-aaaaavmx,mp-aaabjmwk,8:8|11:1|41:3,False,0.2721211942498485,0.01411434325382288,0.26795119404414436,0.34846480530462975,0.6003556847572327
original,train,28:2|83:2,5792,12620,mp-aaaabhvh,mp-aaacewhi,28:1|83:1,False,0.2394487393903546,0.0018268226413056254,0.2399597747134976,-0.2646048575156093,0.8425261974334717
original,train,8:8|23:2|83:2,5885,7789,mp-aaaabici,mp-aaabfbmg,8:4|23:1|83:1,False,0.3213603106123628,0.0026000212974395254,0.32098965617569775,0.20937392255602233,0.8814976215362549
original,train,8:12|11:4|17:4,6004,8109,mp-aaaabini,mp-aaabfqcc,8:3|11:1|17:1,False,0.7221765882568434,0.011157640088640619,0.7262400262479787,0.07086613267792105,15.486669540405273
original,train,8:6|37:4|40:2,10121,10417,mp-aaabqvan,mp-aaabraoy,8:3|37:2|40:1,False,0.2874588755028924,0.02245307317582501,0.2937166388646517,0.015166660499210902,1.3380248546600342
original,train,8:18|56:8|73:4,10582,16766,mp-aaabruec,mp-aaacpwra,8:9|56:4|73:2,False,0.33001828208216466,0.00825738304774859,0.3337078957738413,-0.12381682214200625,2.0364179611206055
original,train,59:1|68:3,11977,11981,mp-aaacdnzr,mp-aaacdoad,59:1|68:3,False,0.1434457298446432,0.0018211868482467253,0.14353134548127855,-0.00182936532182933,0.17215749621391296
original,train,62:3|69:1,12147,12167,mp-aaacdsei,mp-aaacdspp,62:3|69:1,False,0.10178208757452012,0.0019801995003945194,0.10171933407718825,0.00899095390974677,0.098049595952034
original,train,48:2|71:1,12799,13366,mp-aaacfkmg,mp-aaacilmc,48:2|71:1,False,0.2569476258940995,0.0011488450109027326,0.2571577660855837,-0.09108987778174656,0.5867340564727783
original,train,15:1|20:3|83:1,12895,12903,mp-aaacfrja,mp-aaacfroo,15:1|20:3|83:1,False,0.3711048242627939,0.0025005471316035255,0.37054273794611703,0.2893366615419595,1.2462341785430908
original,train,46:2|51:2|57:2,13082,13180,mp-aaacfzan,mp-aaacgikg,46:1|51:1|57:1,False,0.3156082618079381,0.001904296670545591,0.31559981652753777,-0.0015840048782683313,2.3338770866394043
original,train,19:3|31:1,15832,15834,mp-aaacpkso,mp-aaacpktf,19:3|31:1,False,0.2423462098959135,0.006683339081064332,0.24446972496662056,-0.2244479126132788,0.5832269787788391
frozen,train,15:16|48:8,423,3943,mp-aaaaabjd,mp-aaaaarxw,15:2|48:1,False,0.2116293776424527,0.04612660115373046,0.17719462782014261,0.5145671617638354,0.24843120574951172
frozen,train,8:3|60:2,1183,2658,mp-aaaaaech,mp-aaaaalty,8:3|60:2,False,0.2833879719401011,0.2825244221490948,0.004995431224983804,0.9999240395459783,0.00029061530949547887
frozen,train,16:6|19:2|42:6,2704,14113,mp-aaaaamae,mp-aaackvdk,16:3|19:1|42:3,False,0.16268929076613858,0.16185124179173727,0.006668217611149885,0.9981068458583182,0.000836971215903759
frozen,train,8:3|68:2,4142,18148,mp-aaaaatio,mp-aaacrsyy,8:3|68:2,False,0.4171052366407366,0.4182159386438933,0.0039929871718094034,0.9999740769995101,0.00014153298980090767
frozen,train,8:16|11:2|41:6,4399,9528,mp-aaaaavmx,mp-aaabjmwk,8:8|11:1|41:3,False,0.2721211942498485,0.2708061856434085,0.004914615069168349,0.9998716462321703,0.00020761624909937382
frozen,train,28:2|83:2,5792,12620,mp-aaaabhvh,mp-aaacewhi,28:1|83:1,False,0.2394487393903546,0.20541103969472374,0.04862212550133904,0.9802028566242235,0.03326810523867607
frozen,train,8:8|23:2|83:2,5885,7789,mp-aaaabici,mp-aaabfbmg,8:4|23:1|83:1,False,0.3213603106123628,0.31639342314229957,0.007875560448892927,0.9992967399528268,0.0013612665934488177
frozen,train,8:12|11:4|17:4,6004,8109,mp-aaaabini,mp-aaabfqcc,8:3|11:1|17:1,False,0.7221765882568434,0.7226504397759825,0.004760072738584142,0.9999870739819209,0.0004511304432526231
frozen,train,8:6|37:4|40:2,10121,10417,mp-aaabqvan,mp-aaabraoy,8:3|37:2|40:1,False,0.2874588755028924,0.28651196929045675,0.004486122411050175,0.9999185852507335,0.0002339041675440967
frozen,train,8:18|56:8|73:4,10582,16766,mp-aaabruec,mp-aaacpwra,8:9|56:4|73:2,False,0.33001828208216466,0.3229682397594118,0.01873670986407916,0.9895144232131571,0.04229307919740677
frozen,train,59:1|68:3,11977,11981,mp-aaacdnzr,mp-aaacdoad,59:1|68:3,False,0.1434457298446432,0.1298294702186169,0.020146529474722286,0.9877266391882883,0.004199436865746975
frozen,train,62:3|69:1,12147,12167,mp-aaacdsei,mp-aaacdspp,62:3|69:1,False,0.10178208757452012,0.08475668639508172,0.023908315214413278,0.9403008252440291,0.011398718692362309
frozen,train,48:2|71:1,12799,13366,mp-aaacfkmg,mp-aaacilmc,48:2|71:1,False,0.2569476258940995,0.2351179886664312,0.0376486928917501,0.9873238809367504,0.014794507063925266
frozen,train,15:1|20:3|83:1,12895,12903,mp-aaacfrja,mp-aaacfroo,15:1|20:3|83:1,False,0.3711048242627939,0.3632136693246011,0.021106109811441343,0.9864169610354985,0.033876508474349976
frozen,train,46:2|51:2|57:2,13082,13180,mp-aaacfzan,mp-aaacgikg,46:1|51:1|57:1,False,0.3156082618079381,0.29870881587316944,0.026426935070730906,0.9979040830481933,0.009803968481719494
frozen,train,19:3|31:1,15832,15834,mp-aaacpkso,mp-aaacpktf,19:3|31:1,False,0.2423462098959135,0.2321314880393146,0.02736155541803953,0.9662589373150585,0.03820163011550903
joint,train,15:16|48:8,423,3943,mp-aaaaabjd,mp-aaaaarxw,15:2|48:1,False,0.2116293776424527,0.21177078240725677,0.000382724695896286,0.9999971561389559,1.926173808897147e-06
joint,train,8:3|60:2,1183,2658,mp-aaaaaech,mp-aaaaalty,8:3|60:2,False,0.2833879719401011,0.2838282192049064,0.0007539005098351481,0.9999978893048665,5.2911359489371534e-06
joint,train,16:6|19:2|42:6,2704,14113,mp-aaaaamae,mp-aaackvdk,16:3|19:1|42:3,False,0.16268929076613858,0.1626624251366593,0.00023968401364982128,0.9999991591251323,3.89303664860563e-07
joint,train,8:3|68:2,4142,18148,mp-aaaaatio,mp-aaacrsyy,8:3|68:2,False,0.4171052366407366,0.41760555115297393,0.0007979232830166438,0.9999985840736253,6.5630247263470665e-06
joint,train,8:16|11:2|41:6,4399,9528,mp-aaaaavmx,mp-aaabjmwk,8:8|11:1|41:3,False,0.2721211942498485,0.2722423325733416,0.00032123809637596423,0.9999990625295235,1.159374846793071e-06
joint,train,28:2|83:2,5792,12620,mp-aaaabhvh,mp-aaacewhi,28:1|83:1,False,0.2394487393903546,0.23877718733274378,0.004233156010741368,0.9998888767319848,0.0001867053797468543
joint,train,8:8|23:2|83:2,5885,7789,mp-aaaabici,mp-aaabfbmg,8:4|23:1|83:1,False,0.3213603106123628,0.32172616326033676,0.000599907340529171,0.9999971146792372,5.108247023599688e-06
joint,train,8:12|11:4|17:4,6004,8109,mp-aaaabini,mp-aaabfqcc,8:3|11:1|17:1,False,0.7221765882568434,0.7237788719705804,0.0017291307215145935,0.9999992383280605,2.3617856641067192e-05
joint,train,8:6|37:4|40:2,10121,10417,mp-aaabqvan,mp-aaabraoy,8:3|37:2|40:1,False,0.2874588755028924,0.2879255315750129,0.0006197546836403944,0.9999984249473148,4.208519385429099e-06
joint,train,8:18|56:8|73:4,10582,16766,mp-aaabruec,mp-aaacpwra,8:9|56:4|73:2,False,0.33001828208216466,0.33053029623260954,0.000600014733208809,0.9999986744979071,5.437090749182971e-06
joint,train,59:1|68:3,11977,11981,mp-aaacdnzr,mp-aaacdoad,59:1|68:3,False,0.1434457298446432,0.14159412954722939,0.003011232253811613,0.9993522966979977,0.00022295316739473492
joint,train,62:3|69:1,12147,12167,mp-aaacdsei,mp-aaacdspp,62:3|69:1,False,0.10178208757452012,0.10175920533129101,0.0009790734388843703,0.9998950388341503,2.0582778233801946e-05
joint,train,48:2|71:1,12799,13366,mp-aaacfkmg,mp-aaacilmc,48:2|71:1,False,0.2569476258940995,0.2569001297815703,0.00024928204948082566,0.9999996758149294,4.048135053835722e-07
joint,train,15:1|20:3|83:1,12895,12903,mp-aaacfrja,mp-aaacfroo,15:1|20:3|83:1,False,0.3711048242627939,0.3715529808116571,0.0013365628353412262,0.9999892766823996,2.6826883186004125e-05
joint,train,46:2|51:2|57:2,13082,13180,mp-aaacfzan,mp-aaacgikg,46:1|51:1|57:1,False,0.3156082618079381,0.3157195477906498,0.0006746548824594356,0.9999988419399303,5.476789283420658e-06
joint,train,19:3|31:1,15832,15834,mp-aaacpkso,mp-aaacpktf,19:3|31:1,False,0.2423462098959135,0.24273945515597006,0.0006762604825780727,0.9999956768083527,4.977345270162914e-06
