split,comparison,metric,delta_median,delta_fail_pp,median_ci_low,median_ci_high,fail_ci_low_pp,fail_ci_high_pp
train,edge_minus_control,r2_edos_oracle,-0.001631617546081543,0.05880466160590181,,,,
train,edge_minus_control,r2_edos_blind,-0.0005738735198974609,0.45439965786378683,,,,
train,edge_minus_control,r2_phdos_oracle,0.0002734065055847168,-0.021383513311237085,,,,
train,edge_minus_control,r2_phdos_blind,0.0006212592124938965,0.05345878327809271,,,,
train,edge_minus_edge_zero,r2_edos_oracle,0.00964289903640747,-0.5185501977974981,,,,
train,edge_minus_edge_zero,r2_edos_blind,0.013635963201522827,-0.8606864107772907,,,,
train,edge_minus_edge_zero,r2_phdos_oracle,0.012634038925170898,-0.28867742970170013,,,,
train,edge_minus_edge_zero,r2_phdos_blind,0.014150083065032959,-0.24056452475141668,,,,
valid,edge_minus_control,r2_edos_oracle,-0.0007088184356689453,0.2594033722438389,-0.007603976130485535,0.005364753305912016,-0.2594033722438389,0.7349762213575445
valid,edge_minus_control,r2_edos_blind,0.0023709535598754883,0.38910505836575876,-0.005691777169704437,0.009110519289970394,-0.2161694768698666,1.0376134889753572
valid,edge_minus_control,r2_phdos_oracle,0.002957642078399658,0.30263726761781234,-0.0030353173613548276,0.008980911970138542,-0.04323389537397304,0.6485084306095981
valid,edge_minus_control,r2_phdos_blind,0.002507507801055908,-0.08646779074794643,-0.002564011514186859,0.009110286831855772,-0.5188067444876783,0.3458711629917854
valid,edge_minus_edge_zero,r2_edos_oracle,0.00830000638961792,-0.7349762213575445,0.004148861765861512,0.014336001873016355,-1.1240812797233026,-0.38910505836575876
valid,edge_minus_edge_zero,r2_edos_blind,0.022090494632720947,-0.9079118028534366,0.0158314049243927,0.02859625667333603,-1.4267185473411146,-0.4323389537397318
valid,edge_minus_edge_zero,r2_phdos_oracle,0.009867668151855469,-0.08646779074794643,0.0067021772265434265,0.016312043368816375,-0.4323389537397318,0.2594033722438393
valid,edge_minus_edge_zero,r2_phdos_blind,0.011751770973205566,-0.2594033722438393,0.007292090356349945,0.018858878314495085,-0.6485084306095977,0.08646779074794644
