arm,step,mean_mse,mean_tv,aggregate_mse_ratio,aggregate_tv_ratio,max_mse_ratio,max_tv_ratio,n_pairs_passed,all_pairs_passed,readout_gradient_norm,encoder_gradient_norm,elapsed_seconds
frozen,0,1.897983497940004,0.2934414567048011,1.0004980449054808,1.0035122885937315,1.023639315796538,1.021769247342987,0,False,0.0,0.0,0.026421797927469
frozen,100,0.4339807145297527,0.1680919411200419,0.2287674560316047,0.5748415047476695,0.9998691850528708,0.9999349029713204,0,False,10.726398468017578,0.0,6.938151511945762
frozen,200,0.2050141377840191,0.126046574175825,0.1080706150783286,0.4310545876543561,0.999896177213236,0.9999129057095376,0,False,1.7123433351516724,0.0,13.723804628942162
frozen,300,0.1419102180516347,0.1060432541154358,0.0748061802786333,0.3626471522541572,0.9997421631217404,0.9998780588137164,1,False,4.0292253494262695,0.0,20.51028605690226
frozen,400,0.1096001588593935,0.0817885273206948,0.0577743403876631,0.2797007387912089,0.9990134630015548,0.9995198882006204,2,False,0.2828058898448944,0.0,27.30495793092996
frozen,500,0.1182768431026488,0.0844375396199686,0.0623481449708226,0.2887598418395945,0.9981907313684628,0.9990851678539858,2,False,1.3090765476226809,0.0,34.1121311589377
frozen,600,0.1063089862582273,0.0769287177604884,0.0560394402915942,0.2630811422670597,0.9926632485417838,0.9965254246793704,3,False,3.7433149814605713,0.0,40.92873270995915
frozen,700,0.0845145283674355,0.0655283509994354,0.0445507669005038,0.2240941215929456,0.917929101474204,0.9565109075978412,3,False,0.2940430343151092,0.0,47.749632588005625
frozen,800,0.2112471074215136,0.0952164449330725,0.1113562463512227,0.3256215861232919,0.8076001455459627,0.9004063309085089,0,False,4.090817928314209,0.0,54.57596721698064
frozen,900,0.0784470833059458,0.0605103434551518,0.0413523898186269,0.2069335189586339,0.8362572635153761,0.9205542345887204,5,False,0.2920063436031341,0.0,61.39850987191312
frozen,1000,0.0798290900856955,0.0644423434970731,0.0420808972491111,0.2203801887139184,0.8356275346498627,0.9199683138992604,4,False,1.7838084697723389,0.0,68.22951410501264
frozen,1100,0.0687180780123526,0.0526139991335013,0.0362238674760039,0.1799295684918969,0.8346246788616541,0.9198350054531894,5,False,0.0729022100567817,0.0,75.06128514499869
frozen,1200,0.0449896353329677,0.0427621440301365,0.0237157184140426,0.1462381542906065,0.8346242378132822,0.9198625478955608,6,False,0.1727747917175293,0.0,81.89637533994392
frozen,1300,0.0422141771578026,0.0422020111633562,0.022252670668378,0.1443226096318139,0.795385928351692,0.8751825498009709,6,False,0.3930299282073974,0.0,88.7338354618987
frozen,1400,0.0383738207428905,0.0372060421515799,0.0202282752566002,0.1272373744607164,0.7719406789939687,0.8726221372126174,6,False,0.6658667325973511,0.0,95.5670686030062
frozen,1500,0.0332017098269261,0.0328049956498107,0.0175018622687776,0.1121866577119889,0.7704428787227239,0.8726949609639182,6,False,0.2975426912307739,0.0,102.40883351291995
frozen,1600,0.0333023379462247,0.0358192753494579,0.0175549071117543,0.1224949037036165,0.7655077238596143,0.8731215457833547,8,False,1.4449527263641355,0.0,109.25354730396066
frozen,1700,0.028974690012717,0.0271449137645998,0.0152736421264617,0.0928302866319141,0.7635413537979778,0.8726565932648015,8,False,0.0120700607076287,0.0,116.10111535689794
frozen,1800,0.0283214752709568,0.0263534718451275,0.0149293082201112,0.0901237103327866,0.7633619353202562,0.8724111032646742,8,False,0.0478840246796608,0.0,122.94724301993848
frozen,1900,0.0288889343346454,0.0289462886583532,0.0152284371031603,0.0989906358291451,0.7668252235563936,0.8726721229827316,7,False,0.0842024534940719,0.0,129.79582244693302
frozen,2000,0.0274868970745956,0.0274278217934618,0.0144893708578073,0.0937977766610765,0.7353128025316177,0.8372877397658763,8,False,0.0955677703022956,0.0,136.65279302001
joint,0,1.8979834336787464,0.2934414634293918,1.0004980110309698,1.003512311590514,1.023639886546352,1.0217692931888684,0,False,0.0,0.0,0.0454811980016529
joint,100,0.0884292932605603,0.0782479271797602,0.0466143858024,0.2675925800111805,0.9551850639726516,0.982865556503406,2,False,0.3897566795349121,0.1743447184562683,11.46978176792618
joint,200,0.0241361790231167,0.0335363511513562,0.0127230821291789,0.114687750234406,0.4126734686232379,0.5951163986185636,8,False,0.9706385731697084,0.3587603569030761,22.879567247000523
joint,300,0.0156791254153176,0.0220601069985941,0.0082650530633586,0.0754412437471369,0.2271490747922168,0.3597581822425822,9,False,0.1823541522026062,0.0893764272332191,34.30029328598175
joint,400,0.0119329080653187,0.0161868948040253,0.0062902818714421,0.0553560087672087,0.066357865942894,0.3010564817670793,10,False,0.1926031708717346,0.0576635301113128,45.72291834291536
joint,500,0.004366929246089,0.0100419351645171,0.0023019716334176,0.0343414507684645,0.0662275583008918,0.1119081925354811,12,False,0.1595603227615356,0.0539639145135879,57.156803871970624
joint,600,0.0031846113481606,0.0073505210512219,0.0016787276765454,0.0251373418238194,0.0656043453068644,0.1106803617429609,14,False,0.2186297178268432,0.0551260747015476,68.58111652289517
joint,700,0.000940534316669,0.0067671084308282,0.0004957907937636,0.0231421849688197,0.004681598235679,0.0601338029605484,16,True,0.244804248213768,0.1189412102103233,80.02079082594719
joint,800,0.0006157505788451,0.0055570557715145,0.0003245851457363,0.0190040419569125,0.0033377262655674,0.0438640074366227,16,True,0.2276529371738433,0.0535638816654682,91.94583106099162
joint,900,0.0002559445591714,0.0035391661237436,0.0001349179438773,0.012103254722199,0.0033933498008223,0.04553936842815,16,True,0.1041047275066375,0.0283984281122684,103.37324442795943
joint,1000,0.0003918489480838,0.0046588990168241,0.0002065582271298,0.0159325218297411,0.0038829291610057,0.0556381987314285,16,True,0.1310458928346634,0.0350533835589885,114.813009149977
joint,1100,0.000231809295883,0.0036569511987276,0.0001221953444661,0.0125060566012748,0.0032665673399025,0.0452640424799255,16,True,0.0768035650253295,0.0250510033220052,126.25790240697096
joint,1200,0.0004222046991344,0.0051426622298467,0.0002225598781508,0.0175868972356201,0.0035424206994625,0.050843778749437,16,True,0.0982402339577674,0.0262160990387201,137.69423187989742
joint,1300,0.000238140500187,0.0034640157457874,0.0001255327589035,0.0118462551536366,0.0032612068338452,0.0452835595800798,16,True,0.0978900864720344,0.0214662086218595,149.12195853691082
joint,1400,0.0002143099252407,0.0030757292254182,0.0001129707721062,0.0105183913300944,0.0026684282635897,0.0356836920465682,16,True,0.0916170552372932,0.0196838714182376,160.5642099599354
joint,1500,0.000211743656223,0.0033412076073164,0.0001116179957845,0.0114262753815933,0.0024551579330338,0.034269380165607,16,True,0.0728510171175003,0.0167229622602462,171.99892933189403
joint,1600,0.0003435314256421,0.0046490355698476,0.0001810882550304,0.0158987907736048,0.0023419082813436,0.0334859888786274,16,True,0.1867350339889526,0.031516745686531,183.43237632489763
joint,1700,0.0001465927939534,0.0027727466363702,7.727454106258218e-05,0.0094822502382601,0.0022577711282012,0.0306291201303523,16,True,0.0687646716833114,0.0178813710808753,194.8770682309987
joint,1800,0.0001473331464012,0.0031310120590215,7.76648085108298e-05,0.0107074477895743,0.0021202005304853,0.0318345364276157,16,True,0.1101564168930053,0.0193985402584075,206.316696994938
joint,1900,0.0099907251969852,0.0240370775265224,0.0052664846863108,0.0822020956091811,0.1130840133584067,0.4690288738595909,14,False,0.2733878195285797,0.0905205607414245,217.75627922592685
joint,2000,3.260172114138982e-05,0.001075283379833,1.718558580615502e-05,0.0036772584811308,0.0012952539183121,0.0209920211557133,16,True,0.0022261720150709,0.0006035158294253,229.19229365990032
g2_only,0,1.8979835188947616,0.2934414597994208,1.0004980559515169,1.0035122991767245,1.023639791421383,1.0217692773119609,0,False,0.0,0.0,0.0472231969470158
g2_only,100,0.2907545266207307,0.1515624282547904,0.1532675788526034,0.5183138093394678,0.9998553361339904,0.9999290547179642,0,False,5.588917255401611,1.412099003791809,10.012203616905026
g2_only,200,0.1681470209732651,0.1125180425503825,0.0886365797821865,0.3847896601106733,0.9997216984772804,0.999854894689534,0,False,1.6392501592636108,0.1547866761684417,19.876416670973413
g2_only,300,0.12803912669915,0.0873520124756838,0.0674942095507904,0.298726767979909,0.999322461490964,0.9996905478732776,2,False,0.3387775123119354,0.0540791377425193,29.764119848958217
g2_only,400,0.1111784318854915,0.0768056393900702,0.0586063070926698,0.2626602383547027,0.9984041987805012,0.9992685743539136,2,False,0.2425373792648315,0.0253387317061424,39.655056939926
g2_only,500,0.093410510024114,0.0690204270609678,0.0492401713472137,0.2360363375286344,0.9971930799510436,0.9986488186032656,3,False,0.3504886925220489,0.1734395921230316,49.55670207890216
g2_only,600,0.0832848855088741,0.0613659001738296,0.0439025761879618,0.2098593553091733,0.9934734544011116,0.9970508116518058,3,False,0.0688919499516487,0.0044135814532637,59.47226453793701
g2_only,700,0.0734338436400321,0.0552820991334797,0.0387097238050219,0.1890539477368811,0.8243294631338692,0.8970927847956419,4,False,0.1684409081935882,0.1120698824524879,69.38413057592697
g2_only,800,0.0684845197974937,0.0518347075425758,0.0361007502109742,0.1772645439358123,0.7339526534572679,0.8219008003139351,5,False,0.3552886545658111,0.1487545520067215,79.29158675193321
g2_only,900,0.0516882555129996,0.0494945212518676,0.0272468114930711,0.1692615653291231,0.675365463707232,0.7770093051773458,7,False,0.4947185218334198,0.0274716410785913,89.20965203095693
g2_only,1000,0.0433237218312569,0.0410354700002444,0.0228375531385002,0.1403332674118059,0.5414951539810129,0.6263018090104252,8,False,0.2927026152610779,0.1520829945802688,99.11949292197824
g2_only,1100,0.0407269481047478,0.0387275524580699,0.0214686966446192,0.1324406416027571,0.4855221020365408,0.5582757455154125,8,False,0.1351803988218307,0.0803501904010772,109.0353001980111
g2_only,1200,0.0387731600585539,0.0400872050157381,0.0204387819364574,0.137090386956259,0.3893485495021666,0.6035945326435344,8,False,0.2127169072628021,0.0639356225728988,118.96256918099245
g2_only,1300,0.0355899673650128,0.0367627790526466,0.0187608020857886,0.1257215015099246,0.2528052440651428,0.4677683948431872,8,False,0.4883217513561249,0.2922967672348022,128.89224120299332
g2_only,1400,0.0321129149670014,0.0357816766689834,0.0169279178009568,0.1223663235830202,0.2144502883353732,0.4616731632566928,8,False,0.2790933549404144,0.1346130818128585,138.8490122379735
g2_only,1500,0.0286348399295093,0.0295218240930973,0.0150944944446303,0.100958854252583,0.1730201448843902,0.4583815319057211,8,False,0.3311287462711334,0.064895711839199,148.79939706390724
g2_only,1600,0.0137273391252392,0.0164748522317663,0.0072361935556673,0.0563407667512199,0.1056240944725612,0.2132300609672965,9,False,0.0238754507154226,0.0153273018077015,158.75858166697435
g2_only,1700,0.011750525479897,0.0147722119963644,0.0061941411935398,0.0505180707406871,0.0964697054899496,0.179576372316694,9,False,0.0162150412797927,0.0072610606439411,168.70461128291208
g2_only,1800,0.0092779646896588,0.0126316712315153,0.0048907619812188,0.0431978407163291,0.0939296527846691,0.136062504636807,9,False,0.0603690631687641,0.0076518761925399,178.66814702993724
g2_only,1900,0.0081973926202749,0.0111656973227731,0.0043211520536449,0.0381844971734618,0.0823436759176562,0.127423630331264,10,False,0.1336767971515655,0.0759399607777595,188.6505238979589
g2_only,2000,0.0351909851160598,0.0444965641042065,0.0185504836291409,0.1521695311228306,0.6014760124816689,0.7935946204966624,4,False,2.334843635559082,3.023320436477661,198.6009821689222
