epoch,seed,epoch_time_s,peak_vram_mb,alpha_e,alpha_p,train_loss,train_loss_edos,train_loss_phdos,train_loss_tv,train_loss_grad,train_loss_edos_slope,train_edos_slope_ratio,train_edos_slope_lambda,train_loss_shape_e,train_loss_shape_p,train_loss_scale_e,train_loss_scale_p,train_loss_eta,train_loss_scalar,train_loss_gap,train_loss_sum,train_loss_c5_moe_balance,mae_edos_mean,mae_edos_std,mae_edos_median,mse_edos_mean,mse_edos_std,r2_edos_mean,r2_edos_std,r2_edos_median,fail_rate_edos,mae_phdos_mean,mae_phdos_std,mae_phdos_median,mse_phdos_mean,mse_phdos_std,r2_phdos_mean,r2_phdos_std,r2_phdos_median,fail_rate_phdos,balanced_score
1,42,259.04500222206116,9056.39013671875,0.0,0.0,0.37970421278578603,0.21664059880452277,0.15729731760728052,0.0,0.0,0.0,0.0,0.0,0.0,0.0,0.0,0.0,0.005766297085807682,0.0,0.0,0.0,0.0,2.061444395276127,2.394280083710781,1.3326725959777832,29.205836542149612,114.34647878616296,0.4341865242996414,0.5703321281750872,0.5137808322906494,5.923043666234327,0.010314268475824522,0.011237690433319333,0.006939686369150877,0.0009900001812358688,0.0032203347581487626,0.632410936705024,0.8876554094779074,0.7374868988990784,3.8478166882836145,0.669806141173467
2,42,257.0609724521637,8891.6572265625,0.0,0.0,0.3929922450811435,0.22091874729873787,0.16626305611979247,0.0,0.0,0.0,0.0,0.0,0.0,0.0,0.0,0.0,0.0058104417059952635,0.0,0.0,0.0,0.0,2.064658821988456,2.3824299120756542,1.3367701768875122,28.97951993804749,114.57329117279343,0.4329882256921833,0.547447405934408,0.5116886496543884,6.052745352356247,0.010285418209200262,0.011218195986969961,0.006968967150896788,0.0009721361106284684,0.0033005908282258013,0.6533682903736328,0.5210379271652987,0.7455902695655823,3.588413316039775,0.6718695720192045
3,42,257.476101398468,8952.298828125,0.0,0.0,0.40536182359752493,0.22332595143562708,0.1761333751372802,0.0,0.0,0.0,0.0,0.0,0.0,0.0,0.0,0.0,0.005902497464010858,0.0,0.0,0.0,0.0,2.0737879736710565,2.4086230176796084,1.331771731376648,29.54028536444244,118.50452273492996,0.4335310382601816,0.5474355378535624,0.511690080165863,5.966277561608301,0.010329157230695907,0.011357474376592179,0.0070289005525410175,0.0009746791110472462,0.0033693303230087498,0.6447193815859684,0.5742497375123955,0.7419610023498535,3.545179420665802,0.6694003159645945
4,42,257.19266057014465,8886.27783203125,0.0,0.0,0.4171760294172499,0.22692009376155006,0.18434603221905538,0.0,0.0,0.0,0.0,0.0,0.0,0.0,0.0,0.0,0.005909903696141182,0.0,0.0,0.0,0.0,2.0874816194898216,2.3987582839720627,1.343104600906372,29.66734582612229,115.59114975914835,0.4266769195396664,0.5503710659360634,0.5043834447860718,6.441850410722005,0.010426772263297574,0.011154143530796076,0.007052719593048096,0.0009719285829276001,0.0031804633054631974,0.6523025274998276,0.37726049326857686,0.7365373969078064,3.4154777345438823,0.6750786602497101
5,42,257.52124524116516,9060.4970703125,0.0,0.0,0.4292381808798537,0.23062665676459287,0.19265136048834547,0.0,0.0,0.0,0.0,0.0,0.0,0.0,0.0,0.0,0.005960163609801322,0.0,0.0,0.0,0.0,2.077316738996885,2.3596608948293905,1.347830891609192,28.602641296171544,109.90355553211856,0.4335431313545633,0.49350382984796803,0.5058766603469849,6.052745352356247,0.01038168012224427,0.011165645679767725,0.0070115951821208,0.0009589937036230298,0.0035254379149529252,0.6673677773945681,0.292620120775763,0.7386261820793152,2.7237354085603114,0.6774212433956563
6,42,257.36213207244873,8992.6591796875,0.0,0.0,0.4409289818543654,0.23416188896721246,0.2008206156329212,0.0,0.0,0.0,0.0,0.0,0.0,0.0,0.0,0.0,0.005946477627954804,0.0,0.0,0.0,0.0,2.0823479560395106,2.39142416440521,1.3665844202041626,28.95314285610559,110.8378384588695,0.4270633880936424,0.6198529803054611,0.5065115690231323,5.923043666234327,0.010489921560861296,0.011358820532827076,0.0070419879630208015,0.0009723663992391493,0.003453332611563804,0.6655586954323801,0.2793847799752439,0.736292839050293,2.7669693039342844,0.6868132040835917
7,42,257.09440541267395,8939.56640625,0.0,0.0,0.42707095604676465,0.22916924668173505,0.1920165818471175,0.0,0.0,0.0,0.0,0.0,0.0,0.0,0.0,0.0,0.00588512807391966,0.0,0.0,0.0,0.0,2.0887847992535593,2.3602263570496045,1.3505107164382935,28.7139063463649,103.53724182894611,0.41981972446701404,0.7041405843286609,0.5085600018501282,6.268914829226113,0.010495900854145625,0.011149083648934617,0.007149607874453068,0.0009575307166074929,0.0031771923965879796,0.66071603327049,0.33538939827568554,0.7336218953132629,3.0263726761781236,0.6788301621563733
8,42,256.92904782295227,8951.7236328125,0.0,0.0,0.3955755511410216,0.2181782295815965,0.17165220881629195,0.0,0.0,0.0,0.0,0.0,0.0,0.0,0.0,0.0,0.005745111643058113,0.0,0.0,0.0,0.0,2.0690027493975456,2.375726526006376,1.3411643505096436,29.307647634035085,115.32139473074527,0.4316370364035356,0.5822547427547803,0.5117924213409424,6.22568093385214,0.010345052306806712,0.011252084295224877,0.006888785865157843,0.0009728811813266056,0.003292470334778448,0.6527892522774782,0.543155519797664,0.7372710704803467,3.11284046692607,0.6740265681874007
9,42,256.8495535850525,8891.36865234375,0.0,0.0,0.36017506041078484,0.2069958922954706,0.1475940539796128,0.0,0.0,0.0,0.0,0.0,0.0,0.0,0.0,0.0,0.005585113385469358,0.0,0.0,0.0,0.0,2.0495643724630623,2.343174257318445,1.324946403503418,28.90951912100171,112.31022513347096,0.43442866380112644,0.5612834440286721,0.5162311792373657,5.966277561608301,0.010231124106155898,0.011247286144322372,0.006765331607311964,0.0009798423700887282,0.003397672681985805,0.645433629455888,0.6871504549610901,0.7418907880783081,3.674881106787722,0.665855867555365
10,42,256.63210558891296,8901.1240234375,0.0,0.0,0.3329331903376131,0.19876694215668572,0.12868749304459645,0.0,0.0,0.0,0.0,0.0,0.0,0.0,0.0,0.0,0.0054787561412837004,0.0,0.0,0.0,0.0,2.0427286512843725,2.3504733683690646,1.3180773258209229,29.082028076482693,112.0503209616385,0.4280719014405689,0.6618383093170536,0.5185273885726929,6.571552096843926,0.010207944008720493,0.011264780005012937,0.006789361126720905,0.0009848588114508103,0.0033684016470975145,0.6385605194534618,0.7858692442892575,0.7427608966827393,3.8478166882836145,0.6624333434738219
