epoch,epoch_time_s,alpha_e,alpha_p,train_loss,train_loss_edos,train_loss_phdos,train_loss_shape_e,train_loss_shape_p,train_loss_scale_e,train_loss_scale_p,train_loss_gap,train_loss_sum,mae_edos_mean,mae_edos_std,mae_edos_median,mse_edos_mean,mse_edos_std,r2_edos_mean,r2_edos_std,r2_edos_median,fail_rate_edos,mae_phdos_mean,mae_phdos_std,mae_phdos_median,mse_phdos_mean,mse_phdos_std,r2_phdos_mean,r2_phdos_std,r2_phdos_median,fail_rate_phdos,balanced_score
1,105.86046743392944,-6.488087092293426e-05,0.0005158926360309124,0.14373448693109322,0.0675180736961761,0.07621641335981755,0.0,0.0,0.0,0.0,0.0,0.0,4.822733664364819,5.971853826514778,3.285588026046753,84.24436025909215,424.0215196404954,-0.10407295403560525,0.5834042619501711,0.04264897108078003,45.66010211524435,0.024632764593844135,0.02044696872928854,0.020120378583669662,0.00363717866982856,0.008131827693989308,0.33681064526761734,0.3363575502194437,0.40677422285079956,12.983223924142962,1.6528542023152113
2,105.73463177680969,-0.00026009007706306875,0.001070651924237609,0.08089614383680828,0.048574376384301364,0.03232176728959334,0.0,0.0,0.0,0.0,0.0,0.0,4.271091040427628,4.817185612499692,2.8547332286834717,75.88771669786996,309.012756365845,-0.028082760905454317,0.5429427609951035,0.05663561820983887,43.7636761487965,0.022233877196346893,0.017644753912023053,0.01828504353761673,0.003126122716199968,0.006236126542122746,0.40022978619186655,0.29081519345802165,0.45307058095932007,9.190371991247265,1.4365091361105442
3,105.76208972930908,-0.0008757530013099313,0.0014163170708343387,0.07339134601653491,0.044500248512095684,0.028891097450134705,0.0,0.0,0.0,0.0,0.0,0.0,3.8911097652280877,4.037341198181012,2.664767026901245,66.44302425035741,235.82023497109998,0.03275513735937429,0.5071524883061038,0.10047340393066406,38.7308533916849,0.020964131077492024,0.01656200942541299,0.017013125121593475,0.0027224248651286933,0.0052919010323017315,0.4601948225176482,0.27847962902366147,0.5137591361999512,6.564551422319474,1.3408900760114193
4,105.7636866569519,-0.0015728233847767115,0.0015947381034493446,0.06829753134714618,0.04123094058310499,0.027066590845497982,0.0,0.0,0.0,0.0,0.0,0.0,3.6163835281724914,3.7025076648441133,2.4215903282165527,59.38537450777917,188.61032783753652,0.11704668478753599,0.44510517862976146,0.2027435302734375,30.488694383661564,0.02048618995355623,0.016338427113974853,0.016454949975013733,0.0026025005044142983,0.005040590631860326,0.4788957957713644,0.2853974648849514,0.5260887742042542,6.856309263311451,1.2190226390957832
5,105.73150897026062,-0.002205199096351862,0.0017018915386870503,0.06317442516543775,0.03718182533631867,0.025992599937728126,0.0,0.0,0.0,0.0,0.0,0.0,3.448276898570299,3.559969636511865,2.3251912593841553,56.52992091780728,176.0393665554141,0.18789338326471552,0.43183452757294805,0.2555410861968994,23.340627279358134,0.020036445714157674,0.016359556174804977,0.01598234847187996,0.0025307570852105524,0.005071536794373972,0.49387112170740427,0.2811182248636213,0.5454360246658325,5.981035740335521,1.1705868039280176
6,105.7373480796814,-0.0027759287040680647,0.0017910270253196359,0.059863961548829565,0.03470707130849188,0.02515689026748995,0.0,0.0,0.0,0.0,0.0,0.0,3.2324961994106887,3.1873932458599037,2.225327253341675,51.752006772568656,153.30768112468294,0.23468285707728345,0.38266568850360977,0.2929161787033081,19.985412107950403,0.019714333380067776,0.01650315570815463,0.01564173586666584,0.0025101660837342993,0.005261614779112275,0.5025282098723536,0.2875358392828784,0.5561075806617737,6.199854121079504,1.1204844946041703
7,105.7512538433075,-0.0032093478366732597,0.0018645477248355746,0.0575232767220315,0.03306151848318973,0.024461758200828604,0.0,0.0,0.0,0.0,0.0,0.0,3.2071123198598603,3.1635100251982915,2.1909608840942383,49.5596278748814,143.05135799871167,0.2626340496635715,0.3761149679926112,0.3172150254249573,16.557257476294676,0.01947771915676851,0.01628503164900254,0.01564912497997284,0.002440182698167689,0.005248580317727866,0.5142094253363355,0.28969389768156445,0.5712183713912964,5.981035740335521,1.1033050045371056
8,105.76375985145569,-0.0036541770678013563,0.0019334008684381843,0.05587185169882399,0.03196234392333482,0.023909507824363237,0.0,0.0,0.0,0.0,0.0,0.0,3.1818258895611433,3.1760956065750023,2.1406607627868652,48.66799526273481,141.52522715252368,0.2822327027783439,0.38171217767205634,0.336708128452301,15.609044493070751,0.019270089826951473,0.016552964886069946,0.015442222356796265,0.0024452445905893995,0.0055796583913454685,0.5182806327341248,0.290795058765857,0.5786072611808777,5.908096280087528,1.0780514925718307
9,105.77935528755188,-0.00408438453450799,0.0020038746297359467,0.05454016168419891,0.03108726392986128,0.02345289778148989,0.0,0.0,0.0,0.0,0.0,0.0,3.166382879942634,3.187649371956318,2.1280384063720703,47.89791107457063,138.71390422521807,0.29867807698023746,0.37560360339705706,0.35292214155197144,15.025528811086797,0.019100162881544713,0.016501742167107723,0.015201963484287262,0.0024072097609961563,0.005659858040140049,0.5272633477252039,0.2945166801625318,0.5890293717384338,5.981035740335521,1.0716201849281788
10,105.73551726341248,-0.004427922423928976,0.0020652287639677525,0.053311121956860705,0.030289580697959437,0.023021541307775343,0.0,0.0,0.0,0.0,0.0,0.0,3.155193705772023,3.1676243021586044,2.1380300521850586,47.37552061255812,137.78966840358544,0.30361962487974103,0.3860180809438027,0.3623971939086914,14.36907366885485,0.019101745123366324,0.01641767422295172,0.015206827782094479,0.002375153634474579,0.0057116061270239375,0.5328323835877934,0.29896402270475825,0.5997353792190552,5.762217359591539,1.0766184399835765
11,105.7513427734375,-0.0047718919813632965,0.002139059128239751,0.0522599798401834,0.02961587124441699,0.02264410869351455,0.0,0.0,0.0,0.0,0.0,0.0,3.109862200318028,3.1611254937458093,2.101006507873535,46.595575935501444,137.2248535977453,0.3149820777902109,0.3747948310219891,0.3681545853614807,13.49380014587892,0.01885841405212765,0.016393071776241365,0.01508159376680851,0.00236049430151235,0.005892905099486734,0.5372845162274106,0.3002415994656652,0.6064342260360718,5.835156819839534,1.0580440508201718
12,105.76126861572266,-0.0050930483266711235,0.00218787370249629,0.051362700716920916,0.029048294181943636,0.022314406502394565,0.0,0.0,0.0,0.0,0.0,0.0,3.1062161105227766,3.1538863561899544,2.1016392707824707,46.10092432677534,135.0895097658537,0.3239919609348762,0.3701650118015845,0.3702855110168457,12.545587162654998,0.018836042591483405,0.016410494361079428,0.014979026280343533,0.0023385777990605617,0.005906962709463162,0.541398095702012,0.3042120603983737,0.6113501787185669,6.3457330415754925,1.0583091485314071
13,105.74618268013,-0.005387406330555677,0.0022537088952958584,0.050557341339723706,0.02854877276992311,0.02200856843946974,0.0,0.0,0.0,0.0,0.0,0.0,3.048290646560952,3.0731887755342813,2.068596839904785,45.66957155000595,132.87219891513612,0.33032290592930946,0.3738971588536796,0.3842107057571411,12.691466083150985,0.01874395437481902,0.016407483026609878,0.014936244115233421,0.002327985157717061,0.005931232506606226,0.5431715153934832,0.30682704281911666,0.6168807744979858,6.12691466083151,1.0417665420100093
14,105.79297304153442,-0.005654195323586464,0.0023000468499958515,0.049862780991083676,0.02810933932922672,0.021753441615698116,0.0,0.0,0.0,0.0,0.0,0.0,3.026593019516037,3.0655173379536764,2.0562777519226074,44.93419351482955,130.97177408230658,0.3423924058740979,0.3544325785125283,0.39580464363098145,11.37855579868709,0.018716413045507863,0.016416289357384616,0.014894039370119572,0.002314576700348732,0.00602528180838831,0.5472217131321835,0.3074309877258342,0.6208006143569946,6.199854121079504,1.0355858956463635
15,105.76882791519165,-0.005917081609368324,0.0023515187203884125,0.04916402802913947,0.027709232648677102,0.02145479531801216,0.0,0.0,0.0,0.0,0.0,0.0,3.0319302326773396,3.1163096880201198,2.0446553230285645,45.54906884436703,135.23916533697854,0.33885090512832877,0.37689630021745557,0.39554548263549805,11.670313639679067,0.01856775395903345,0.016014177943446128,0.014732697047293186,0.002274942729020755,0.005751829929870089,0.5501942421988272,0.3053804306518336,0.6200752854347229,6.418672501823488,1.0296940100379288
16,105.75542902946472,-0.0061857630498707294,0.0023933500051498413,0.04849091338390164,0.02728104051039622,0.021209872811055217,0.0,0.0,0.0,0.0,0.0,0.0,3.0182197451928428,3.0711287506157143,2.0353951454162598,44.57043293120515,130.2219525710728,0.3467763501914377,0.36505635634733963,0.4041866064071655,11.086797957695113,0.01858405156896934,0.015945659994500663,0.014815015718340874,0.002262931199821232,0.005842425410828487,0.5531723490168281,0.3083539340830508,0.6321486234664917,6.3457330415754925,1.0251050805673003
17,105.76821231842041,-0.006449311040341854,0.0024438274558633566,0.04793101983584746,0.026936698829858365,0.02099432108744588,0.0,0.0,0.0,0.0,0.0,0.0,2.9441698020083638,2.925824604566228,2.0245110988616943,43.71749904321508,125.78392127286384,0.34873570781133195,0.3590827685600678,0.40819746255874634,10.86797957695113,0.018463037320141654,0.016087717099472515,0.014528068713843822,0.002252203830693859,0.006031299700040099,0.5563559869099151,0.30863900615416473,0.6340523958206177,6.418672501823488,1.019519583787769
18,105.77461266517639,-0.0067319441586732864,0.0024944464676082134,0.04737166459767186,0.026614312174846756,0.020757352363090127,0.0,0.0,0.0,0.0,0.0,0.0,2.9368056701611724,2.957803407512243,1.9833769798278809,43.617711764098,126.91982916229756,0.35632192105989574,0.3654901552712983,0.41532713174819946,10.649161196207148,0.018345571158472164,0.015728646851691244,0.01443826500326395,0.002225564056460249,0.0058146690604967775,0.5591575103376487,0.31123517777770693,0.6379283666610718,6.710430342815463,0.9989076224155724
19,105.77137994766235,-0.006995046511292458,0.0025487199891358614,0.04689121579767664,0.02631905522338677,0.02057216053356148,0.0,0.0,0.0,0.0,0.0,0.0,2.9454577665784165,3.0038905587742417,1.9791702032089233,44.20855922751634,130.67562484650998,0.35420604472956807,0.3787646823124209,0.4176916480064392,11.086797957695113,0.018288521780421854,0.015511272421070862,0.014381544664502144,0.0022121264890341444,0.005601579883209857,0.5588625304721552,0.30821551305690237,0.6366536021232605,6.491611962071481,0.9967758739367127
20,105.73313498497009,-0.007213354576379061,0.002595043508335948,0.04639881237820008,0.026002581315468072,0.020396231084453816,0.0,0.0,0.0,0.0,0.0,0.0,2.9384791505360672,2.976583040233467,1.9952664375305176,43.46049276544671,128.88239649594442,0.3590711363904412,0.37478054252238047,0.42295271158218384,10.430342815463165,0.01827810725520204,0.015516115742555984,0.014495279639959335,0.002193624198068301,0.005568547087214635,0.5614772259015223,0.3101965364228711,0.6442163586616516,6.3457330415754925,1.0048808585852385
21,105.78568243980408,-0.007405959069728851,0.0026281699538230896,0.04584883145835935,0.02568524502999755,0.02016358645008361,0.0,0.0,0.0,0.0,0.0,0.0,2.93681348784182,2.98162264015636,1.978652834892273,43.66066108360604,128.71317509004444,0.35599232511221274,0.3797470661164742,0.4229707717895508,11.305616338439094,0.018194192536630384,0.015520319688854175,0.014284489676356316,0.0021830680867275967,0.005669206625321011,0.5641291061515447,0.3104567304845298,0.6457254886627197,6.3457330415754925,0.9964686622843146
22,105.74969673156738,-0.007618346251547337,0.0026757356245070696,0.04546944541807772,0.025461013371847113,0.020008432035369707,0.0,0.0,0.0,0.0,0.0,0.0,2.9229187525531657,2.9535807259976856,1.9787622690200806,42.786233817383426,125.87145856245472,0.36800857550205757,0.36655998913269433,0.43353116512298584,10.430342815463165,0.018086361629432605,0.015277517472981585,0.01432188879698515,0.002169815351604394,0.005447860443762333,0.5660243941692433,0.3070982332559443,0.6477307081222534,6.0539752005835155,0.9965420789085329
23,105.72255635261536,-0.007838692516088486,0.002718244446441531,0.04501441353524739,0.025186028641053956,0.01982838486161072,0.0,0.0,0.0,0.0,0.0,0.0,2.8909674957557634,2.9138766406226977,1.9747314453125,42.91691341865903,127.99588648527207,0.3637756440084751,0.3753779314085497,0.42913925647735596,10.649161196207148,0.018107201492656388,0.015322230402626886,0.014304742217063904,0.0021628253173045357,0.005576973561593872,0.5670548621361313,0.3096903436977926,0.6500784158706665,5.908096280087528,0.994518093764782
24,105.74032330513,-0.008026347495615482,0.002765238517895341,0.04463069628565722,0.02494682815827364,0.01968386817354242,0.0,0.0,0.0,0.0,0.0,0.0,2.894526354756606,2.8934182702194566,1.9929617643356323,42.21575848005758,122.24890257076329,0.364567375113545,0.3804110261679819,0.43416714668273926,11.013858497447119,0.018075256591019467,0.015214677900733366,0.014321492984890938,0.0021484393168730207,0.005374562079737899,0.5674799868523162,0.3112031634565362,0.6511330604553223,6.199854121079504,1.0036416286602616
25,105.73384547233582,-0.008199834264814854,0.0028111967258155346,0.04420450097357219,0.02468724751915598,0.019517253370244198,0.0,0.0,0.0,0.0,0.0,0.0,2.9003111213597825,2.9613622723112054,1.9917126893997192,42.715287882296664,126.8132872905572,0.36790297072269373,0.3804050083689382,0.4387679100036621,11.013858497447119,0.01804528116516193,0.01532418606123595,0.014183013699948788,0.0021522608066648326,0.005531025878283625,0.5691092376027291,0.3125819086670919,0.6547027826309204,6.199854121079504,1.002947851549834
26,105.74222564697266,-0.008394286967813969,0.002873115474358201,0.04380947746792618,0.024429101073359608,0.019380376419003607,0.0,0.0,0.0,0.0,0.0,0.0,2.890670645903228,2.954000586234907,1.9596413373947144,42.83053883043934,127.24168541770923,0.36896912309047,0.3860281884999263,0.44715648889541626,10.576221735959153,0.018035291525213295,0.015247131968279988,0.014291554689407349,0.002144714198563589,0.005496033973060776,0.5704496573306278,0.3124770532569319,0.6568575501441956,5.835156819839534,0.9869664460420609
27,105.78976464271545,-0.008577108383178711,0.0029425229877233505,0.04337988469108896,0.024221939108071106,0.019157945493415388,0.0,0.0,0.0,0.0,0.0,0.0,2.9306610735727,3.0019506885964424,1.9687652587890625,42.43811065497802,125.58511266786901,0.3711242325370282,0.38096307732305673,0.44597285985946655,10.86797957695113,0.01795330738535329,0.015339403476541941,0.014091904275119305,0.0021530060561560775,0.005537707649184293,0.5706778262584945,0.31338877874859355,0.6557449102401733,5.981035740335521,0.9914285815320909
28,105.74172353744507,-0.008742466568946838,0.0029926032293587923,0.04307491670066692,0.024008634198815413,0.019066282567016934,0.0,0.0,0.0,0.0,0.0,0.0,2.918144147296964,3.0075353247926784,1.9788830280303955,42.49934968194448,126.28091484420763,0.37185554957407224,0.38592765589331535,0.44592511653900146,11.013858497447119,0.018000416304640346,0.015274116877755442,0.014352237805724144,0.00213361287227928,0.005504421521826546,0.5721909835076001,0.3135397218207402,0.6564605832099915,5.762217359591539,0.9966176329180598
29,105.7499029636383,-0.008924596011638641,0.0030427221208810806,0.04268925008703425,0.023791900599706626,0.01889734953348647,0.0,0.0,0.0,0.0,0.0,0.0,2.880093699988225,2.946203240404329,1.964616298675537,41.94264074793475,124.60199395323686,0.3781854180329738,0.3773905000903662,0.44766008853912354,10.13858497447119,0.01787803477815194,0.014987189983314721,0.01428455300629139,0.0021070626104765715,0.005288313909482611,0.5742335619063903,0.3120990542261057,0.6604576110839844,5.908096280087528,0.9894504258409142
30,105.78382754325867,-0.009089506231248379,0.003086616052314639,0.04236050383472929,0.0236271948556337,0.018733309000817402,0.0,0.0,0.0,0.0,0.0,0.0,2.917503956447197,3.006211495806624,2.004375457763672,42.617960049328545,129.45767477005808,0.36483096976422813,0.40842453665631756,0.4445784091949463,11.305616338439094,0.018070410050497268,0.014971639261673553,0.014557803981006145,0.002102576076456827,0.005243736827886571,0.5734895463410649,0.31384816998340126,0.6558781862258911,5.835156819839534,1.009466630872339
31,105.71931958198547,-0.009266432374715805,0.003157414263114333,0.04200424260457125,0.02339815402691288,0.018606088520638622,0.0,0.0,0.0,0.0,0.0,0.0,2.9099248684317764,3.0161940631260937,1.9847038984298706,42.77305318302604,130.57701954227187,0.3659458443424634,0.4069019846101186,0.45095860958099365,11.816192560175056,0.017924790098168837,0.015262043937622424,0.0141938216984272,0.002111695848209725,0.005496038144278245,0.5752487946478317,0.31464285020940075,0.6593654155731201,5.762217359591539,0.9994488600641489
32,105.74649310112,-0.009424123913049698,0.003219897160306573,0.041608852608558386,0.023155147693073783,0.018453704880186664,0.0,0.0,0.0,0.0,0.0,0.0,2.8847434980690174,2.96572934509648,1.9384665489196777,41.95662759403399,125.69717697679215,0.3688164055999572,0.40589863027541545,0.4498239755630493,11.37855579868709,0.017954371636139024,0.015173582603487714,0.014266693964600563,0.0021073495415130164,0.005411469607600898,0.5744416072888586,0.3181070862657291,0.6633380651473999,5.470459518599562,0.9763666214421391
33,105.74384617805481,-0.009578573517501354,0.003290344960987568,0.04132906631525856,0.02299423414790248,0.018334832189077888,0.0,0.0,0.0,0.0,0.0,0.0,2.8918866425709164,2.9840655708263917,1.9721225500106812,42.34402519705305,128.19867264457258,0.3659983766418056,0.41460595839888276,0.45159274339675903,12.399708242159008,0.01796639928516791,0.015253232237198416,0.014085497707128525,0.0021085438558755367,0.005408299554016022,0.5746356844467285,0.3201048195280497,0.6638500094413757,5.762217359591539,0.9931040238589048
34,105.81661796569824,-0.00971947330981493,0.0033719115890562534,0.04102177637745966,0.022799700862421238,0.018222075550336357,0.0,0.0,0.0,0.0,0.0,0.0,2.9197441328189218,3.069622283001204,1.9671272039413452,43.20697647053613,135.46304246690792,0.3610417729394441,0.4247682092172346,0.45025312900543213,12.035010940919037,0.01789177143679664,0.014815774447097134,0.014111499302089214,0.0020889124562707886,0.0050714202175592745,0.5753991943393459,0.3191984494795782,0.6648642420768738,5.908096280087528,0.9906193516217172
35,105.7308201789856,-0.009912467561662197,0.0034505464136600494,0.0406786344684769,0.022634428781905257,0.018044205681141193,0.0,0.0,0.0,0.0,0.0,0.0,2.8555545181492485,2.937346728040806,1.9292776584625244,41.73544298882449,128.1925750908985,0.37651715436875605,0.3968773692186329,0.45732325315475464,11.159737417943107,0.017826776538620942,0.015013033583150516,0.014057919383049011,0.0020926573994614708,0.005278553685601429,0.5757846030155992,0.3205867339399783,0.663884162902832,5.689277899343545,0.9716677889227867
36,105.76899480819702,-0.010049822740256786,0.003508287249132991,0.04044974176077384,0.022486746946550666,0.01796299473005116,0.0,0.0,0.0,0.0,0.0,0.0,2.867630170252008,2.982753659386979,1.929805040359497,41.876345545914155,128.6533375085708,0.3773601626410787,0.39860180446705595,0.45751112699508667,11.232676878191102,0.01788084634649686,0.015086725106790698,0.014181070029735565,0.0020952599227159604,0.005433265244829213,0.5750699976688749,0.32741178526859216,0.6664879322052002,5.981035740335521,0.9719930551946163
37,105.73190689086914,-0.010211564600467682,0.0035985514987260103,0.04016222072216755,0.022344500152258414,0.017817720730107484,0.0,0.0,0.0,0.0,0.0,0.0,2.838566195032268,2.9259920422242653,1.9269726276397705,41.77209432917239,127.66529430853645,0.3723867191701454,0.3992867645697606,0.4503940939903259,11.597374179431071,0.017867222894068037,0.015140997837720016,0.014252065680921078,0.002088979182254435,0.0053324877794747195,0.5759317956642023,0.3217989381234072,0.6673284769058228,5.908096280087528,0.9706123466603458
38,105.7628185749054,-0.010350333526730537,0.0036845507565885782,0.03984770830449141,0.02216111013866722,0.017686598152248052,0.0,0.0,0.0,0.0,0.0,0.0,2.827942321176167,2.923630917355369,1.9089128971099854,42.435159806466444,130.16382025220346,0.36598550929891027,0.4160678280954687,0.45432615280151367,12.107950401167031,0.017869028405107717,0.014906412167074144,0.014163332059979439,0.0020883577532819276,0.005200447865285382,0.5744157571326547,0.3273211008844649,0.6682251691818237,5.689277899343545,0.9615381145849824
39,105.79979157447815,-0.010543682612478733,0.00380346761085093,0.039668149464158205,0.022041110978964117,0.017627038485194087,0.0,0.0,0.0,0.0,0.0,0.0,2.850229821050367,2.9513905959774656,1.9177554845809937,41.78718760239,130.39769617703857,0.37105160008200233,0.41613398384803013,0.4538775682449341,11.816192560175056,0.017793093332484158,0.01465857515705209,0.014063914306461811,0.0020777415190571134,0.005062780902252245,0.5752717173942938,0.3279088119762935,0.6711963415145874,5.835156819839534,0.9659096994437277
40,105.74108529090881,-0.010669478215277195,0.003942281007766724,0.03934543721551624,0.021864701953035054,0.01748073531678571,0.0,0.0,0.0,0.0,0.0,0.0,2.8261397813116,2.928796207893851,1.8968578577041626,41.73793316154824,128.95643246685674,0.37557338168375864,0.40562569302356516,0.4572629928588867,11.74325309992706,0.01771209634360562,0.014751070342256757,0.014002678915858269,0.0020647238055816453,0.005003400753761436,0.5771545753437267,0.3267235190117416,0.670276403427124,5.908096280087528,0.9554302683100104
41,105.8017258644104,-0.01079412642866373,0.00404267618432641,0.039093189332471294,0.02173301872441616,0.01736017062977695,0.0,0.0,0.0,0.0,0.0,0.0,2.8296186657803153,2.954459218638145,1.9141427278518677,41.95396124910805,130.71141761645396,0.37377788718819704,0.41135670774672545,0.456676185131073,11.159737417943107,0.017754572377856725,0.014491235135681362,0.014076939783990383,0.002057793596710879,0.004870122804660781,0.5768781053941673,0.3278313759988468,0.6701598763465881,6.0539752005835155,0.964109833817929
42,105.793705701828,-0.010960273444652557,0.0041623967699706554,0.038842319643923214,0.02154396887618842,0.0172983507785957,0.0,0.0,0.0,0.0,0.0,0.0,2.8258402280449695,2.9404247928340603,1.9123663902282715,41.90181946554673,131.6638053914678,0.3753405789838578,0.4144457033010572,0.45342445373535156,11.597374179431071,0.017824250770230757,0.014948173004157796,0.014079528860747814,0.0020681667624481742,0.005142119209476731,0.5759756638567262,0.33191760226563477,0.6692456007003784,5.908096280087528,0.9632229595445096
43,105.73111820220947,-0.011100123636424541,0.004306219518184662,0.03863133107238712,0.02146181978459087,0.017169511266074446,0.0,0.0,0.0,0.0,0.0,0.0,2.8160663957168897,2.9560897398245682,1.883788824081421,42.396558552764404,133.70512420249085,0.3733371658798207,0.42285175998563423,0.45981425046920776,11.74325309992706,0.017829563063745984,0.014860829997276585,0.014156436547636986,0.0020734552025818433,0.005037709965689928,0.5779208600912366,0.3257934266292338,0.6699455976486206,5.908096280087528,0.9489726303145289
44,105.73087000846863,-0.011231757700443268,0.00439037661999464,0.03832762904530364,0.021298002343049204,0.01702962670768489,0.0,0.0,0.0,0.0,0.0,0.0,2.8228863413689522,2.959584653125571,1.9245818853378296,42.1939947128141,134.63698331166816,0.37059791617633475,0.429123114251563,0.45563775300979614,11.086797957695113,0.01779207714955084,0.014711978223190092,0.014095719903707504,0.002058767316720383,0.0049820477473026085,0.5789411790522235,0.3278575911076165,0.6696956157684326,5.835156819839534,0.9693388026207685
45,105.7960216999054,-0.011380033567547798,0.004515107721090317,0.03814661117276019,0.021177199943420145,0.016969411278214122,0.0,0.0,0.0,0.0,0.0,0.0,2.794142049737954,2.8997948683125823,1.8960535526275635,41.367902645839884,130.89240034705657,0.38116030180915095,0.4065009550709812,0.4569272994995117,10.795040116703136,0.017851053765464784,0.014863480217011412,0.01425902359187603,0.0020696373946363688,0.005137935785396214,0.5766803628767084,0.335804989660764,0.672400176525116,6.0539752005835155,0.9551562881097198
46,105.73567461967468,-0.011483464390039444,0.004640150349587202,0.037908542211610094,0.021045059905151237,0.016863482301028406,0.0,0.0,0.0,0.0,0.0,0.0,2.8037469680404072,2.9068231343330986,1.9304319620132446,42.04733160582665,133.2780279397129,0.3664806998184699,0.4330274284938392,0.46204423904418945,12.035010940919037,0.017803392249732167,0.014876580167954137,0.01409638300538063,0.0020699354673238877,0.005123380749300462,0.5775307076504246,0.3335146334349696,0.671025812625885,5.835156819839534,0.9722641725093126
47,105.72508525848389,-0.011629284359514713,0.0047546266578137875,0.03774935953080133,0.020960238553127463,0.01678912091793889,0.0,0.0,0.0,0.0,0.0,0.0,2.780156829196723,2.8566446475125695,1.8937480449676514,41.319937181013024,127.589823846304,0.3756272724994684,0.4077362558263325,0.46165430545806885,11.74325309992706,0.017823863084452468,0.015081608637595998,0.014183562248945236,0.0020690471101682457,0.005325020717107509,0.5773898579185675,0.3400197010299226,0.6734203100204468,6.272793581327499,0.9539658036082983
48,105.7888879776001,-0.011748543940484524,0.00491972453892231,0.037472702899497036,0.02081178824631796,0.0166609147074836,0.0,0.0,0.0,0.0,0.0,0.0,2.814085343305122,2.942994709532952,1.9139145612716675,42.144125302820136,132.71044540431208,0.3679704425284499,0.4357610439375587,0.46334928274154663,12.180889861415025,0.01777679094098635,0.014910424516034112,0.013960410840809345,0.00206648091316735,0.005223678825552427,0.5782524153405433,0.3331512798107398,0.673149585723877,6.12691466083151,0.9639374860562384
49,105.74235796928406,-0.011890328489243984,0.005036565009504557,0.03727299094460796,0.020693156623849022,0.016579834345195974,0.0,0.0,0.0,0.0,0.0,0.0,2.8067512962882923,2.9359327006161107,1.9104418754577637,42.095506606123564,133.99932299903398,0.3732277730100786,0.4297684026654843,0.46662795543670654,11.962071480671042,0.017694968607172745,0.014556050304771376,0.014087041839957237,0.0020398967264971418,0.004768251848952651,0.5800183801038868,0.32926606896007227,0.6754955649375916,6.272793581327499,0.9622644586488605
50,105.72260642051697,-0.012006591074168682,0.005172175820916891,0.037099750864566586,0.020628715482467117,0.016471035382099472,0.0,0.0,0.0,0.0,0.0,0.0,2.822754017796767,2.979772483142227,1.8880975246429443,42.21499289033689,136.65602847170985,0.3718543463949736,0.4328865308359926,0.46439898014068604,11.889132020423048,0.017789258187177186,0.015130136815166484,0.014189235866069794,0.0020642877687630794,0.005328338620404357,0.5790005141066252,0.33628502381426156,0.6773555278778076,6.272793581327499,0.9511433802545071
51,105.80067348480225,-0.012112193740904331,0.005317944101989269,0.036847353910174734,0.02048661805005098,0.01636073584111717,0.0,0.0,0.0,0.0,0.0,0.0,2.8097348568280363,2.9901680902296226,1.8929377794265747,42.41394136811218,138.48688893199096,0.3735951941262015,0.4384366506564112,0.4648006558418274,11.74325309992706,0.01772988929107064,0.015267040950898673,0.014012733474373817,0.0020658447937087097,0.005454476424393413,0.5793770582983739,0.3361930667161211,0.677674412727356,6.3457330415754925,0.9534752564504743
52,105.77819895744324,-0.01221736241132021,0.00543638551607728,0.03672622106209093,0.020385265260739333,0.016340955785060243,0.0,0.0,0.0,0.0,0.0,0.0,2.808138223670635,2.9722941122544864,1.9140405654907227,42.166845999834045,138.7218079121998,0.37423920344471673,0.43896157029866173,0.4674527645111084,11.305616338439094,0.017814461862903433,0.015196765115670606,0.014077654108405113,0.0020687798729728426,0.0053669343436647,0.5769888084792117,0.33864650297109194,0.6759004592895508,6.418672501823488,0.9640591097995639
53,105.72248840332031,-0.01232674065977335,0.005585596896708012,0.03653792174581884,0.020333653302325626,0.016204268573824065,0.0,0.0,0.0,0.0,0.0,0.0,2.805904419719086,2.944335968902026,1.8858636617660522,41.89530415471676,133.4905543888987,0.37563695010262454,0.43422445674558213,0.468849778175354,10.86797957695113,0.01770181859997804,0.01478231264550395,0.014170913025736809,0.00204142049136316,0.004957062401771027,0.5813283600744585,0.3329596866335614,0.681380033493042,6.3457330415754925,0.9500172873958945
54,105.7698929309845,-0.012432270683348179,0.005715918727219105,0.036312196186523746,0.02016511650174943,0.016147079766231098,0.0,0.0,0.0,0.0,0.0,0.0,2.8039067693212276,2.977564423451001,1.8877346515655518,42.05469289662372,139.13798620611027,0.3776619142637385,0.4336510445390949,0.46977144479751587,11.305616338439094,0.017868431157272522,0.015174557454898081,0.014208531007170677,0.0020482376464041854,0.005158136887000004,0.5805175426578452,0.33489840867222187,0.6790386438369751,6.418672501823488,0.9509715912863612
55,105.77743172645569,-0.012541243806481361,0.005858910735696554,0.03614722815703372,0.020096517963546705,0.016050710082162748,0.0,0.0,0.0,0.0,0.0,0.0,2.810588296690316,2.9651960184929846,1.8941659927368164,41.95325175497102,136.86232429838978,0.3768673946090548,0.43265287157954724,0.4665355682373047,11.451495258935083,0.017880162343518358,0.015616023691061964,0.014221761375665665,0.00208410600036731,0.005699937933670774,0.5775133290054327,0.34140167051437476,0.6782580614089966,6.491611962071481,0.954193877056241
56,105.71925258636475,-0.012630307115614414,0.005995822139084339,0.036051803846835394,0.020038816388207693,0.01601298764597831,0.0,0.0,0.0,0.0,0.0,0.0,2.8322824105229105,2.984633859783077,1.8941166400909424,42.127261116013834,132.6622506339564,0.3713386048808053,0.44628832329185375,0.4688199758529663,11.670313639679067,0.01782169181740259,0.015205549189240867,0.01419770810753107,0.0020523278347664587,0.00533330463920419,0.5807118907538232,0.3375653974735928,0.6796568632125854,6.272793581327499,0.9541571740992367
57,105.80059051513672,-0.012737440876662731,0.006144705228507519,0.035798878585458146,0.0199031848786263,0.015895693674249135,0.0,0.0,0.0,0.0,0.0,0.0,2.8217042950623927,2.9679013759742454,1.8984355926513672,41.80497504944521,132.3179415869973,0.37277639938218154,0.44025308536213537,0.4649137258529663,11.962071480671042,0.017863865989016847,0.015544465482045203,0.014195984229445457,0.0020670239295639057,0.005501818305876676,0.57846230994516,0.34224194131895813,0.6805189251899719,6.272793581327499,0.9563157884404063
58,105.73407053947449,-0.012855146080255508,0.006281122099608183,0.03573281979921434,0.01986608415863778,0.015866735553689323,0.0,0.0,0.0,0.0,0.0,0.0,2.802465341295055,2.9629542164371627,1.9067316055297852,42.19398601225664,138.83799990519526,0.37529349570549114,0.44508314188489856,0.4684705138206482,11.524434719183079,0.017852582729742186,0.01528162233793572,0.014340813271701336,0.002049512222548712,0.005267009962612944,0.5817647148100327,0.3355167146036132,0.6844278573989868,6.12691466083151,0.9605362094007432
59,105.69444584846497,-0.012919834814965725,0.006403720006346703,0.03553152189701361,0.019764066776993845,0.015767455087437054,0.0,0.0,0.0,0.0,0.0,0.0,2.834434067253037,2.9875280231437635,1.9193952083587646,42.1028457333685,133.97585922143082,0.37208072096652833,0.4486586478429269,0.4690009355545044,11.670313639679067,0.01783936117454938,0.015231975574008995,0.01419712882488966,0.0020479834101628947,0.005300261643076051,0.581278878002598,0.33463328992275776,0.6832806468009949,6.12691466083151,0.9667961685918272
60,105.78926110267639,-0.013012460432946682,0.006528211757540703,0.03536888910864776,0.019664812260158034,0.0157040769082247,0.0,0.0,0.0,0.0,0.0,0.0,2.8325394732479543,2.9916621094197033,1.906247615814209,42.059558617218755,131.88629631341556,0.37612306663017914,0.43712677451397264,0.4688792824745178,11.305616338439094,0.017920073609439795,0.015548651692891945,0.014312997460365295,0.002061356891527329,0.005591675877661704,0.5812414385035992,0.3340444062911669,0.680205762386322,6.272793581327499,0.9602803066372871
61,105.74272084236145,-0.013105379417538643,0.006650950759649277,0.03527624227388955,0.01960003717311009,0.015676205095349005,0.0,0.0,0.0,0.0,0.0,0.0,2.840284344273532,3.025018237302802,1.9071117639541626,42.6768513263049,141.16817303120115,0.372781418997558,0.4500238907605958,0.469158411026001,11.524434719183079,0.01783126292830567,0.015387602462150415,0.014224378392100334,0.002047781371501555,0.005308728535938369,0.5818492711503344,0.3366541965285535,0.6795703172683716,6.199854121079504,0.9606680711731315
62,105.70741319656372,-0.01318439282476902,0.006812496576458216,0.03509650243658018,0.01951617030725535,0.015580332099457351,0.0,0.0,0.0,0.0,0.0,0.0,2.8302479442575827,3.0109738120847,1.900397539138794,42.19261452043463,137.90650494344814,0.3749728807996086,0.44655864989832905,0.47231024503707886,11.232676878191102,0.017853344143857402,0.015207816486948404,0.014184936881065369,0.0020390603806591245,0.005220445549221934,0.5838793950912119,0.33120636813022153,0.6798152923583984,6.0539752005835155,0.9572912380099297
63,105.77675724029541,-0.013257808052003384,0.006937539204955101,0.03494264637242253,0.019436551309557248,0.015506095100878452,0.0,0.0,0.0,0.0,0.0,0.0,2.8290891129276248,2.9897420621075783,1.9010508060455322,42.08798772877763,136.01885478597433,0.3729915504556429,0.45563523125070754,0.4707198143005371,11.597374179431071,0.017906147621228632,0.01557657157250783,0.014305164106190205,0.0020554786925988796,0.005565518781896037,0.5812706486053661,0.33990853462988535,0.6860074996948242,6.12691466083151,0.9576779850758612
64,105.72774457931519,-0.013332896865904331,0.00706444401293993,0.03486679093613569,0.01938891486853969,0.01547787613547665,0.0,0.0,0.0,0.0,0.0,0.0,2.859512800368447,3.0377435420224628,1.932344675064087,42.43667318542127,139.29887554738477,0.36942624945783165,0.4665804104360244,0.47128933668136597,11.889132020423048,0.017896884402443934,0.015440763232130792,0.014374605379998684,0.002046074778120283,0.00541910860010494,0.5839069270896355,0.334737208639235,0.6835726499557495,6.272793581327499,0.9733596402220428
65,105.72060298919678,-0.01341023575514555,0.007145493756979704,0.0347304152808106,0.01936503292846089,0.015365382398508555,0.0,0.0,0.0,0.0,0.0,0.0,2.8217102916657186,2.973394212176498,1.9002946615219116,41.7868314517484,136.01553661055812,0.37696623015282016,0.4426377938357179,0.47482824325561523,11.37855579868709,0.017993491844961556,0.015410876393047244,0.014414944685995579,0.002065755255843633,0.005420076648718006,0.5790705490425326,0.3402305014618944,0.6818779706954956,6.418672501823488,0.9573548031039536
66,105.76920509338379,-0.013468808494508266,0.0072692749090492725,0.03462813322163532,0.019291359648847022,0.015336773551066486,0.0,0.0,0.0,0.0,0.0,0.0,2.8421163881655422,3.020268150916207,1.9054412841796875,42.2313244598629,139.48648908065908,0.3726363622907476,0.4559901559228178,0.47300851345062256,11.524434719183079,0.017910547522268578,0.015799918311393973,0.014387219212949276,0.002070087436413914,0.005678457523577032,0.5815159059370807,0.3395954493929851,0.6826634407043457,6.418672501823488,0.9599142516963184
67,105.72935581207275,-0.013536163605749607,0.007367677520960569,0.03445082862722978,0.01917436851443772,0.015276460137229098,0.0,0.0,0.0,0.0,0.0,0.0,2.821395028613502,2.9767214426084454,1.893964171409607,42.05760816873047,136.1012229148191,0.37139686322577414,0.45629212782101336,0.4709087610244751,11.889132020423048,0.01795606230261459,0.015340951881577502,0.014410199597477913,0.00204453477137217,0.005278387780053717,0.5827635942715784,0.3334809088385649,0.683899462223053,6.199854121079504,0.9541871855035424
68,105.74306535720825,-0.013591206632554531,0.00748825166374445,0.03434949460556139,0.01911510281134451,0.015234391856667077,0.0,0.0,0.0,0.0,0.0,0.0,2.8203611444385706,2.9996295272581404,1.8986248970031738,42.554246588824775,141.90149845160897,0.37015588021817475,0.46283225806988326,0.4734211564064026,11.816192560175056,0.01786259780244774,0.015142465429550675,0.014381621032953262,0.0020422448689690112,0.005186919803477019,0.5820890644186174,0.335011687416849,0.6829084157943726,6.0539752005835155,0.9565032590180635
69,105.79139018058777,-0.01365820411592722,0.007602724712342024,0.034286065836255125,0.01910092978420567,0.015185136065625588,0.0,0.0,0.0,0.0,0.0,0.0,2.8506742997012116,3.0347538060743457,1.9165282249450684,42.60183267106515,140.77380190804786,0.36606001671346583,0.4727909233830785,0.46868884563446045,12.180889861415025,0.017837595265437826,0.015353925847796076,0.01427452266216278,0.0020585236750637966,0.00544979213582554,0.5825110274801109,0.3361593767147817,0.6801589131355286,6.272793581327499,0.9654013738036156
70,105.72712540626526,-0.013746868818998337,0.007686090189963579,0.034109736377313606,0.019015566364430303,0.01509417000473762,0.0,0.0,0.0,0.0,0.0,0.0,2.8253588103502447,3.004639683760981,1.9015438556671143,42.384550888024755,141.04662599541967,0.3731037151804812,0.46059160919555053,0.4736975431442261,11.889132020423048,0.01789641545736995,0.015284902418170413,0.014292719773948193,0.0020446232104323176,0.005244411664705051,0.5819188165977695,0.3377259364220207,0.681732177734375,6.3457330415754925,0.9579182877205312
71,105.75103449821472,-0.013800101354718208,0.007766679860651493,0.03401823546031474,0.018966806419845397,0.015051429121926124,0.0,0.0,0.0,0.0,0.0,0.0,2.8237554560191955,3.0229915203785396,1.9007763862609863,42.61352398429666,142.85229403901639,0.3685885505203258,0.47484670802382734,0.4731060862541199,12.180889861415025,0.017975221582237334,0.015382680979165043,0.014409136958420277,0.002056582839220162,0.0052954212737738844,0.5801329177978872,0.3397292733603119,0.6810949444770813,6.710430342815463,0.9575927616097033
72,105.73109292984009,-0.013858322985470295,0.007877516560256481,0.0339384705327864,0.018901230672336355,0.015037239857734813,0.0,0.0,0.0,0.0,0.0,0.0,2.8143050052785332,2.9650772245781507,1.8982173204421997,41.858405110810054,135.24319007919055,0.37161239727320766,0.45891878524422347,0.4738413691520691,11.74325309992706,0.017721434888707775,0.015061745786039695,0.014159955084323883,0.00204330234870965,0.005183805346862498,0.5833528308343227,0.3335225780413911,0.6798075437545776,6.0539752005835155,0.9561886377632618
73,105.70628809928894,-0.013923482038080692,0.007954946719110012,0.03386860376674649,0.018883742856366816,0.01498486088051219,0.0,0.0,0.0,0.0,0.0,0.0,2.816695850209369,2.980146486860595,1.8999634981155396,42.05665864985243,137.72785094156472,0.3718926140985552,0.4568750641754542,0.47008031606674194,11.962071480671042,0.01785876992813099,0.015388689726503835,0.014303630217909813,0.002060219665126296,0.00538820188068317,0.5810436243388359,0.3411479045078989,0.6834316253662109,6.564551422319474,0.9571335641667247
74,105.76740455627441,-0.013976708054542542,0.008038357831537724,0.03381451573928834,0.018832031675443357,0.014982484033977499,0.0,0.0,0.0,0.0,0.0,0.0,2.8114970566950777,2.9961534285843174,1.9002354145050049,42.59318516200597,141.29366789205082,0.3708615333472265,0.46073031907118384,0.4730909466743469,11.816192560175056,0.017802321100850366,0.015215255218202878,0.014315945096313953,0.002053042711056736,0.005329836227222798,0.5817491743879367,0.33968077104333577,0.6825687885284424,6.272793581327499,0.9572756798006594
75,105.77329778671265,-0.01401665061712265,0.008136187680065632,0.03367096393127483,0.018767566729673665,0.014903397212462071,0.0,0.0,0.0,0.0,0.0,0.0,2.8126215143720223,3.0115669186209786,1.8958693742752075,42.70944594748503,144.49947011910422,0.3703007449815084,0.47131711841358587,0.4797617793083191,12.25382932166302,0.017744672999988675,0.015294412507940319,0.014169689267873764,0.002062473983081565,0.0053353242292955684,0.5808586445192104,0.3394441004874897,0.6845906972885132,6.3457330415754925,0.9550195317715406
76,105.71510457992554,-0.01407330110669136,0.008218612521886826,0.03364913622270346,0.018735015067019373,0.01491412116382977,0.0,0.0,0.0,0.0,0.0,0.0,2.8151475725156123,3.002292272090739,1.8937959671020508,42.623205271236365,140.5925134953622,0.37002445771518544,0.4621680687200949,0.4734669327735901,11.816192560175056,0.01777702738046252,0.01542629494507362,0.014176186174154282,0.0020555184238493867,0.005427355052827439,0.5825267950606816,0.33634134670866433,0.686029314994812,6.272793581327499,0.9539860766381025
77,105.70539879798889,-0.014111100696027279,0.008305116556584835,0.033521087785894944,0.018696774000915597,0.01482431376325754,0.0,0.0,0.0,0.0,0.0,0.0,2.8252382381696237,3.0397977644878287,1.901517629623413,43.01325789946019,145.96623661674232,0.36718847002103155,0.4734875675048085,0.4721510410308838,12.472647702407002,0.017741516342325125,0.015284130813208516,0.014262549579143524,0.002065017570248827,0.0054011330534799755,0.5800464754118526,0.34068975744315144,0.682607889175415,6.491611962071481,0.9578900896012783
78,105.79472136497498,-0.014169775880873203,0.008386361412703991,0.03346374597259235,0.01868150942570614,0.014782236590329829,0.0,0.0,0.0,0.0,0.0,0.0,2.797090273201031,2.960838306604684,1.8855764865875244,42.19746604942079,137.65889379387787,0.3708741954432014,0.45993195829891304,0.47054821252822876,12.180889861415025,0.01773703860609441,0.015266741729007523,0.014194363728165627,0.0020604346904183678,0.005372509906911732,0.5812566826414836,0.33867427668986616,0.6851983070373535,6.491611962071481,0.949885425157845
79,105.71536159515381,-0.014203776605427265,0.008440172299742699,0.033351270139825584,0.018628269906424574,0.01472300015194423,0.0,0.0,0.0,0.0,0.0,0.0,2.810332632848462,2.987448513382054,1.894200086593628,42.255296293972165,140.60725554015278,0.36924747830320676,0.46854365623521144,0.472891628742218,12.691466083150985,0.01773337113353771,0.01521403849362988,0.014187253080308437,0.0020638347761594944,0.005333910304210002,0.5805548415142284,0.3409833071497967,0.6829156875610352,6.710430342815463,0.9541936698369682
80,105.74587178230286,-0.014249195344746113,0.008502202108502388,0.033268259832793,0.018572446501898,0.014695813352616813,0.0,0.0,0.0,0.0,0.0,0.0,2.792405421301494,2.967467731905575,1.8990391492843628,42.405570396843736,141.086834846473,0.3700136987507387,0.46462447058968603,0.47334420680999756,12.180889861415025,0.017669393264620283,0.014933405775087895,0.01427210308611393,0.0020508704476166076,0.005100526082080282,0.5808814128848604,0.33641242950659345,0.6792336106300354,6.418672501823488,0.9566556261852384
81,105.7133846282959,-0.01428433321416378,0.00857666227966547,0.033203833266745156,0.018538612959249374,0.01466522029391965,0.0,0.0,0.0,0.0,0.0,0.0,2.7986644161097503,2.9742249803668988,1.8917943239212036,42.432845339058126,140.2512062418277,0.36882156129304206,0.4680355991360931,0.4727441668510437,12.180889861415025,0.017722315724988696,0.015250193595298698,0.01418873481452465,0.002057117413171449,0.0053105093720277,0.5808064170252398,0.3419518232689067,0.6840075850486755,6.783369803063458,0.9529915293678641
82,105.69539165496826,-0.01432216539978981,0.00862948689609766,0.0332134145993533,0.01851983028450443,0.014693584268690024,0.0,0.0,0.0,0.0,0.0,0.0,2.776924158364295,2.9245024767440735,1.8871805667877197,41.94113183825431,135.90577372366843,0.3734897869421043,0.45455127266327433,0.4710959792137146,11.889132020423048,0.0177447446468687,0.015367295249310407,0.01422732975333929,0.002065781933790348,0.005400191942177667,0.5802136242259253,0.3417316310734666,0.687942385673523,6.710430342815463,0.9507039482705295
83,105.75451707839966,-0.014357094652950764,0.008691650815308094,0.03310502624633361,0.01849203220359525,0.014612993999294742,0.0,0.0,0.0,0.0,0.0,0.0,2.79961230176522,2.984309176458384,1.890284776687622,42.53485822250739,139.31225177179957,0.3705163531108636,0.45882877005336675,0.4700046181678772,12.107950401167031,0.01765690382878601,0.015339037311854018,0.014013944193720818,0.0020671765398138646,0.005454424778393405,0.5804428046067903,0.34054486111301246,0.6850700378417969,6.637490882567469,0.9521493604406714
84,105.71990418434143,-0.014391706325113773,0.008760590106248856,0.03302460043818714,0.018430409214456645,0.014594191204723916,0.0,0.0,0.0,0.0,0.0,0.0,2.789388454542988,2.952815862734531,1.8959264755249023,42.32906136505121,138.25233336440766,0.3721832887349035,0.4571497790459385,0.471021831035614,12.25382932166302,0.017629230851407707,0.015298200876740175,0.014071125537157059,0.0020599765351278125,0.005414499884984929,0.582124075821766,0.3375698639284985,0.686312735080719,6.418672501823488,0.9549988005310297
85,105.73436713218689,-0.014433873817324638,0.008823640644550323,0.032981408271210884,0.018416169468780476,0.014565238761702015,0.0,0.0,0.0,0.0,0.0,0.0,2.7714757130234715,2.9260176443002193,1.8785771131515503,42.13869936999143,139.15874289896087,0.3747497886136707,0.4525824957306138,0.4766126871109009,12.25382932166302,0.017665941374473897,0.015225936348108173,0.01403120532631874,0.0020527749774778984,0.005304914574436664,0.5830148447177256,0.3360859832651835,0.6854637265205383,6.418672501823488,0.9463041592389345
86,105.7704348564148,-0.014467211440205574,0.008881031535565853,0.03293416594255596,0.01838733873034097,0.014546827195923635,0.0,0.0,0.0,0.0,0.0,0.0,2.7727666203717867,2.9256753487437908,1.8782672882080078,41.92340234271302,136.41940712074515,0.3741464601390819,0.45294445316154736,0.4737052321434021,12.180889861415025,0.017705783428302282,0.015276407256912955,0.01412247959524393,0.0020736705152991177,0.005408652755993613,0.5792748344196706,0.34271900008649125,0.683295488357544,6.856309263311451,0.9461948839016259
87,105.7622754573822,-0.01449985895305872,0.008953563868999481,0.03287181425459531,0.01838214433977364,0.014489669865947597,0.0,0.0,0.0,0.0,0.0,0.0,2.7785960984580016,2.957155474524672,1.8730443716049194,42.36119772665838,140.00664747195057,0.3739271625648181,0.45379280850703785,0.4745281934738159,12.25382932166302,0.01766902709623152,0.015088408829101497,0.01406505610793829,0.002056790719886716,0.005240081348018985,0.5818530924558466,0.3383920597934887,0.680658221244812,6.564551422319474,0.9435547138564289
88,105.74067521095276,-0.014528481289744377,0.008995966985821724,0.03290694558303314,0.01836609870260554,0.014540846880427602,0.0,0.0,0.0,0.0,0.0,0.0,2.7929073083713747,2.9623459773838428,1.8905079364776611,42.24516205603351,137.08794372804013,0.3737292734921022,0.45225079412811914,0.47445815801620483,12.25382932166302,0.017697339793125454,0.015316664742545703,0.014128707349300385,0.0020645789835162525,0.005406366914130187,0.5824625972498081,0.336800836909025,0.6869757175445557,6.491611962071481,0.9523183219134808
89,105.78100085258484,-0.014549901708960533,0.009038005955517292,0.032795256508769514,0.018334246066781766,0.014461010403974585,0.0,0.0,0.0,0.0,0.0,0.0,2.7849541301224288,2.960591646533313,1.8927114009857178,42.38399248582703,138.73753813965186,0.37208848539536055,0.4610845545794517,0.4757416844367981,12.180889861415025,0.0176946951791693,0.015186230572673097,0.014048436656594276,0.00206201842313597,0.005296107117285412,0.5800102677856546,0.3419927383050282,0.6849226951599121,6.783369803063458,0.953379918821156
90,105.7279257774353,-0.014574795961380005,0.009086264297366142,0.032760313073982306,0.01833832240595588,0.014421990630013254,0.0,0.0,0.0,0.0,0.0,0.0,2.7851854470917816,2.954037218886017,1.888947606086731,42.306938079780174,136.9395203161594,0.37157065045824894,0.4584970592495982,0.4757397174835205,12.472647702407002,0.017627311970695194,0.015166835635205215,0.013960177078843117,0.0020576654492450597,0.00527667818817173,0.5814456839704062,0.3372053723865951,0.6825276613235474,6.783369803063458,0.951453891582787
91,105.75063872337341,-0.014603573828935623,0.009129689075052738,0.03268387742101625,0.018238123454718303,0.014445753939145682,0.0,0.0,0.0,0.0,0.0,0.0,2.7973854544984866,2.982566402211681,1.8920354843139648,42.53480436675316,139.52465620250598,0.37201107896043817,0.45558497468490344,0.47524166107177734,12.399708242159008,0.01765682095101166,0.015426678997987438,0.014011846855282784,0.0020735254856785426,0.0055245799428818845,0.582075383174515,0.3379211340154481,0.6817094087600708,6.637490882567469,0.9530236655846238
92,105.75089144706726,-0.014626611955463886,0.009180627763271332,0.03266906023090678,0.018245883750302973,0.01442317648603426,0.0,0.0,0.0,0.0,0.0,0.0,2.7959120333912075,2.9728416761870857,1.8916887044906616,42.4228388483668,137.13760082767237,0.37096018429484184,0.4622886532044768,0.4754401445388794,12.76440554339898,0.017713727780793033,0.015336901493679644,0.014025467447936535,0.0020710854345084876,0.005404052624314065,0.5804363742612036,0.34128982765913923,0.6838072538375854,7.00218818380744,0.9528570859692991
93,105.72574710845947,-0.01465225126594305,0.009217296727001667,0.032644207972175175,0.01821423321690834,0.014429974744405934,0.0,0.0,0.0,0.0,0.0,0.0,2.791174511147363,2.969624166142976,1.8812631368637085,42.45276021814948,138.01812314366148,0.37203025178784094,0.4594496369286086,0.47625279426574707,12.472647702407002,0.017738573203056256,0.015387043824472075,0.014165246859192848,0.002062395049227166,0.005374478156062251,0.5818643350830746,0.3397963063000225,0.6855456233024597,6.637490882567469,0.9477141918614507
94,105.71532940864563,-0.014679905958473682,0.009265804663300514,0.032581637621621,0.018186006931256795,0.014395630595331289,0.0,0.0,0.0,0.0,0.0,0.0,2.7869005857115674,2.968496387047113,1.8798930644989014,42.4535693626431,139.2322269303716,0.3736402186749192,0.4556804611815654,0.4722636342048645,12.399708242159008,0.017714820952592168,0.015332808848588975,0.014057088643312454,0.0020721419993402447,0.005418000483417496,0.5807917984970115,0.340927183300861,0.6836622953414917,6.856309263311451,0.9469750765711069
95,105.77827620506287,-0.014703592285513878,0.009316438809037209,0.032511561327008394,0.018167180449052907,0.014344380796498702,0.0,0.0,0.0,0.0,0.0,0.0,2.782603698129814,2.9457429847736853,1.873940110206604,42.09301559488954,135.54906476377334,0.37460526626184854,0.4514014139755319,0.4758944511413574,12.180889861415025,0.017675232823889223,0.015175581104314339,0.014000984840095043,0.002055825821213595,0.005260798645994649,0.5827506630634584,0.3370967713813122,0.6872494220733643,6.856309263311451,0.9439705475233495
96,105.77419686317444,-0.014716831967234612,0.009359149262309074,0.03252582772262937,0.018192440616211288,0.014333387155292159,0.0,0.0,0.0,0.0,0.0,0.0,2.78629817515829,2.9568122284961973,1.8957339525222778,42.321509804914925,137.79143562383925,0.371730678582348,0.45871580723206656,0.47717928886413574,12.618526622902989,0.01764239452627809,0.01515702700872827,0.013998438604176044,0.0020592244253430747,0.005322504754926188,0.581194294359804,0.3402315498011832,0.6831337809562683,6.929248723559446,0.9548661955632269
97,105.70973753929138,-0.014742949046194553,0.009412799030542374,0.032487918913320965,0.018162388039573638,0.014325530835734164,0.0,0.0,0.0,0.0,0.0,0.0,2.7937994814816833,2.9776519462978635,1.8863070011138916,42.36638816587632,138.72442105181574,0.37390849726813974,0.45556434852184413,0.4775328040122986,12.472647702407002,0.01763338104727149,0.015101504869363278,0.01393832266330719,0.002056223055002593,0.005280282304023675,0.581123880232276,0.34130897491913803,0.6847478151321411,6.929248723559446,0.9501226618885994
98,105.78661727905273,-0.014762116596102715,0.009444472379982471,0.03243220957544559,0.018115548726507943,0.01431666088152036,0.0,0.0,0.0,0.0,0.0,0.0,2.79633367487673,2.9921813849582173,1.8920607566833496,42.527607703168435,139.5124070300844,0.37377758329580685,0.4542208234091122,0.4787824749946594,12.180889861415025,0.017705141331018564,0.015304983537698583,0.014036527834832668,0.002064578666362647,0.005366719516359955,0.5810143153307474,0.3421425346742138,0.682442843914032,6.783369803063458,0.9530486422590911
99,105.80810475349426,-0.014786730520427227,0.009487129747867584,0.03240242325117046,0.018118945148613293,0.014283478132424653,0.0,0.0,0.0,0.0,0.0,0.0,2.7892541416983896,2.968378779907185,1.8883296251296997,42.14134788081555,136.82023166833497,0.3747410949436441,0.4546458617880764,0.4772094488143921,12.180889861415025,0.01765871916961789,0.015145937339031804,0.014057161286473274,0.0020593181005403474,0.005287795247696873,0.5809318196330081,0.339443145077813,0.6818848848342896,6.929248723559446,0.9511933932080865
100,105.71665239334106,-0.014804503880441189,0.009530017152428627,0.03233239441871122,0.018107983047473884,0.014224411411965728,0.0,0.0,0.0,0.0,0.0,0.0,2.795085448296204,2.986259153229019,1.885071873664856,42.50595928301775,139.5688202820038,0.372862918284755,0.45916097464997085,0.4742136001586914,12.326768781911014,0.017662141392453094,0.015309754932534406,0.014019997790455818,0.0020673984183402308,0.005424202812575056,0.5803953959592323,0.342233302495781,0.6825071573257446,6.929248723559446,0.9495459357276559
