epoch,seed,epoch_time_s,peak_vram_mb,alpha_e,alpha_p,train_loss,train_loss_edos,train_loss_phdos,train_loss_tv,train_loss_grad,train_loss_shape_e,train_loss_shape_p,train_loss_scale_e,train_loss_scale_p,train_loss_eta,train_loss_scalar,train_loss_gap,train_loss_sum,train_loss_c5_moe_balance,c5_expert_load_0,c5_expert_load_1,c5_expert_load_2,c5_expert_load_3,mae_edos_mean,mae_edos_std,mae_edos_median,mse_edos_mean,mse_edos_std,r2_edos_mean,r2_edos_std,r2_edos_median,fail_rate_edos,mae_phdos_mean,mae_phdos_std,mae_phdos_median,mse_phdos_mean,mse_phdos_std,r2_phdos_mean,r2_phdos_std,r2_phdos_median,fail_rate_phdos,balanced_score
1,42,365.2407033443451,7513.41357421875,0.0,0.0,1.234714577952002,0.5851738088151328,0.6356796840826671,0.0,0.0,0.0,0.0,0.0,0.0,0.013608349721210125,0.0,0.0,0.0,0.025273235384215657,0.25169119238853455,0.2516222298145294,0.24764320254325867,0.24904336035251617,2.720556737429076,2.771856514193729,1.8690099716186523,38.01848249524426,132.30983778040033,0.2260191682299339,0.29879433457182714,0.25803035497665405,14.87246000864678,0.013547201975126148,0.012904654321473343,0.009730945341289043,0.0012339979335381397,0.0031886957677631175,0.5601608715323313,0.26308772346204023,0.602698564529419,3.0696065715520966,0.9393704584799707
2,42,214.54165506362915,7512.40087890625,0.0,0.0,0.9719100252175943,0.4739373873951089,0.4871221642718356,0.0,0.0,0.0,0.0,0.0,0.0,0.010590019326211295,0.0,0.0,0.0,0.026045618276310783,0.24977286159992218,0.250241756439209,0.24938847124576569,0.25059688091278076,2.5321445163038194,2.635314495835569,1.7141410112380981,35.2818107562308,119.51180258660207,0.27747804900551587,0.3761871932175958,0.3257296085357666,10.981409424989192,0.012762779182744592,0.012093206830609026,0.009172332473099232,0.0011392004019137299,0.0029478011764510815,0.5883458437880447,0.2575631543648192,0.6392192840576172,3.0263726761781236,0.8616566718555987
3,42,214.11747002601624,7512.9208984375,0.0,0.0,0.885681762552669,0.42448052998281954,0.4515133001356043,0.0,0.0,0.0,0.0,0.0,0.0,0.009470080240414692,0.0,0.0,0.0,0.021785107305926137,0.24949409067630768,0.25029754638671875,0.24840925633907318,0.2517991065979004,2.493746785563769,2.6597622656574664,1.6530466079711914,33.532784007052406,109.93363339086628,0.329574676055801,0.3408295733017,0.3670441508293152,6.441850410722005,0.012324331601493993,0.012148486329356773,0.008816600777208805,0.0011104116219720437,0.003290919954761727,0.6037679314097955,0.258796731996315,0.6559584140777588,2.637267617812365,0.8309316043742001
4,42,213.31395602226257,7515.17236328125,0.0,0.0,0.8317286532149356,0.39568175678579215,0.4270523461521181,0.0,0.0,0.0,0.0,0.0,0.0,0.008817872455598326,0.0,0.0,0.0,0.017667743818372744,0.24881252646446228,0.2497490495443344,0.25087448954582214,0.25056391954421997,2.3979593558463246,2.5568758048636626,1.5914554595947266,32.07569847593122,105.49919778240994,0.35184019667422983,0.31852599506956175,0.3859263062477112,6.398616515348032,0.012464760066068644,0.012151230065303706,0.00895066186785698,0.0010753870215007369,0.003183292144720984,0.6179425088915019,0.23570312880964725,0.6658838987350464,1.8158236057068744,0.8002030607312918
5,42,213.25563168525696,7512.09423828125,0.0,0.0,0.7993564108498076,0.37873476290295266,0.4119959564545216,0.0,0.0,0.0,0.0,0.0,0.0,0.008456131398009183,0.0,0.0,0.0,0.016955912571686965,0.2492012232542038,0.2507812976837158,0.24943315982818604,0.25058430433273315,2.335500099889087,2.4922801067709903,1.5662364959716797,31.22891709117893,106.72196732747511,0.36326382426127074,0.3617594219786882,0.4056677222251892,5.750108084738435,0.011919229891701005,0.012014589321177535,0.008375238627195358,0.0010916764859002271,0.0036194434668889064,0.6210140938682572,0.2547447796059473,0.67545485496521,2.5507998270644183,0.7873058672994375
6,42,213.13301157951355,7513.89111328125,0.0,0.0,0.77076655626297,0.36409441709008994,0.39835705782613184,0.0,0.0,0.0,0.0,0.0,0.0,0.008151111448119976,0.0,0.0,0.0,0.01639697248609657,0.24827158451080322,0.24987688660621643,0.2509134113788605,0.2509381175041199,2.3103978261544857,2.4914363980244922,1.5193631649017334,30.825469610349337,105.19883577422186,0.37316306303241165,0.3874561387430682,0.4127631187438965,5.231301340250757,0.011879326863396773,0.011743570937415581,0.00859974417835474,0.0010532727575579604,0.0033454325905199886,0.627342614862654,0.25525773117701106,0.6863291263580322,2.4643320363164722,0.7639814545400441
7,42,212.37876176834106,7511.4404296875,0.0,0.0,0.734281444345784,0.347493035492734,0.3788084386760353,0.0,0.0,0.0,0.0,0.0,0.0,0.007838523398654965,0.0,0.0,0.0,0.014144854769747481,0.24878548085689545,0.24889059364795685,0.2503083050251007,0.2520155906677246,2.264351102854079,2.4516081958905653,1.49586820602417,30.915498757798513,113.28488120938475,0.37511977150076353,0.430164564026414,0.4287683963775635,6.22568093385214,0.011563643415997443,0.011466723176906246,0.008285123854875565,0.0009971171069737472,0.0030635296534568686,0.6405868168986313,0.25342275947530896,0.6933952569961548,1.9455252918287937,0.7520766649395227
8,42,211.65639734268188,7513.11767578125,0.0,0.0,0.6920358020016271,0.3301851420575737,0.35429309397681147,0.0,0.0,0.0,0.0,0.0,0.0,0.007442337985381357,0.0,0.0,0.0,0.01152262109467107,0.24852485954761505,0.24922020733356476,0.2504359185695648,0.25181904435157776,2.239511168040448,2.456792129199543,1.4734156131744385,30.34515077680417,118.10412603533783,0.4001131695274455,0.39100331512078823,0.4457729458808899,5.14483354950281,0.011415150185381182,0.011262087185808624,0.008060329593718052,0.0010015229966027963,0.002972317117745901,0.6439727601477248,0.2763866742125235,0.701918363571167,1.9455252918287937,0.7407379713840783
9,42,210.8042573928833,7512.1201171875,0.0,0.0,0.6491978486378988,0.3131659946635238,0.3287985826404686,0.0,0.0,0.0,0.0,0.0,0.0,0.007136649439811834,0.0,0.0,0.0,0.0096621439497695,0.24732853472232819,0.24903559684753418,0.2515321373939514,0.252103716135025,2.1888747832029605,2.4178741921356846,1.444079041481018,29.494365562754492,112.6470151379667,0.4134852758125985,0.3525053270455762,0.46014904975891113,4.9718979680069175,0.011063172308903956,0.01120109924506672,0.007824953645467758,0.0009590451034870557,0.003096756369529572,0.6562599917794016,0.25678271754799276,0.7133638858795166,2.03199308257674,0.7259519975632429
10,42,210.277583360672,7512.33935546875,0.0,0.0,0.6168643596335354,0.30195831001823786,0.3078815172625403,0.0,0.0,0.0,0.0,0.0,0.0,0.006940812862709037,0.0,0.0,0.0,0.008372014124169309,0.24734491109848022,0.24759258329868317,0.25157758593559265,0.25348490476608276,2.176012067601787,2.4194245852675946,1.4345650672912598,29.458530866328772,115.96358429726845,0.4172080368950312,0.3564328709646225,0.4634547829627991,4.9718979680069175,0.01090755919827522,0.011119818768816514,0.007663263939321041,0.0009489241894882768,0.0031357214316284315,0.6559991223235899,0.3418644483727722,0.7226201295852661,2.204928664072633,0.7211141656152904
