epoch,seed,epoch_time_s,peak_vram_mb,alpha_e,alpha_p,train_loss,train_loss_edos,train_loss_phdos,train_loss_tv,train_loss_grad,train_loss_edos_slope,train_edos_slope_ratio,train_edos_slope_lambda,train_loss_shape_e,train_loss_shape_p,train_loss_scale_e,train_loss_scale_p,train_loss_eta,train_loss_scalar,train_loss_gap,train_loss_sum,train_loss_c5_moe_balance,train_loss_edos_pair,train_pair_ratio,train_pair_lambda,mae_edos_mean,mae_edos_std,mae_edos_median,mse_edos_mean,mse_edos_std,r2_edos_mean,r2_edos_std,r2_edos_median,fail_rate_edos,mae_phdos_mean,mae_phdos_std,mae_phdos_median,mse_phdos_mean,mse_phdos_std,r2_phdos_mean,r2_phdos_std,r2_phdos_median,fail_rate_phdos,balanced_score
1,42,210.54634547233582,7149.8349609375,0.0,0.0,0.3893785264247503,0.2168074814427612,0.1577151340042424,0.0,0.0,0.0,0.0,0.0,0.0,0.0,0.0,0.0,0.005768437140708805,0.0,0.0,0.0,0.0,0.03503687751089406,0.10000000000000096,0.25936880707740784,2.05970617459094,2.389679336033487,1.3225057125091553,29.238006503711397,114.73940817788302,0.4356490164621537,0.5673634657640807,0.5158118009567261,5.793341980112408,0.01027310054002441,0.01115944952856802,0.006878322921693325,0.0009778604749238302,0.0031548820681030544,0.6368443555920555,0.8258394555499368,0.7451839447021484,3.8910505836575875,0.6646920177154243
2,42,209.91443371772766,7148.1162109375,0.0,0.0,0.40165441769819993,0.2198156854026338,0.1669175057966485,0.0,0.0,0.0,0.0,0.0,0.0,0.0,0.0,0.0,0.005856435234125099,0.0,0.0,0.0,0.0,0.03494942514305441,0.10000000000000096,0.25936880707740784,2.058264297898255,2.3697234403465703,1.3334875106811523,28.687042250233137,113.4019485165531,0.43594600019957974,0.5258745157285972,0.515205979347229,5.966277561608301,0.010292620818071332,0.011282015408268528,0.00692441500723362,0.0009728744785558723,0.003302403038711048,0.654894919685095,0.4956272157779404,0.7448551654815674,3.372243839169909,0.670205962844193
3,42,209.95512914657593,7149.4599609375,0.0,0.0,0.4157978859212663,0.2241082615322537,0.17674483868301424,0.0,0.0,0.0,0.0,0.0,0.0,0.0,0.0,0.0,0.0058723834924336174,0.0,0.0,0.0,0.0,0.03497877347673106,0.10000000000000096,0.25936880707740784,2.074786545079841,2.396901123223654,1.3298746347427368,29.543223267314023,123.6743669652072,0.42899475703752765,0.6228019406230968,0.5109772682189941,5.750108084738435,0.010351615911888195,0.011431872031037304,0.006966773420572281,0.0009804535398943242,0.003430504700384452,0.6449919239401662,0.6701169514999387,0.7422112226486206,3.4587116299178557,0.6684207040816545
4,42,209.8997676372528,7148.3662109375,0.0,0.0,0.4296219631138011,0.2274956714393746,0.18714516364101672,0.0,0.0,0.0,0.0,0.0,0.0,0.0,0.0,0.0,0.005925345391385321,0.0,0.0,0.0,0.0,0.03491469079103225,0.10000000000000096,0.25936880707740784,2.0973422204776857,2.4451712065421645,1.3563549518585205,30.17051318249276,120.88290932770948,0.42383689440744965,0.5296276230603993,0.5035483837127686,6.355382619974059,0.010362531250666152,0.011074480968963206,0.006995299831032753,0.0009553521102656143,0.0031340046559864172,0.6631645699161706,0.2987068806313966,0.7386850118637085,2.896670990056204,0.6816751258447766
5,42,209.94003558158875,7148.9599609375,0.0,0.0,0.4437828209665087,0.23208508501704941,0.19663467255667744,0.0,0.0,0.0,0.0,0.0,0.0,0.0,0.0,0.0,0.005965214044365109,0.0,0.0,0.0,0.0,0.035076885192822184,0.10000000000000096,0.25936880707740784,2.0897164957809644,2.3806863518627095,1.3483506441116333,28.65208403904827,109.62616687668995,0.4304187830732439,0.511420469685941,0.5045215487480164,6.182447038478167,0.010489308572687544,0.01119352138801686,0.007122038397938013,0.0009595180905616116,0.0036157728249964385,0.6714528934088714,0.27363062536947197,0.7350040674209595,2.204928664072633,0.6777363412547857
6,42,209.9789354801178,7148.4599609375,0.0,0.0,0.4560179431214292,0.23628335778529827,0.20462000316534287,0.0,0.0,0.0,0.0,0.0,0.0,0.0,0.0,0.0,0.006012381068391041,0.0,0.0,0.0,0.0,0.035093661149342856,0.10000000000000096,0.25936880707740784,2.0882599067008965,2.383075721881516,1.3678241968154907,29.353763910433237,115.85379390785349,0.42064506748358615,0.5751948610416301,0.5037760138511658,6.8309554690877645,0.0104077879316405,0.01105043749351164,0.00710640661418438,0.0009444962743713085,0.0031266779172420918,0.6657198842500537,0.3013615649537983,0.7353931665420532,2.7237354085603114,0.6874653017148376
7,42,209.8389401435852,7147.8349609375,0.0,0.0,0.44097106324301827,0.23032544311295208,0.19572453638936718,0.0,0.0,0.0,0.0,0.0,0.0,0.0,0.0,0.0,0.005916760852719602,0.0,0.0,0.0,0.0,0.034716294412938956,0.10000000000000096,0.25936880707740784,2.0870066506009417,2.3839548015848955,1.3425706624984741,29.087381835819947,109.24430758362787,0.4216283807700916,0.6410058986536488,0.5055859684944153,6.701253782965845,0.010484149334435337,0.011133301865869725,0.0071619595400989056,0.0009475248405198858,0.0031159493590059433,0.661100713582045,0.3651190340510628,0.7395238876342773,3.329009943795936,0.6748663110192865
8,42,209.80116200447083,7149.2412109375,0.0,0.0,0.40925982400902317,0.21979362434811062,0.1746866283635808,0.0,0.0,0.0,0.0,0.0,0.0,0.0,0.0,0.0,0.005792870014332808,0.0,0.0,0.0,0.0,0.034648350925527066,0.10000000000000096,0.25936880707740784,2.0707199955000744,2.384962039625264,1.3334447145462036,29.250413427945958,113.22574275027432,0.432443675750579,0.513606068835189,0.5122144222259521,6.355382619974059,0.010349987967476737,0.01108889064999191,0.007037379778921604,0.0009547410455077869,0.0032160465989668923,0.6561838288973072,0.4715855380576166,0.7403277158737183,3.11284046692607,0.6702410471625626
9,42,209.75130653381348,7148.9912109375,0.0,0.0,0.37432548643177393,0.20871219168870878,0.15103867371112872,0.0,0.0,0.0,0.0,0.0,0.0,0.0,0.0,0.0,0.005649678821030717,0.0,0.0,0.0,0.0,0.03441023872448848,0.10000000000000096,0.25936880707740784,2.0486495003903062,2.3459475672510504,1.3248684406280518,28.65922918364847,109.39909290939387,0.4364767061700256,0.5588927723979886,0.5212503671646118,6.09597924773022,0.010223468966254172,0.01117457629463737,0.006844473071396351,0.0009672713907943539,0.003339678232804856,0.6416297115085963,0.7393172644791137,0.7435553073883057,3.761348897535668,0.665856456849724
10,42,209.77793383598328,7147.8974609375,0.0,0.0,0.34677043501128496,0.20016792304495462,0.13218211024744897,0.0,0.0,0.0,0.0,0.0,0.0,0.0,0.0,0.0,0.005510316711540023,0.0,0.0,0.0,0.0,0.03435295364286146,0.10000000000000096,0.25936880707740784,2.0424026138130276,2.3551476048679496,1.311092734336853,28.88909860453627,112.12884037965071,0.4308533527559395,0.6461178374681873,0.520255982875824,6.528318201469953,0.010193786881151638,0.011228964298252164,0.006773341912776232,0.0009737503644300903,0.003330671844359813,0.6392314726534315,0.8048976139550269,0.74293053150177,3.8478166882836145,0.6589330381248146
