epoch,seed,epoch_time_s,peak_vram_mb,alpha_e,alpha_p,train_loss,train_loss_edos,train_loss_phdos,train_loss_tv,train_loss_grad,train_loss_shape_e,train_loss_shape_p,train_loss_scale_e,train_loss_scale_p,train_loss_eta,train_loss_scalar,train_loss_gap,train_loss_sum,train_loss_c5_moe_balance,mae_edos_mean,mae_edos_std,mae_edos_median,mse_edos_mean,mse_edos_std,r2_edos_mean,r2_edos_std,r2_edos_median,fail_rate_edos,mae_phdos_mean,mae_phdos_std,mae_phdos_median,mse_phdos_mean,mse_phdos_std,r2_phdos_mean,r2_phdos_std,r2_phdos_median,fail_rate_phdos,balanced_score
1,42,242.57859206199646,8321.95166015625,0.0,0.0,1.2357584249260078,0.5862471223386944,0.6339759658544492,0.0,0.0,0.0,0.0,0.0,0.0,0.015535339852397004,0.0,0.0,0.0,0.0,2.719688801111801,2.7877405264239252,1.8718098402023315,38.264994396623976,134.56359690915525,0.22714837446286984,0.29363114615530783,0.2526243329048157,14.829226113272806,0.01364291288025864,0.012915777979434207,0.00980395544320345,0.0012442939106164972,0.003232054214840666,0.5651656083868944,0.25518047331608695,0.6105499267578125,2.810203199308258,0.9408068978227675
2,42,240.80954766273499,8229.1220703125,0.0,0.0,0.9711796550669222,0.47501025118379514,0.48522193003923464,0.0,0.0,0.0,0.0,0.0,0.0,0.010947472888689774,0.0,0.0,0.0,0.0,2.5262882667466826,2.6355876177003585,1.7095577716827393,35.12303905400749,118.28313109463865,0.2845058110540582,0.3606516546851091,0.32580143213272095,10.073497622135754,0.012626847119552356,0.011960118612688118,0.008985617198050022,0.0011469843902500504,0.0030024609141196513,0.5906269927329951,0.2556520716889429,0.6439507007598877,2.9831387808041505,0.8592716944403946
3,42,243.49215984344482,8261.7587890625,0.0,0.0,0.8840126449226314,0.4246891480735224,0.4497102557084499,0.0,0.0,0.0,0.0,0.0,0.0,0.009613241588012276,0.0,0.0,0.0,0.0,2.513141382680509,2.6795396483911924,1.672081470489502,34.30870556717008,119.58477081581215,0.3277964417263382,0.30830472250665314,0.359519898891449,5.966277561608301,0.012346590040002978,0.01229158519995603,0.008709589950740337,0.0011129643475616105,0.0033776530437447253,0.6009880231409118,0.26371524579251454,0.65559321641922,2.896670990056204,0.8403955302201211
4,42,243.0783920288086,8219.8564453125,0.0,0.0,0.8322667132076035,0.3954269287423191,0.4280184989811009,0.0,0.0,0.0,0.0,0.0,0.0,0.008821286025465044,0.0,0.0,0.0,0.0,2.384825499073618,2.5349468998096456,1.5990111827850342,31.92730274288909,109.05311916874516,0.35624298663351683,0.3203406958584979,0.3947216868400574,6.052745352356247,0.012648830934191325,0.012263506108676298,0.009038754738867283,0.0010978485208639538,0.0031770978975132333,0.6155898431344203,0.23330527857938635,0.6656501293182373,1.9455252918287937,0.8040249687619507
5,42,242.8852972984314,8321.91162109375,0.0,0.0,0.7994131844267885,0.3790264849988823,0.41196317438386443,0.0,0.0,0.0,0.0,0.0,0.0,0.008423527143497625,0.0,0.0,0.0,0.0,2.3487531141612727,2.5315317930035643,1.562718391418457,31.58821814552987,107.48857717259015,0.36649002644390033,0.33670789431362175,0.408163845539093,5.14483354950281,0.011921673275035485,0.012083262134182883,0.008525285869836807,0.0011079226685728905,0.0037510062084830475,0.6157754398608589,0.25879085011591013,0.6710776090621948,2.9831387808041505,0.7856218386441469
6,42,242.46255493164062,8281.37109375,0.0,0.0,0.7718719914428189,0.36390020472881124,0.39981582791377335,0.0,0.0,0.0,0.0,0.0,0.0,0.008155958626705867,0.0,0.0,0.0,0.0,2.3254725428799814,2.4956187831618015,1.539505958557129,30.712181919155714,102.25666585499151,0.3701251943133066,0.4419585938314291,0.41620922088623047,5.015131863380891,0.011890762047659946,0.011916655563778014,0.008617740124464035,0.0010745452063565932,0.003604908822697673,0.6287766801450245,0.2566131779988978,0.6805362701416016,2.637267617812365,0.7740618493407965
7,42,240.3024697303772,8249.44140625,0.0,0.0,0.7347628276572268,0.34764860804773806,0.37929531458096627,0.0,0.0,0.0,0.0,0.0,0.0,0.007818904031131767,0.0,0.0,0.0,0.0,2.2685005841217047,2.4589905133120853,1.4816694259643555,30.63246508857571,109.65128786038461,0.39164940472345977,0.3363684872297629,0.43042218685150146,5.361003026372676,0.011629498229535008,0.011555976222942443,0.008262690156698227,0.0010234531157571035,0.0031556340231663708,0.6399799560861468,0.25550680382732843,0.6960476636886597,1.9887591872027668,0.7449660580605268
8,42,240.0597858428955,8267.4140625,0.0,0.0,0.6916564410568302,0.33073730947624924,0.3534560697200971,0.0,0.0,0.0,0.0,0.0,0.0,0.00746306241171546,0.0,0.0,0.0,0.0,2.234534326710461,2.452283087455569,1.4769610166549683,30.095941086617405,113.87022397799858,0.40615651816761034,0.3406037333047741,0.4487836956977844,4.366623432771292,0.01154473588681982,0.011557826081613442,0.008136490359902382,0.0010286434042279529,0.0031015738177522624,0.6403791506569776,0.2739829069651788,0.7029286623001099,2.291396454820579,0.7425487535074353
9,42,240.02580547332764,8226.3896484375,0.0,0.0,0.6479783158526461,0.31316045155892,0.3276319139278852,0.0,0.0,0.0,0.0,0.0,0.0,0.007185949761277208,0.0,0.0,0.0,0.0,2.1909180524748124,2.4215687685919742,1.4472168684005737,29.42696909549442,113.75916456515048,0.41203226926674125,0.3451975561989855,0.4562533497810364,5.058365758754864,0.011125306470171254,0.011368766268378804,0.007822955027222633,0.0009886693098104943,0.003206448804258587,0.653279176997355,0.27337364202116354,0.7134048342704773,2.075226977950713,0.7275199117138982
10,42,241.23864030838013,8225.92578125,0.0,0.0,0.6147468452779655,0.30139192138981613,0.30639018997167927,0.0,0.0,0.0,0.0,0.0,0.0,0.006964733551503119,0.0,0.0,0.0,0.0,2.1793689523141877,2.42444039500196,1.4372694492340088,29.028143615297203,109.21063436313241,0.415631560757724,0.36282730131172464,0.4613170623779297,4.885430177258971,0.010966216808056537,0.011324874658028825,0.007753442041575909,0.00097283781573277,0.003223102906189746,0.6554502187175149,0.3469744923020223,0.7228100895881653,2.3346303501945527,0.7225114456377923
