arm,snapshot,layer,stratum,n_materials,n_atoms,n_pairs,act_mean,act_rms,atom_var_mean,cos_mean,cos_median,note
B100,init,entry,single_element_materials,1.0,2.0,,-0.11206438392400742,1.2159416675567627,0.0,,,
B100,init,entry,multi_element_materials,127.0,1488.0,,-0.02197565117348572,1.168072914514016,0.36796950554753854,,,
B100,init,entry,same_element_pairs,,,6591.0,,,,0.9999999325276506,0.9999998807907104,
B100,init,entry,diff_element_pairs,,,9749.0,,,,0.5265407266953331,0.5313160419464111,
B100,init,encoder.layer0,single_element_materials,1.0,2.0,,1.6763806343078613e-08,0.9999955892562866,8.636163277022345e-15,,,
B100,init,encoder.layer0,multi_element_materials,127.0,1488.0,,-2.1185928689422507e-10,0.9999958121870446,0.258881969480064,,,
B100,init,encoder.layer0,same_element_pairs,,,6591.0,,,,0.9997985452535644,0.9999766945838928,
B100,init,encoder.layer0,diff_element_pairs,,,9749.0,,,,0.5501119475546147,0.5512810945510864,
B100,init,encoder.layer1,single_element_materials,1.0,2.0,,-4.6566128730773926e-09,0.9999961853027344,1.532068641060553e-14,,,
B100,init,encoder.layer1,multi_element_materials,127.0,1488.0,,1.21304135371651e-10,0.9999957915366166,0.22853241591002998,,,
B100,init,encoder.layer1,same_element_pairs,,,6591.0,,,,0.9995029354254622,0.9998758435249329,
B100,init,encoder.layer1,diff_element_pairs,,,9749.0,,,,0.6096332094488125,0.6020153760910034,
B100,init,encoder.layer2,single_element_materials,1.0,2.0,,9.778887033462524e-09,0.999995768070221,1.6715026308596406e-14,,,
B100,init,encoder.layer2,multi_element_materials,127.0,1488.0,,2.6793208225126575e-10,0.9999958924421175,0.19062144837276204,,,
B100,init,encoder.layer2,same_element_pairs,,,6591.0,,,,0.9992280426562203,0.9997278451919556,
B100,init,encoder.layer2,diff_element_pairs,,,9749.0,,,,0.6799525627112655,0.667726993560791,
B100,init,encoder.layer3,single_element_materials,1.0,2.0,,-7.450580596923828e-09,0.9999959468841553,2.0798934677410813e-14,,,
B100,init,encoder.layer3,multi_element_materials,127.0,1488.0,,4.5529232505724183e-10,0.9999959478228111,0.14673252224804847,,,
B100,init,encoder.layer3,same_element_pairs,,,6591.0,,,,0.9990037330599371,0.999548077583313,
B100,init,encoder.layer3,diff_element_pairs,,,9749.0,,,,0.7596405199893695,0.7569817304611206,
B100,init,encoder.layer4,single_element_materials,1.0,2.0,,-7.450580596923828e-09,0.9999959468841553,2.7195268403217877e-14,,,
B100,init,encoder.layer4,multi_element_materials,127.0,1488.0,,8.541703464397549e-10,0.9999958811782477,0.10808049517823017,,,
B100,init,encoder.layer4,same_element_pairs,,,6591.0,,,,0.998823464142862,0.9993503093719482,
B100,init,encoder.layer4,diff_element_pairs,,,9749.0,,,,0.8252356531485764,0.8343862295150757,
B100,init,encoder.layer5,single_element_materials,1.0,2.0,,0.0,0.9999960064888,2.3048865943555048e-14,,,
B100,init,encoder.layer5,multi_element_materials,127.0,1488.0,,4.124216062712704e-10,0.9999958534879009,0.0740396273249071,,,
B100,init,encoder.layer5,same_element_pairs,,,6591.0,,,,0.998852616149727,0.9993091821670532,
B100,init,encoder.layer5,diff_element_pairs,,,9749.0,,,,0.8843405911990686,0.904150664806366,
B100,best,entry,single_element_materials,1.0,2.0,,-0.1683865487575531,1.23788583278656,0.0,,,
B100,best,entry,multi_element_materials,127.0,1488.0,,-0.07243494319135514,1.3213670976518646,0.6876271179341894,,,
B100,best,entry,same_element_pairs,,,6591.0,,,,1.0000000026316116,1.0,
B100,best,entry,diff_element_pairs,,,9749.0,,,,0.27725411954293167,0.27673476934432983,
B100,best,encoder.layer0,single_element_materials,1.0,2.0,,4.183873534202576e-05,0.9934142827987671,4.731808105333957e-15,,,
B100,best,encoder.layer0,multi_element_materials,127.0,1488.0,,0.00014070525015794853,0.9935945600975217,0.4530027231832189,,,
B100,best,encoder.layer0,same_element_pairs,,,6591.0,,,,0.9982481369876731,0.9999414682388306,
B100,best,encoder.layer0,diff_element_pairs,,,9749.0,,,,0.14906170176137123,0.14040085673332214,
B100,best,encoder.layer1,single_element_materials,1.0,2.0,,6.0752034187316895e-05,0.9930544495582581,5.441448920411821e-15,,,
B100,best,encoder.layer1,multi_element_materials,127.0,1488.0,,0.00016462267625161255,0.9939056855487073,0.47227394369643505,,,
B100,best,encoder.layer1,same_element_pairs,,,6591.0,,,,0.9966348079932584,0.9995296001434326,
B100,best,encoder.layer1,diff_element_pairs,,,9749.0,,,,0.11219471473320992,0.09855479001998901,
B100,best,encoder.layer2,single_element_materials,1.0,2.0,,-0.00018367916345596313,0.9922572374343872,5.955303575446011e-15,,,
B100,best,encoder.layer2,multi_element_materials,127.0,1488.0,,-0.00020903360167969052,0.9935492023708313,0.4793156391288352,,,
B100,best,encoder.layer2,same_element_pairs,,,6591.0,,,,0.9953138912742371,0.9991589784622192,
B100,best,encoder.layer2,diff_element_pairs,,,9749.0,,,,0.09339968532727261,0.07130175828933716,
B100,best,encoder.layer3,single_element_materials,1.0,2.0,,-0.00010528415441513062,0.9916641116142273,7.43980208385911e-15,,,
B100,best,encoder.layer3,multi_element_materials,127.0,1488.0,,-9.41431171596614e-05,0.9929963092165669,0.48410744284550977,,,
B100,best,encoder.layer3,same_element_pairs,,,6591.0,,,,0.9937094565932549,0.9989200234413147,
B100,best,encoder.layer3,diff_element_pairs,,,9749.0,,,,0.07736358770519387,0.05521787703037262,
B100,best,encoder.layer4,single_element_materials,1.0,2.0,,0.00011826120316982269,0.9906039834022522,7.963112591199972e-15,,,
B100,best,encoder.layer4,multi_element_materials,127.0,1488.0,,0.0002973739720607593,0.9916018848344097,0.49763039223791106,,,
B100,best,encoder.layer4,same_element_pairs,,,6591.0,,,,0.991032692192719,0.9983950853347778,
B100,best,encoder.layer4,diff_element_pairs,,,9749.0,,,,0.04961490185427117,0.026676591485738754,
B100,best,encoder.layer5,single_element_materials,1.0,2.0,,-0.00016023963689804077,1.004889726638794,8.086013683714782e-15,,,
B100,best,encoder.layer5,multi_element_materials,127.0,1488.0,,-0.00017928768202039028,1.0008698786337544,0.5274595283851848,,,
B100,best,encoder.layer5,same_element_pairs,,,6591.0,,,,0.9890419427351241,0.9986736178398132,
B100,best,encoder.layer5,diff_element_pairs,,,9749.0,,,,0.022110600599636307,-0.0102196354418993,
B100,latest,entry,single_element_materials,1.0,2.0,,-0.16845965385437012,1.2357392311096191,0.0,,,
B100,latest,entry,multi_element_materials,127.0,1488.0,,-0.07268657622580219,1.3206606145918838,0.6884010793186548,,,
B100,latest,entry,same_element_pairs,,,6591.0,,,,0.9999999542859234,0.9999999403953552,
B100,latest,entry,diff_element_pairs,,,9749.0,,,,0.27537450335131924,0.2761024236679077,
B100,latest,encoder.layer0,single_element_materials,1.0,2.0,,3.3952295780181885e-05,0.993407666683197,3.060787859737778e-15,,,
B100,latest,encoder.layer0,multi_element_materials,127.0,1488.0,,0.00013256626502557693,0.993590830817936,0.45390001502562694,,,
B100,latest,encoder.layer0,same_element_pairs,,,6591.0,,,,0.9982618206080166,0.999943196773529,
B100,latest,encoder.layer0,diff_element_pairs,,,9749.0,,,,0.14687251599507645,0.1386394053697586,
B100,latest,encoder.layer1,single_element_materials,1.0,2.0,,5.5287033319473267e-05,0.9930527806282043,4.4041626323253116e-15,,,
B100,latest,encoder.layer1,multi_element_materials,127.0,1488.0,,0.00016103409810300687,0.993898959141078,0.4731045026244141,,,
B100,latest,encoder.layer1,same_element_pairs,,,6591.0,,,,0.9966639915432884,0.9995460510253906,
B100,latest,encoder.layer1,diff_element_pairs,,,9749.0,,,,0.11042100238783446,0.09644930064678192,
B100,latest,encoder.layer2,single_element_materials,1.0,2.0,,-0.0001911018043756485,0.9922410845756531,6.5900527019429646e-15,,,
B100,latest,encoder.layer2,multi_element_materials,127.0,1488.0,,-0.0002133838699903681,0.9935434399627325,0.4800209238773256,,,
B100,latest,encoder.layer2,same_element_pairs,,,6591.0,,,,0.9953182967095107,0.9991621375083923,
B100,latest,encoder.layer2,diff_element_pairs,,,9749.0,,,,0.09198193960119636,0.06942463666200638,
B100,latest,encoder.layer3,single_element_materials,1.0,2.0,,-0.00010144151747226715,0.9916608333587646,5.694112919347148e-15,,,
B100,latest,encoder.layer3,multi_element_materials,127.0,1488.0,,-9.563304382127386e-05,0.9929904693693626,0.4847760849346326,,,
B100,latest,encoder.layer3,same_element_pairs,,,6591.0,,,,0.9936918010029441,0.9988758563995361,
B100,latest,encoder.layer3,diff_element_pairs,,,9749.0,,,,0.0760175394903136,0.05501800775527954,
B100,latest,encoder.layer4,single_element_materials,1.0,2.0,,0.0001256503164768219,0.9905851483345032,8.862903832606954e-15,,,
B100,latest,encoder.layer4,multi_element_materials,127.0,1488.0,,0.00029920241025489146,0.9916037058267068,0.49814256990519096,,,
B100,latest,encoder.layer4,same_element_pairs,,,6591.0,,,,0.9910229894862047,0.9983320236206055,
B100,latest,encoder.layer4,diff_element_pairs,,,9749.0,,,,0.04856047350482445,0.026187337934970856,
B100,latest,encoder.layer5,single_element_materials,1.0,2.0,,-0.00016211718320846558,1.004908800125122,7.146379706534853e-15,,,
B100,latest,encoder.layer5,multi_element_materials,127.0,1488.0,,-0.00018110283652878403,1.0008889033099797,0.5277495552001037,,,
B100,latest,encoder.layer5,same_element_pairs,,,6591.0,,,,0.9890002225404299,0.9986461400985718,
B100,latest,encoder.layer5,diff_element_pairs,,,9749.0,,,,0.021512075095843564,-0.011200045235455036,
Z100,init,entry,single_element_materials,1.0,2.0,,6.51925802230835e-09,0.9984909892082214,0.0,,,
Z100,init,entry,multi_element_materials,127.0,1488.0,,-2.4792202236924137e-09,0.9983797927541057,0.5549370977352923,,,
Z100,init,entry,same_element_pairs,,,6591.0,,,,0.999999997702992,1.0,
Z100,init,entry,diff_element_pairs,,,9749.0,,,,-0.00016243554889033886,-0.005887073930352926,
Z100,init,encoder.layer0,single_element_materials,1.0,2.0,,5.587935447692871e-09,0.9999959468841553,1.2000381631872663e-14,,,
Z100,init,encoder.layer0,multi_element_materials,127.0,1488.0,,-5.717213633836789e-10,0.9999959262337271,0.5423727429757906,,,
Z100,init,encoder.layer0,same_element_pairs,,,6591.0,,,,0.9999974044442557,0.9999998807907104,
Z100,init,encoder.layer0,diff_element_pairs,,,9749.0,,,,0.03201771143056087,0.02693200670182705,
Z100,init,encoder.layer1,single_element_materials,1.0,2.0,,-3.725290298461914e-09,0.9999958872795105,1.6682366412216175e-14,,,
Z100,init,encoder.layer1,multi_element_materials,127.0,1488.0,,3.009040745137372e-10,0.9999958722610173,0.5322883535088516,,,
Z100,init,encoder.layer1,same_element_pairs,,,6591.0,,,,0.9999932722263282,0.9999997615814209,
Z100,init,encoder.layer1,diff_element_pairs,,,9749.0,,,,0.04841094453701021,0.06094571202993393,
Z100,init,encoder.layer2,single_element_materials,1.0,2.0,,1.1175870895385742e-08,0.9999960064888,1.536121863119754e-14,,,
Z100,init,encoder.layer2,multi_element_materials,127.0,1488.0,,5.406803323083045e-10,0.9999958243895704,0.5199802309040009,,,
Z100,init,encoder.layer2,same_element_pairs,,,6591.0,,,,0.9999889119173142,0.9999997019767761,
Z100,init,encoder.layer2,diff_element_pairs,,,9749.0,,,,0.06383530728867934,0.07400114834308624,
Z100,init,encoder.layer3,single_element_materials,1.0,2.0,,-1.862645149230957e-09,0.999995768070221,2.27829890776755e-14,,,
Z100,init,encoder.layer3,multi_element_materials,127.0,1488.0,,-4.888205774101963e-11,0.9999958980740524,0.5041364534633366,,,
Z100,init,encoder.layer3,same_element_pairs,,,6591.0,,,,0.9999793861527632,0.9999997019767761,
Z100,init,encoder.layer3,diff_element_pairs,,,9749.0,,,,0.0993707194036737,0.10363127291202545,
Z100,init,encoder.layer4,single_element_materials,1.0,2.0,,0.0,0.9999958872795105,1.8216690363202087e-14,,,
Z100,init,encoder.layer4,multi_element_materials,127.0,1488.0,,3.43603223083232e-10,0.9999959290496946,0.4888418340307521,,,
Z100,init,encoder.layer4,same_element_pairs,,,6591.0,,,,0.9999668798304132,0.9999995231628418,
Z100,init,encoder.layer4,diff_element_pairs,,,9749.0,,,,0.1288737758048546,0.11890587210655212,
Z100,init,encoder.layer5,single_element_materials,1.0,2.0,,-1.1175870895385742e-08,0.9999958872795105,1.943966024937037e-14,,,
Z100,init,encoder.layer5,multi_element_materials,127.0,1488.0,,6.762833963002819e-10,0.999995906052627,0.4735646095332198,,,
Z100,init,encoder.layer5,same_element_pairs,,,6591.0,,,,0.9999582346700027,0.9999991059303284,
Z100,init,encoder.layer5,diff_element_pairs,,,9749.0,,,,0.1605503673407581,0.15010970830917358,
Z100,best,entry,single_element_materials,1.0,2.0,,9.719561785459518e-05,0.9841849207878113,0.0,,,
Z100,best,entry,multi_element_materials,127.0,1488.0,,-7.676246950830419e-05,0.9846274444437403,0.5364798814292968,,,
Z100,best,entry,same_element_pairs,,,6591.0,,,,0.9999999964097945,1.0,
Z100,best,entry,diff_element_pairs,,,9749.0,,,,0.007218832973355854,0.006486465223133564,
Z100,best,encoder.layer0,single_element_materials,1.0,2.0,,0.0003896662965416908,0.9912304878234863,3.128051804870426e-15,,,
Z100,best,encoder.layer0,multi_element_materials,127.0,1488.0,,0.00015120871348771052,0.9915335652396435,0.5043151826839748,,,
Z100,best,encoder.layer0,same_element_pairs,,,6591.0,,,,0.9993689668466137,0.9999985694885254,
Z100,best,encoder.layer0,diff_element_pairs,,,9749.0,,,,0.06946680753949216,0.06592360138893127,
Z100,best,encoder.layer1,single_element_materials,1.0,2.0,,-6.570294499397278e-05,0.992405354976654,4.591744431241881e-15,,,
Z100,best,encoder.layer1,multi_element_materials,127.0,1488.0,,-0.00017839011175736262,0.9932051826649764,0.49911442809686885,,,
Z100,best,encoder.layer1,same_element_pairs,,,6591.0,,,,0.9992160327227266,0.9999862909317017,
Z100,best,encoder.layer1,diff_element_pairs,,,9749.0,,,,0.07048613184671618,0.07832144945859909,
Z100,best,encoder.layer2,single_element_materials,1.0,2.0,,0.00040927156805992126,0.9923381805419922,4.3793526137837595e-15,,,
Z100,best,encoder.layer2,multi_element_materials,127.0,1488.0,,0.00010786478012407071,0.9932582153110053,0.4962654608910478,,,
Z100,best,encoder.layer2,same_element_pairs,,,6591.0,,,,0.9989586028031199,0.9999713897705078,
Z100,best,encoder.layer2,diff_element_pairs,,,9749.0,,,,0.06587571956216381,0.06393416970968246,
Z100,best,encoder.layer3,single_element_materials,1.0,2.0,,-0.0001934356987476349,0.9921985864639282,5.322213362976254e-15,,,
Z100,best,encoder.layer3,multi_element_materials,127.0,1488.0,,-0.000256788062564179,0.9930809083886034,0.49710387894957087,,,
Z100,best,encoder.layer3,same_element_pairs,,,6591.0,,,,0.9989203166353957,0.999977707862854,
Z100,best,encoder.layer3,diff_element_pairs,,,9749.0,,,,0.05174792198515765,0.043271489441394806,
Z100,best,encoder.layer4,single_element_materials,1.0,2.0,,-5.066767334938049e-05,0.9901198148727417,4.773584193809013e-15,,,
Z100,best,encoder.layer4,multi_element_materials,127.0,1488.0,,-8.592144774060373e-06,0.9920131235610782,0.5126085952510984,,,
Z100,best,encoder.layer4,same_element_pairs,,,6591.0,,,,0.9988862747687379,0.9999906420707703,
Z100,best,encoder.layer4,diff_element_pairs,,,9749.0,,,,0.014690832018352421,-0.00017184484750032425,
Z100,best,encoder.layer5,single_element_materials,1.0,2.0,,-0.00043046846985816956,1.0035032033920288,4.386774316467602e-15,,,
Z100,best,encoder.layer5,multi_element_materials,127.0,1488.0,,0.000319013920187269,0.9987826732199961,0.5407687985286938,,,
Z100,best,encoder.layer5,same_element_pairs,,,6591.0,,,,0.9987210134800821,0.9999903440475464,
Z100,best,encoder.layer5,diff_element_pairs,,,9749.0,,,,-0.02371879428732005,-0.04803742840886116,
Z100,latest,entry,single_element_materials,1.0,2.0,,9.192433208227158e-05,0.984022855758667,0.0,,,
Z100,latest,entry,multi_element_materials,127.0,1488.0,,-7.899427676126984e-05,0.9844651142443259,0.5362742271010331,,,
Z100,latest,entry,same_element_pairs,,,6591.0,,,,0.9999999548737404,0.9999999403953552,
Z100,latest,entry,diff_element_pairs,,,9749.0,,,,0.007211320346724007,0.0064772022888064384,
Z100,latest,encoder.layer0,single_element_materials,1.0,2.0,,0.00039023905992507935,0.9910726547241211,3.4125725011937506e-15,,,
Z100,latest,encoder.layer0,multi_element_materials,127.0,1488.0,,0.0001525069967802364,0.9913723905255475,0.5047981915042157,,,
Z100,latest,encoder.layer0,same_element_pairs,,,6591.0,,,,0.9993578607043806,0.9999985098838806,
Z100,latest,encoder.layer0,diff_element_pairs,,,9749.0,,,,0.06802585650228155,0.0660773515701294,
Z100,latest,encoder.layer1,single_element_materials,1.0,2.0,,-6.951205432415009e-05,0.9922114014625549,6.03080936291368e-15,,,
Z100,latest,encoder.layer1,multi_element_materials,127.0,1488.0,,-0.00018104925495538013,0.9930765863478653,0.499559951110149,,,
Z100,latest,encoder.layer1,same_element_pairs,,,6591.0,,,,0.9992029724868435,0.9999861717224121,
Z100,latest,encoder.layer1,diff_element_pairs,,,9749.0,,,,0.06886863915361667,0.07784707099199295,
Z100,latest,encoder.layer2,single_element_materials,1.0,2.0,,0.00040266290307044983,0.992169201374054,5.066101939945602e-15,,,
Z100,latest,encoder.layer2,multi_element_materials,127.0,1488.0,,0.00010452713073609773,0.9931381893908884,0.49647334593487535,,,
Z100,latest,encoder.layer2,same_element_pairs,,,6591.0,,,,0.99894107452493,0.9999709129333496,
Z100,latest,encoder.layer2,diff_element_pairs,,,9749.0,,,,0.06507207598660775,0.060820333659648895,
Z100,latest,encoder.layer3,single_element_materials,1.0,2.0,,-0.00019160285592079163,0.9920555353164673,4.442239727919708e-15,,,
Z100,latest,encoder.layer3,multi_element_materials,127.0,1488.0,,-0.00025310366621078724,0.9929661187599963,0.49707064408016954,,,
Z100,latest,encoder.layer3,same_element_pairs,,,6591.0,,,,0.9988961131615046,0.9999763369560242,
Z100,latest,encoder.layer3,diff_element_pairs,,,9749.0,,,,0.05202116771932606,0.04342569410800934,
Z100,latest,encoder.layer4,single_element_materials,1.0,2.0,,-5.092844367027283e-05,0.9899312257766724,4.334123171982748e-15,,,
Z100,latest,encoder.layer4,multi_element_materials,127.0,1488.0,,-1.2526193874627219e-05,0.991867747832471,0.5121807114580484,,,
Z100,latest,encoder.layer4,same_element_pairs,,,6591.0,,,,0.9988582866576386,0.9999899864196777,
Z100,latest,encoder.layer4,diff_element_pairs,,,9749.0,,,,0.0158730756190694,0.0013005854561924934,
Z100,latest,encoder.layer5,single_element_materials,1.0,2.0,,-0.00043451786041259766,1.0033440589904785,6.8116797196249995e-15,,,
Z100,latest,encoder.layer5,multi_element_materials,127.0,1488.0,,0.000320801509540465,0.9986205748685701,0.5402428689669436,,,
Z100,latest,encoder.layer5,same_element_pairs,,,6591.0,,,,0.9986784943606817,0.9999898672103882,
Z100,latest,encoder.layer5,diff_element_pairs,,,9749.0,,,,-0.02300665301295334,-0.048460762947797775,
ZP100,init,entry,single_element_materials,1.0,2.0,,6.51925802230835e-09,0.9984909892082214,0.0,,,
ZP100,init,entry,multi_element_materials,127.0,1488.0,,-2.4792202236924137e-09,0.9983797927541057,0.5549370977352923,,,
ZP100,init,entry,same_element_pairs,,,6591.0,,,,0.999999997702992,1.0,
ZP100,init,entry,diff_element_pairs,,,9749.0,,,,-0.00016243554889033886,-0.005887073930352926,
ZP100,init,encoder.layer0,single_element_materials,1.0,2.0,,5.587935447692871e-09,0.9999959468841553,1.2000381631872663e-14,,,
ZP100,init,encoder.layer0,multi_element_materials,127.0,1488.0,,-5.717213633836789e-10,0.9999959262337271,0.5423727429757906,,,
ZP100,init,encoder.layer0,same_element_pairs,,,6591.0,,,,0.9999974044442557,0.9999998807907104,
ZP100,init,encoder.layer0,diff_element_pairs,,,9749.0,,,,0.03201771143056087,0.02693200670182705,
ZP100,init,encoder.layer1,single_element_materials,1.0,2.0,,-3.725290298461914e-09,0.9999958872795105,1.6682366412216175e-14,,,
ZP100,init,encoder.layer1,multi_element_materials,127.0,1488.0,,3.009040745137372e-10,0.9999958722610173,0.5322883535088516,,,
ZP100,init,encoder.layer1,same_element_pairs,,,6591.0,,,,0.9999932722263282,0.9999997615814209,
ZP100,init,encoder.layer1,diff_element_pairs,,,9749.0,,,,0.04841094453701021,0.06094571202993393,
ZP100,init,encoder.layer2,single_element_materials,1.0,2.0,,1.1175870895385742e-08,0.9999960064888,1.536121863119754e-14,,,
ZP100,init,encoder.layer2,multi_element_materials,127.0,1488.0,,5.406803323083045e-10,0.9999958243895704,0.5199802309040009,,,
ZP100,init,encoder.layer2,same_element_pairs,,,6591.0,,,,0.9999889119173142,0.9999997019767761,
ZP100,init,encoder.layer2,diff_element_pairs,,,9749.0,,,,0.06383530728867934,0.07400114834308624,
ZP100,init,encoder.layer3,single_element_materials,1.0,2.0,,-1.862645149230957e-09,0.999995768070221,2.27829890776755e-14,,,
ZP100,init,encoder.layer3,multi_element_materials,127.0,1488.0,,-4.888205774101963e-11,0.9999958980740524,0.5041364534633366,,,
ZP100,init,encoder.layer3,same_element_pairs,,,6591.0,,,,0.9999793861527632,0.9999997019767761,
ZP100,init,encoder.layer3,diff_element_pairs,,,9749.0,,,,0.0993707194036737,0.10363127291202545,
ZP100,init,encoder.layer4,single_element_materials,1.0,2.0,,0.0,0.9999958872795105,1.8216690363202087e-14,,,
ZP100,init,encoder.layer4,multi_element_materials,127.0,1488.0,,3.43603223083232e-10,0.9999959290496946,0.4888418340307521,,,
ZP100,init,encoder.layer4,same_element_pairs,,,6591.0,,,,0.9999668798304132,0.9999995231628418,
ZP100,init,encoder.layer4,diff_element_pairs,,,9749.0,,,,0.1288737758048546,0.11890587210655212,
ZP100,init,encoder.layer5,single_element_materials,1.0,2.0,,-1.1175870895385742e-08,0.9999958872795105,1.943966024937037e-14,,,
ZP100,init,encoder.layer5,multi_element_materials,127.0,1488.0,,6.762833963002819e-10,0.999995906052627,0.4735646095332198,,,
ZP100,init,encoder.layer5,same_element_pairs,,,6591.0,,,,0.9999582346700027,0.9999991059303284,
ZP100,init,encoder.layer5,diff_element_pairs,,,9749.0,,,,0.1605503673407581,0.15010970830917358,
ZP100,best,entry,single_element_materials,1.0,2.0,,0.009399876929819584,1.0229090452194214,0.0,,,
ZP100,best,entry,multi_element_materials,127.0,1488.0,,-0.0001670190875187487,1.1708189042534416,0.7202015498022395,,,
ZP100,best,entry,same_element_pairs,,,6591.0,,,,0.9999999349964821,0.9999998807907104,
ZP100,best,entry,diff_element_pairs,,,9749.0,,,,0.03259401508761824,0.019987300038337708,
ZP100,best,encoder.layer0,single_element_materials,1.0,2.0,,0.00013102591037750244,0.9910863041877747,3.336568234836622e-15,,,
ZP100,best,encoder.layer0,multi_element_materials,127.0,1488.0,,0.0001116255916464861,0.9916321189384761,0.5068135622918136,,,
ZP100,best,encoder.layer0,same_element_pairs,,,6591.0,,,,0.9993384353507905,0.9999999403953552,
ZP100,best,encoder.layer0,diff_element_pairs,,,9749.0,,,,0.06756207206140712,0.06503661721944809,
ZP100,best,encoder.layer1,single_element_materials,1.0,2.0,,-0.00024904683232307434,0.9920040369033813,5.793076437256078e-15,,,
ZP100,best,encoder.layer1,multi_element_materials,127.0,1488.0,,-8.162081715232403e-05,0.9929551693398183,0.5014277382159796,,,
ZP100,best,encoder.layer1,same_element_pairs,,,6591.0,,,,0.9991581051470098,0.9999885559082031,
ZP100,best,encoder.layer1,diff_element_pairs,,,9749.0,,,,0.05665056658813911,0.05891893059015274,
ZP100,best,encoder.layer2,single_element_materials,1.0,2.0,,0.0001307949423789978,0.9920715093612671,5.360104534838728e-15,,,
ZP100,best,encoder.layer2,multi_element_materials,127.0,1488.0,,5.967566513134901e-05,0.9930497163862694,0.4983107518023393,,,
ZP100,best,encoder.layer2,same_element_pairs,,,6591.0,,,,0.9991023586617853,0.999986469745636,
ZP100,best,encoder.layer2,diff_element_pairs,,,9749.0,,,,0.0537072478892244,0.046535808593034744,
ZP100,best,encoder.layer3,single_element_materials,1.0,2.0,,-0.00021039322018623352,0.9927417635917664,4.790045855622427e-15,,,
ZP100,best,encoder.layer3,multi_element_materials,127.0,1488.0,,-0.0002636558481209772,0.9931783873265184,0.5000036736642282,,,
ZP100,best,encoder.layer3,same_element_pairs,,,6591.0,,,,0.9990686518779529,0.9999884963035583,
ZP100,best,encoder.layer3,diff_element_pairs,,,9749.0,,,,0.04163706978045137,0.02309604361653328,
ZP100,best,encoder.layer4,single_element_materials,1.0,2.0,,-7.870793342590332e-05,0.9906221628189087,6.1900015820536e-15,,,
ZP100,best,encoder.layer4,multi_element_materials,127.0,1488.0,,-3.901588645637426e-06,0.9917958834039884,0.513587628997217,,,
ZP100,best,encoder.layer4,same_element_pairs,,,6591.0,,,,0.9990074685013831,0.999995231628418,
ZP100,best,encoder.layer4,diff_element_pairs,,,9749.0,,,,0.01306954370129258,-0.007189651019871235,
ZP100,best,encoder.layer5,single_element_materials,1.0,2.0,,-0.0002124309539794922,1.0028111934661865,5.217002130048377e-15,,,
ZP100,best,encoder.layer5,multi_element_materials,127.0,1488.0,,0.0004110756660703896,0.9980078865223982,0.5413811364042478,,,
ZP100,best,encoder.layer5,same_element_pairs,,,6591.0,,,,0.998805836776811,0.9999947547912598,
ZP100,best,encoder.layer5,diff_element_pairs,,,9749.0,,,,-0.024804257295975313,-0.05235033109784126,
ZP100,latest,entry,single_element_materials,1.0,2.0,,0.009275845251977444,1.0229772329330444,0.0,,,
ZP100,latest,entry,multi_element_materials,127.0,1488.0,,-0.00024704992593317405,1.1714724846712248,0.7208505075747572,,,
ZP100,latest,entry,same_element_pairs,,,6591.0,,,,0.9999999528389891,0.9999998807907104,
ZP100,latest,entry,diff_element_pairs,,,9749.0,,,,0.03269664314076349,0.019376903772354126,
ZP100,latest,encoder.layer0,single_element_materials,1.0,2.0,,0.00012517161667346954,0.9910984039306641,6.253001351571533e-15,,,
ZP100,latest,encoder.layer0,multi_element_materials,127.0,1488.0,,0.0001110718957833567,0.9916493761257863,0.507086311972986,,,
ZP100,latest,encoder.layer0,same_element_pairs,,,6591.0,,,,0.9993364164254459,0.9999999403953552,
ZP100,latest,encoder.layer0,diff_element_pairs,,,9749.0,,,,0.06680676386099248,0.06539465487003326,
ZP100,latest,encoder.layer1,single_element_materials,1.0,2.0,,-0.00024999305605888367,0.9920188784599304,5.7329633560223876e-15,,,
ZP100,latest,encoder.layer1,multi_element_materials,127.0,1488.0,,-8.021567880208262e-05,0.9929773896697938,0.501862968750826,,,
ZP100,latest,encoder.layer1,same_element_pairs,,,6591.0,,,,0.9991572933536328,0.9999880790710449,
ZP100,latest,encoder.layer1,diff_element_pairs,,,9749.0,,,,0.05527570651373085,0.05640724301338196,
ZP100,latest,encoder.layer2,single_element_materials,1.0,2.0,,0.00012505054473876953,0.9920786023139954,7.060448214035904e-15,,,
ZP100,latest,encoder.layer2,multi_element_materials,127.0,1488.0,,5.888159752588061e-05,0.9930735296151769,0.49898943445813937,,,
ZP100,latest,encoder.layer2,same_element_pairs,,,6591.0,,,,0.9991015720269764,0.9999865293502808,
ZP100,latest,encoder.layer2,diff_element_pairs,,,9749.0,,,,0.051814626046583545,0.04214300215244293,
ZP100,latest,encoder.layer3,single_element_materials,1.0,2.0,,-0.00021499022841453552,0.9927397966384888,6.342885523318844e-15,,,
ZP100,latest,encoder.layer3,multi_element_materials,127.0,1488.0,,-0.00026476351056442396,0.9932094099014763,0.5006068896824919,,,
ZP100,latest,encoder.layer3,same_element_pairs,,,6591.0,,,,0.9990682962848355,0.9999884366989136,
ZP100,latest,encoder.layer3,diff_element_pairs,,,9749.0,,,,0.040143416613889774,0.021935561671853065,
ZP100,latest,encoder.layer4,single_element_materials,1.0,2.0,,-9.066984057426453e-05,0.990627646446228,4.847080819125795e-15,,,
ZP100,latest,encoder.layer4,multi_element_materials,127.0,1488.0,,-5.177494815114645e-06,0.9918246794873335,0.5139689587467299,,,
ZP100,latest,encoder.layer4,same_element_pairs,,,6591.0,,,,0.999002346363438,0.9999953508377075,
ZP100,latest,encoder.layer4,diff_element_pairs,,,9749.0,,,,0.012288509152254747,-0.007718252018094063,
ZP100,latest,encoder.layer5,single_element_materials,1.0,2.0,,-0.0002411380410194397,1.0028749704360962,7.055128847127147e-15,,,
ZP100,latest,encoder.layer5,multi_element_materials,127.0,1488.0,,0.00041200330035037297,0.9980607093788507,0.54157959734361,,,
ZP100,latest,encoder.layer5,same_element_pairs,,,6591.0,,,,0.9987979046384331,0.9999947547912598,
ZP100,latest,encoder.layer5,diff_element_pairs,,,9749.0,,,,-0.025025693184237308,-0.05248752236366272,
