arm,snapshot,layer,head,n_queries,std_feature_mean,std_feature_median,std_geometry_mean,std_geometry_median,ratio_geom_feature_median,ratio_na_count,attn_max_mean,attn_max_median,entropy_norm_mean,entropy_norm_median,entropy_na_count,n_queries_single_key,note
B100,init,layer0,0,1490,2.146934430271187,1.9194380044937134,1.4681455966810253,1.4639147520065308,0.7147124111652374,2,0.524047383826051,0.4965478479862213,0.4996559926557539,0.517233282327652,0,0,"ratio N/A when centered std_feature <= 1e-12 (flagged, raw std kept); entropy N/A when a query has a single valid key"
B100,init,layer0,1,1490,2.5958128079872003,2.5714781284332275,1.427645410772338,1.4754409790039062,0.54218789935112,2,0.5448534252759595,0.517214447259903,0.46817894915175506,0.4950401932001114,0,0,"ratio N/A when centered std_feature <= 1e-12 (flagged, raw std kept); entropy N/A when a query has a single valid key"
B100,init,layer0,2,1490,2.3129369692114374,2.3712754249572754,1.3728919835098639,1.400728166103363,0.6016183197498322,2,0.5020224394764277,0.4584149718284607,0.4973775583757095,0.5355949401855469,0,0,"ratio N/A when centered std_feature <= 1e-12 (flagged, raw std kept); entropy N/A when a query has a single valid key"
B100,init,layer0,3,1490,2.3452412813301855,2.2557530403137207,1.2829171031213447,1.2856295108795166,0.556443452835083,2,0.4932462524497669,0.45533663034439087,0.5161057952061122,0.5478459894657135,0,0,"ratio N/A when centered std_feature <= 1e-12 (flagged, raw std kept); entropy N/A when a query has a single valid key"
B100,init,layer0,4,1490,2.3108835320344707,2.270334005355835,1.4228847713078427,1.4412552118301392,0.626139223575592,2,0.5021406107850923,0.4728161692619324,0.5048815891645136,0.531856894493103,0,0,"ratio N/A when centered std_feature <= 1e-12 (flagged, raw std kept); entropy N/A when a query has a single valid key"
B100,init,layer0,5,1490,2.4374146852717304,2.495063543319702,1.5571125107423571,1.5907076001167297,0.6542366743087769,2,0.552385335880638,0.5241822004318237,0.4707899322494202,0.4938456863164902,0,0,"ratio N/A when centered std_feature <= 1e-12 (flagged, raw std kept); entropy N/A when a query has a single valid key"
B100,init,layer0,6,1490,2.621202442910047,2.7690396308898926,1.4633232954264488,1.507181704044342,0.5666251182556152,2,0.5090977179424074,0.47630931437015533,0.5046113811470818,0.5332084596157074,0,0,"ratio N/A when centered std_feature <= 1e-12 (flagged, raw std kept); entropy N/A when a query has a single valid key"
B100,init,layer0,7,1490,2.3971476285249596,2.3881354331970215,1.3784832409239256,1.4205656051635742,0.5926403999328613,2,0.4931981021375864,0.45069068670272827,0.5189884578749763,0.5507213175296783,0,0,"ratio N/A when centered std_feature <= 1e-12 (flagged, raw std kept); entropy N/A when a query has a single valid key"
B100,init,layer5,0,1490,0.6929191456045564,0.5696274936199188,1.352631957268955,1.3794450163841248,2.3415565490722656,1,0.40049834154896286,0.3626488596200943,0.6829484311201228,0.7162742614746094,0,0,"ratio N/A when centered std_feature <= 1e-12 (flagged, raw std kept); entropy N/A when a query has a single valid key"
B100,init,layer5,1,1490,0.7384144495285339,0.6588035225868225,1.228758513432421,1.2557570338249207,1.8134775161743164,1,0.3538609298158612,0.3121727555990219,0.7300264409449476,0.7622150778770447,0,0,"ratio N/A when centered std_feature <= 1e-12 (flagged, raw std kept); entropy N/A when a query has a single valid key"
B100,init,layer5,2,1490,0.8518910301633604,0.772241473197937,1.1640720125962825,1.1840019822120667,1.5297001600265503,1,0.361976355869298,0.3109116405248642,0.720427354131419,0.7687380313873291,0,0,"ratio N/A when centered std_feature <= 1e-12 (flagged, raw std kept); entropy N/A when a query has a single valid key"
B100,init,layer5,3,1490,0.7192673504515082,0.5792373716831207,1.2264041331090383,1.2553535103797913,2.102548122406006,1,0.3792670605441668,0.3363478183746338,0.7048856833868429,0.7420966923236847,0,0,"ratio N/A when centered std_feature <= 1e-12 (flagged, raw std kept); entropy N/A when a query has a single valid key"
B100,init,layer5,4,1490,0.7123077284769724,0.5834391713142395,1.0603145437202597,1.0887070298194885,1.760585069656372,2,0.3284954616212405,0.2775961458683014,0.7599853552502874,0.7969586849212646,0,0,"ratio N/A when centered std_feature <= 1e-12 (flagged, raw std kept); entropy N/A when a query has a single valid key"
B100,init,layer5,5,1490,0.8223968329196092,0.7367454171180725,1.2252952960913612,1.2616811394691467,1.705288052558899,1,0.390465849352963,0.3443450480699539,0.6961948318419441,0.7295797169208527,0,0,"ratio N/A when centered std_feature <= 1e-12 (flagged, raw std kept); entropy N/A when a query has a single valid key"
B100,init,layer5,6,1490,0.7394463214026595,0.5850200653076172,1.0591998594269256,1.0762529969215393,1.8256579637527466,0,0.32360264509916303,0.2741582989692688,0.7620747945565205,0.8007923662662506,0,0,"ratio N/A when centered std_feature <= 1e-12 (flagged, raw std kept); entropy N/A when a query has a single valid key"
B100,init,layer5,7,1490,0.8659116091319662,0.7518021464347839,1.247536238487935,1.2882437705993652,1.7479119300842285,1,0.3800916479087916,0.3318561762571335,0.697984351491518,0.7273906171321869,0,0,"ratio N/A when centered std_feature <= 1e-12 (flagged, raw std kept); entropy N/A when a query has a single valid key"
B100,best,layer0,0,1490,3.876281117912907,3.5250205993652344,3.1114023936474884,3.0641980171203613,0.8590845167636871,2,0.7679378756940765,0.823560893535614,0.230105209541727,0.2104850336909294,0,0,"ratio N/A when centered std_feature <= 1e-12 (flagged, raw std kept); entropy N/A when a query has a single valid key"
B100,best,layer0,1,1490,5.301976721078757,4.664510250091553,2.08886346244972,2.1316643953323364,0.3796253055334091,2,0.6747762213117324,0.6849247217178345,0.3256619618000935,0.3306861072778702,0,0,"ratio N/A when centered std_feature <= 1e-12 (flagged, raw std kept); entropy N/A when a query has a single valid key"
B100,best,layer0,2,1490,5.8297248990743755,4.392452716827393,2.7224048475491123,2.511933445930481,0.4639076739549637,2,0.7076544052802476,0.733280599117279,0.28380332309018136,0.2804504483938217,0,0,"ratio N/A when centered std_feature <= 1e-12 (flagged, raw std kept); entropy N/A when a query has a single valid key"
B100,best,layer0,3,1490,4.162746832994807,3.8365659713745117,2.6336375340219313,2.6123961210250854,0.6738314926624298,2,0.7399464461027376,0.7734236419200897,0.2557860191520958,0.2497294396162033,0,0,"ratio N/A when centered std_feature <= 1e-12 (flagged, raw std kept); entropy N/A when a query has a single valid key"
B100,best,layer0,4,1490,5.757277680083409,4.504097938537598,2.487225862197428,2.5150641202926636,0.44704729318618774,2,0.6866440580495252,0.6968856155872345,0.3092398970206026,0.31386059522628784,0,0,"ratio N/A when centered std_feature <= 1e-12 (flagged, raw std kept); entropy N/A when a query has a single valid key"
B100,best,layer0,5,1490,4.8391631532035415,4.85763144493103,2.399577386532254,2.3293349742889404,0.4601689875125885,2,0.6916078992938035,0.7035291790962219,0.30748249613432643,0.3112613409757614,0,0,"ratio N/A when centered std_feature <= 1e-12 (flagged, raw std kept); entropy N/A when a query has a single valid key"
B100,best,layer0,6,1490,5.922470105654441,4.700891971588135,2.381811463702845,2.27969229221344,0.3928861916065216,2,0.6617390762089483,0.6484735012054443,0.3284594998685584,0.33171446621418,0,0,"ratio N/A when centered std_feature <= 1e-12 (flagged, raw std kept); entropy N/A when a query has a single valid key"
B100,best,layer0,7,1490,5.444570068945021,4.358141899108887,2.260961570980765,2.2036471366882324,0.4019520580768585,2,0.6911819831336905,0.6877671778202057,0.3046256901512106,0.3112427443265915,0,0,"ratio N/A when centered std_feature <= 1e-12 (flagged, raw std kept); entropy N/A when a query has a single valid key"
B100,best,layer5,0,1490,4.266499524526048,4.427205324172974,2.5380953131131077,2.40942645072937,0.5918989777565002,2,0.732874277664111,0.764394074678421,0.26211705419269954,0.24936716258525848,0,0,"ratio N/A when centered std_feature <= 1e-12 (flagged, raw std kept); entropy N/A when a query has a single valid key"
B100,best,layer5,1,1490,3.575366990645808,3.631707787513733,1.9078739108255245,1.7673211097717285,0.5411057770252228,0,0.6338700287994122,0.6222386062145233,0.36346413662711213,0.36191709339618683,0,0,"ratio N/A when centered std_feature <= 1e-12 (flagged, raw std kept); entropy N/A when a query has a single valid key"
B100,best,layer5,2,1490,3.5933429958061764,3.5541727542877197,1.978442450707791,1.7918408513069153,0.5413308143615723,1,0.6414978101149501,0.6216698884963989,0.35882023385989215,0.3724084496498108,0,0,"ratio N/A when centered std_feature <= 1e-12 (flagged, raw std kept); entropy N/A when a query has a single valid key"
B100,best,layer5,3,1490,3.738628890120343,3.611939549446106,2.152783137059852,2.2138763666152954,0.5866877734661102,2,0.6696105615704652,0.6620135605335236,0.3264046574001263,0.3461912274360657,0,0,"ratio N/A when centered std_feature <= 1e-12 (flagged, raw std kept); entropy N/A when a query has a single valid key"
B100,best,layer5,4,1490,3.068586639419898,2.951623320579529,1.6068305616360783,1.572603464126587,0.5372390151023865,2,0.5566099676259813,0.5155787765979767,0.444218059204394,0.4770444184541702,0,0,"ratio N/A when centered std_feature <= 1e-12 (flagged, raw std kept); entropy N/A when a query has a single valid key"
B100,best,layer5,5,1490,3.3281119196719717,3.4552664756774902,1.4764369642874537,1.4648941159248352,0.42775703966617584,0,0.5408524811367861,0.5050228536128998,0.45865930349453926,0.49325256049633026,0,0,"ratio N/A when centered std_feature <= 1e-12 (flagged, raw std kept); entropy N/A when a query has a single valid key"
B100,best,layer5,6,1490,3.17317825461294,3.3016797304153442,1.6633346119883077,1.6328667402267456,0.5162535607814789,2,0.5693625948123083,0.5368834733963013,0.43088216826008097,0.4515804499387741,0,0,"ratio N/A when centered std_feature <= 1e-12 (flagged, raw std kept); entropy N/A when a query has a single valid key"
B100,best,layer5,7,1490,3.112219156634888,3.21059250831604,1.5051704866374098,1.4944003224372864,0.47795164585113525,1,0.5484241262578324,0.50386181473732,0.451796746365265,0.48842884600162506,0,0,"ratio N/A when centered std_feature <= 1e-12 (flagged, raw std kept); entropy N/A when a query has a single valid key"
B100,latest,layer0,0,1490,3.869082000671617,3.505338668823242,3.1044897726118164,3.054859161376953,0.8607888519763947,2,0.7667051756942033,0.822549045085907,0.2309465368174157,0.21319839358329773,0,0,"ratio N/A when centered std_feature <= 1e-12 (flagged, raw std kept); entropy N/A when a query has a single valid key"
B100,latest,layer0,1,1490,5.318807888591049,4.6604108810424805,2.09305008520816,2.1348211765289307,0.37891049683094025,2,0.6756836442239332,0.6846735179424286,0.32475804694708094,0.32830512523651123,0,0,"ratio N/A when centered std_feature <= 1e-12 (flagged, raw std kept); entropy N/A when a query has a single valid key"
B100,latest,layer0,2,1490,5.8584323328613435,4.391749858856201,2.7209727011721005,2.51126492023468,0.46211354434490204,2,0.7069599495538129,0.7302066087722778,0.28408634251644854,0.27944815158843994,0,0,"ratio N/A when centered std_feature <= 1e-12 (flagged, raw std kept); entropy N/A when a query has a single valid key"
B100,latest,layer0,3,1490,4.1633849956845275,3.845271587371826,2.636090661755344,2.6123831272125244,0.6755968630313873,2,0.7399500907567523,0.7755239903926849,0.2555275418399053,0.24850612878799438,0,0,"ratio N/A when centered std_feature <= 1e-12 (flagged, raw std kept); entropy N/A when a query has a single valid key"
B100,latest,layer0,4,1490,5.766997233893247,4.487958908081055,2.497119344435882,2.5243582725524902,0.44924020767211914,2,0.6877585572184333,0.6934580504894257,0.30842052134292,0.3129124939441681,0,0,"ratio N/A when centered std_feature <= 1e-12 (flagged, raw std kept); entropy N/A when a query has a single valid key"
B100,latest,layer0,5,1490,4.850832161167324,4.868740081787109,2.4035242770542236,2.3353625535964966,0.4605478495359421,2,0.6926096606774618,0.7059384286403656,0.3066673042956105,0.3069717735052109,0,0,"ratio N/A when centered std_feature <= 1e-12 (flagged, raw std kept); entropy N/A when a query has a single valid key"
B100,latest,layer0,6,1490,5.933255459718256,4.707651615142822,2.389908366005293,2.2959412336349487,0.39321693778038025,2,0.6621176021211099,0.6486247777938843,0.32812065006283536,0.33047355711460114,0,0,"ratio N/A when centered std_feature <= 1e-12 (flagged, raw std kept); entropy N/A when a query has a single valid key"
B100,latest,layer0,7,1490,5.446659088694809,4.388482093811035,2.2633183691225596,2.2048712968826294,0.4021679162979126,2,0.691813087143354,0.6889516711235046,0.30411150803264164,0.3092692494392395,0,0,"ratio N/A when centered std_feature <= 1e-12 (flagged, raw std kept); entropy N/A when a query has a single valid key"
B100,latest,layer5,0,1490,4.260768979064645,4.438857793807983,2.5412856615267243,2.4112322330474854,0.5918691158294678,1,0.7329376310510123,0.762313723564148,0.2619475208786603,0.24956082552671432,0,0,"ratio N/A when centered std_feature <= 1e-12 (flagged, raw std kept); entropy N/A when a query has a single valid key"
B100,latest,layer5,1,1490,3.571804853273718,3.6287543773651123,1.905616850860967,1.765264630317688,0.5386385321617126,0,0.6332072309999658,0.6196606457233429,0.36416758549748524,0.3635701984167099,0,0,"ratio N/A when centered std_feature <= 1e-12 (flagged, raw std kept); entropy N/A when a query has a single valid key"
B100,latest,layer5,2,1490,3.610615787942686,3.562913656234741,1.9849757588649757,1.7901907563209534,0.5411397814750671,1,0.6426481911500028,0.6227554082870483,0.3575455978770011,0.3697054088115692,0,0,"ratio N/A when centered std_feature <= 1e-12 (flagged, raw std kept); entropy N/A when a query has a single valid key"
B100,latest,layer5,3,1490,3.72935147113448,3.603847861289978,2.1530227669933497,2.2110533714294434,0.588261067867279,1,0.6695174733764373,0.6621275246143341,0.3267511694812992,0.3445272594690323,0,0,"ratio N/A when centered std_feature <= 1e-12 (flagged, raw std kept); entropy N/A when a query has a single valid key"
B100,latest,layer5,4,1490,3.083849347084035,2.9670920372009277,1.6133208541612096,1.5844923257827759,0.5350939035415649,1,0.5579024284678018,0.5164639055728912,0.44289494432412857,0.4770805239677429,0,0,"ratio N/A when centered std_feature <= 1e-12 (flagged, raw std kept); entropy N/A when a query has a single valid key"
B100,latest,layer5,5,1490,3.3390753323749807,3.4677926301956177,1.4795287498341712,1.4661831259727478,0.4255126118659973,2,0.5416418572250229,0.5066930949687958,0.45795843484954074,0.4907216429710388,0,0,"ratio N/A when centered std_feature <= 1e-12 (flagged, raw std kept); entropy N/A when a query has a single valid key"
B100,latest,layer5,6,1490,3.1722888226989876,3.3024319410324097,1.6653324009788117,1.633490264415741,0.5168717503547668,0,0.5694171912718139,0.5394282639026642,0.4303613633579321,0.45047497749328613,0,0,"ratio N/A when centered std_feature <= 1e-12 (flagged, raw std kept); entropy N/A when a query has a single valid key"
B100,latest,layer5,7,1490,3.1091139181473793,3.215630888938904,1.5077433783736005,1.4960463643074036,0.4804173707962036,0,0.5494036187361551,0.5048951804637909,0.4509825728151884,0.4886631816625595,0,0,"ratio N/A when centered std_feature <= 1e-12 (flagged, raw std kept); entropy N/A when a query has a single valid key"
Z100,init,layer0,0,1490,3.4476398873649186,3.4266300201416016,1.1738790848861205,1.1919519901275635,0.35156483948230743,2,0.4801974775957181,0.4323640316724777,0.4955714540174696,0.5273783802986145,0,0,"ratio N/A when centered std_feature <= 1e-12 (flagged, raw std kept); entropy N/A when a query has a single valid key"
Z100,init,layer0,1,1490,3.611684166585039,3.559118866920471,1.1933388841482218,1.215813398361206,0.3366163671016693,2,0.4892811982923706,0.4429503232240677,0.49113654424115566,0.5211754441261292,0,0,"ratio N/A when centered std_feature <= 1e-12 (flagged, raw std kept); entropy N/A when a query has a single valid key"
Z100,init,layer0,2,1490,3.4228337427913744,3.4073679447174072,1.1887045567842738,1.2030923962593079,0.35329844057559967,2,0.5002692001127956,0.45171792805194855,0.48288219902208723,0.508181631565094,0,0,"ratio N/A when centered std_feature <= 1e-12 (flagged, raw std kept); entropy N/A when a query has a single valid key"
Z100,init,layer0,3,1490,3.58769800799005,3.690516471862793,1.190352360574191,1.2142844796180725,0.33796727657318115,2,0.5016139840169641,0.4615979939699173,0.4810294737363443,0.5132731199264526,0,0,"ratio N/A when centered std_feature <= 1e-12 (flagged, raw std kept); entropy N/A when a query has a single valid key"
Z100,init,layer0,4,1490,3.920801608514466,4.067167282104492,1.1905373398439596,1.217821478843689,0.30128173530101776,2,0.4985361293808326,0.46844954788684845,0.48136455064118705,0.5094538629055023,0,0,"ratio N/A when centered std_feature <= 1e-12 (flagged, raw std kept); entropy N/A when a query has a single valid key"
Z100,init,layer0,5,1490,3.5799968293049194,3.605839252471924,1.159548456326827,1.1767024397850037,0.3321862071752548,2,0.4868850653203542,0.44029462337493896,0.4926432117281243,0.5213409960269928,0,0,"ratio N/A when centered std_feature <= 1e-12 (flagged, raw std kept); entropy N/A when a query has a single valid key"
Z100,init,layer0,6,1490,3.7015126233132896,3.897455930709839,1.2139822347902212,1.2194335460662842,0.3306424170732498,2,0.48221270397005467,0.43325135111808777,0.494569081303194,0.5261652767658234,0,0,"ratio N/A when centered std_feature <= 1e-12 (flagged, raw std kept); entropy N/A when a query has a single valid key"
Z100,init,layer0,7,1490,3.725051023816102,3.8772974014282227,1.1982972814157704,1.2500441670417786,0.3275481015443802,2,0.5072037196599397,0.46945326030254364,0.47439463351598876,0.5038115680217743,0,0,"ratio N/A when centered std_feature <= 1e-12 (flagged, raw std kept); entropy N/A when a query has a single valid key"
Z100,init,layer5,0,1490,3.1103344411383422,3.174598217010498,1.1832529140948849,1.1992683410644531,0.3898792415857315,0,0.5045629672656123,0.46540695428848267,0.4883645537958227,0.5144599676132202,0,0,"ratio N/A when centered std_feature <= 1e-12 (flagged, raw std kept); entropy N/A when a query has a single valid key"
Z100,init,layer5,1,1490,2.868714318019432,2.6661713123321533,1.163084979722864,1.1658657789230347,0.42269061505794525,2,0.4846641077891292,0.43636028468608856,0.5048429171951357,0.530564695596695,0,0,"ratio N/A when centered std_feature <= 1e-12 (flagged, raw std kept); entropy N/A when a query has a single valid key"
Z100,init,layer5,2,1490,3.214279335857238,3.2677042484283447,1.2436754777227472,1.2804210186004639,0.3937803655862808,2,0.4914334382786847,0.44671595096588135,0.4911450001048514,0.52157261967659,0,0,"ratio N/A when centered std_feature <= 1e-12 (flagged, raw std kept); entropy N/A when a query has a single valid key"
Z100,init,layer5,3,1490,3.1877389864896313,3.2356001138687134,1.2223105335720634,1.2603604197502136,0.3838033378124237,0,0.4980356352491267,0.4632304906845093,0.4898572406123686,0.5127396285533905,0,0,"ratio N/A when centered std_feature <= 1e-12 (flagged, raw std kept); entropy N/A when a query has a single valid key"
Z100,init,layer5,4,1490,3.258971646420656,3.37874972820282,1.1911155396659903,1.2221701741218567,0.36811840534210205,0,0.4870992885990031,0.4393003433942795,0.5036710295158175,0.5429261326789856,0,0,"ratio N/A when centered std_feature <= 1e-12 (flagged, raw std kept); entropy N/A when a query has a single valid key"
Z100,init,layer5,5,1490,3.478845628648235,3.4974933862686157,1.2624343520792938,1.3012081384658813,0.36644911766052246,0,0.5030842190170848,0.4604838490486145,0.48229091747932684,0.5222053229808807,0,0,"ratio N/A when centered std_feature <= 1e-12 (flagged, raw std kept); entropy N/A when a query has a single valid key"
Z100,init,layer5,6,1490,3.43272861407562,3.522133946418762,1.2486541195578824,1.2626867890357971,0.36835822463035583,1,0.49958021339254094,0.45777085423469543,0.48837225460452255,0.5271373987197876,0,0,"ratio N/A when centered std_feature <= 1e-12 (flagged, raw std kept); entropy N/A when a query has a single valid key"
Z100,init,layer5,7,1490,3.098315017241634,3.1287978887557983,1.1751228712599149,1.2033352255821228,0.38631394505500793,1,0.5016942141990134,0.45843276381492615,0.48963985046836794,0.5156286954879761,0,0,"ratio N/A when centered std_feature <= 1e-12 (flagged, raw std kept); entropy N/A when a query has a single valid key"
Z100,best,layer0,0,1490,3.338287256628075,3.276583433151245,1.4541368544901778,1.374307632446289,0.41745825111866,2,0.5275765773533975,0.4836746007204056,0.45966343837723533,0.48958973586559296,0,0,"ratio N/A when centered std_feature <= 1e-12 (flagged, raw std kept); entropy N/A when a query has a single valid key"
Z100,best,layer0,1,1490,3.5519359730234084,3.581885576248169,1.5670586523093633,1.5392701029777527,0.43214237689971924,2,0.5878308809043578,0.5497959554195404,0.40906748992082115,0.4304940700531006,0,0,"ratio N/A when centered std_feature <= 1e-12 (flagged, raw std kept); entropy N/A when a query has a single valid key"
Z100,best,layer0,2,1490,3.113935390494814,2.9273579120635986,1.5273053989614416,1.4713906049728394,0.48437120020389557,2,0.583669081800336,0.5532231032848358,0.4129186709052625,0.4356604665517807,0,0,"ratio N/A when centered std_feature <= 1e-12 (flagged, raw std kept); entropy N/A when a query has a single valid key"
Z100,best,layer0,3,1490,3.49700519926596,3.571047782897949,1.6289678536968044,1.6302672624588013,0.4718407988548279,2,0.592091175223757,0.5570380985736847,0.40137025255174885,0.4244927316904068,0,0,"ratio N/A when centered std_feature <= 1e-12 (flagged, raw std kept); entropy N/A when a query has a single valid key"
Z100,best,layer0,4,1490,3.655944723490901,3.772773504257202,1.5324192266286218,1.5472558736801147,0.4057602733373642,2,0.5616475730984403,0.5347049534320831,0.4280415279508315,0.46921390295028687,0,0,"ratio N/A when centered std_feature <= 1e-12 (flagged, raw std kept); entropy N/A when a query has a single valid key"
Z100,best,layer0,5,1490,3.6521613346650295,3.796372413635254,1.4674388031881527,1.460013747215271,0.3887166827917099,2,0.5432474999019764,0.4999024569988251,0.44547210780463914,0.4782266914844513,0,0,"ratio N/A when centered std_feature <= 1e-12 (flagged, raw std kept); entropy N/A when a query has a single valid key"
Z100,best,layer0,6,1490,3.6679079888651036,3.855685234069824,1.4617907887937238,1.4275160431861877,0.37749725580215454,2,0.5385566778581015,0.5076218843460083,0.45056337554517767,0.4763864576816559,0,0,"ratio N/A when centered std_feature <= 1e-12 (flagged, raw std kept); entropy N/A when a query has a single valid key"
Z100,best,layer0,7,1490,3.6064171667867058,3.749368906021118,1.4211736428457618,1.3918465375900269,0.37125566601753235,2,0.5433824203558416,0.5146249830722809,0.44541159148878634,0.4747278094291687,0,0,"ratio N/A when centered std_feature <= 1e-12 (flagged, raw std kept); entropy N/A when a query has a single valid key"
Z100,best,layer5,0,1490,3.902354018175162,4.0646748542785645,1.8853109325438537,1.7895989418029785,0.4536170959472656,0,0.587870206348848,0.556865006685257,0.41014747768774806,0.44383153319358826,0,0,"ratio N/A when centered std_feature <= 1e-12 (flagged, raw std kept); entropy N/A when a query has a single valid key"
Z100,best,layer5,1,1490,3.429050241570745,3.5473321676254272,2.2136731761663953,1.9436838030815125,0.6199842095375061,2,0.6704562756739206,0.6636262536048889,0.3266301094134296,0.3260060250759125,0,0,"ratio N/A when centered std_feature <= 1e-12 (flagged, raw std kept); entropy N/A when a query has a single valid key"
Z100,best,layer5,2,1490,3.222687043732193,3.09123158454895,1.7661048188905588,1.6814343929290771,0.5356379151344299,1,0.6065239119299706,0.5854797661304474,0.4034410351976366,0.4272080063819885,0,0,"ratio N/A when centered std_feature <= 1e-12 (flagged, raw std kept); entropy N/A when a query has a single valid key"
Z100,best,layer5,3,1490,3.9316013328581048,4.081228971481323,1.8491156397149866,1.8664522767066956,0.4696239084005356,2,0.624782976603148,0.6122583448886871,0.36941456095805764,0.37881481647491455,0,0,"ratio N/A when centered std_feature <= 1e-12 (flagged, raw std kept); entropy N/A when a query has a single valid key"
Z100,best,layer5,4,1490,3.0745167566088565,3.0819507837295532,1.5010704861291302,1.426481008529663,0.4726889133453369,1,0.5498617192992828,0.5227819383144379,0.4497693765905257,0.47412341833114624,0,0,"ratio N/A when centered std_feature <= 1e-12 (flagged, raw std kept); entropy N/A when a query has a single valid key"
Z100,best,layer5,5,1490,3.5084456772071846,3.6513673067092896,1.648424331843853,1.615602970123291,0.45030638575553894,1,0.5619345933198929,0.5249430537223816,0.42876814662808066,0.45842111110687256,0,0,"ratio N/A when centered std_feature <= 1e-12 (flagged, raw std kept); entropy N/A when a query has a single valid key"
Z100,best,layer5,6,1490,4.024310703258134,3.9181370735168457,1.8135769175303063,1.7909794449806213,0.4312363862991333,1,0.616823941219173,0.5935908854007721,0.3756502115193694,0.3924414962530136,0,0,"ratio N/A when centered std_feature <= 1e-12 (flagged, raw std kept); entropy N/A when a query has a single valid key"
Z100,best,layer5,7,1490,3.0421704601384194,3.0583343505859375,1.7502802357402625,1.728805124759674,0.5777783393859863,1,0.5932667128441718,0.5662873685359955,0.4048403993851135,0.42760880291461945,0,0,"ratio N/A when centered std_feature <= 1e-12 (flagged, raw std kept); entropy N/A when a query has a single valid key"
Z100,latest,layer0,0,1490,3.338755646327998,3.2819483280181885,1.4583337633001725,1.37639719247818,0.4191184788942337,2,0.5285485961593237,0.48486746847629547,0.4588901986997908,0.487700492143631,0,0,"ratio N/A when centered std_feature <= 1e-12 (flagged, raw std kept); entropy N/A when a query has a single valid key"
Z100,latest,layer0,1,1490,3.549117408182797,3.5786733627319336,1.5694471442359406,1.5384702682495117,0.4330669641494751,2,0.5886849758509022,0.5523818135261536,0.4083121719655379,0.4304857701063156,0,0,"ratio N/A when centered std_feature <= 1e-12 (flagged, raw std kept); entropy N/A when a query has a single valid key"
Z100,latest,layer0,2,1490,3.1121157668580945,2.9274821281433105,1.5304891544800476,1.47379469871521,0.4859240800142288,2,0.5845898497824701,0.5559273362159729,0.4119456611151642,0.43366512656211853,0,0,"ratio N/A when centered std_feature <= 1e-12 (flagged, raw std kept); entropy N/A when a query has a single valid key"
Z100,latest,layer0,3,1490,3.496728345131714,3.570101499557495,1.6332062607843605,1.6330521702766418,0.47293972969055176,2,0.5923658223960223,0.5588246285915375,0.40099014062075033,0.4245316833257675,0,0,"ratio N/A when centered std_feature <= 1e-12 (flagged, raw std kept); entropy N/A when a query has a single valid key"
Z100,latest,layer0,4,1490,3.6557979208510996,3.7698974609375,1.5336659612621637,1.5483681559562683,0.40550751984119415,2,0.5619810088118851,0.5343673229217529,0.42769949605476326,0.4680923670530319,0,0,"ratio N/A when centered std_feature <= 1e-12 (flagged, raw std kept); entropy N/A when a query has a single valid key"
Z100,latest,layer0,5,1490,3.6524475020850264,3.7941246032714844,1.469950548864451,1.4609552025794983,0.3888089805841446,2,0.543315630376139,0.5019216537475586,0.4453970385810148,0.4786369949579239,0,0,"ratio N/A when centered std_feature <= 1e-12 (flagged, raw std kept); entropy N/A when a query has a single valid key"
Z100,latest,layer0,6,1490,3.665709509705537,3.8540854454040527,1.4631600527955382,1.4298307299613953,0.37769055366516113,2,0.5387843981735259,0.5072037279605865,0.4504047537549581,0.4769091457128525,0,0,"ratio N/A when centered std_feature <= 1e-12 (flagged, raw std kept); entropy N/A when a query has a single valid key"
Z100,latest,layer0,7,1490,3.603118604141594,3.7377097606658936,1.4235180201996493,1.3954690098762512,0.37218300998210907,2,0.5443734944366768,0.5147128105163574,0.4446362223516287,0.47476623952388763,0,0,"ratio N/A when centered std_feature <= 1e-12 (flagged, raw std kept); entropy N/A when a query has a single valid key"
Z100,latest,layer5,0,1490,3.87703573620043,4.032752275466919,1.8877876960591182,1.7871986031532288,0.4588584154844284,0,0.5885594102060234,0.5562548637390137,0.4097335434113132,0.44156506657600403,0,0,"ratio N/A when centered std_feature <= 1e-12 (flagged, raw std kept); entropy N/A when a query has a single valid key"
Z100,latest,layer5,1,1490,3.413978740975509,3.5178823471069336,2.215269515158346,1.947883427143097,0.6223292350769043,1,0.6710520394146442,0.6700683534145355,0.3265556582882646,0.3270553797483444,0,0,"ratio N/A when centered std_feature <= 1e-12 (flagged, raw std kept); entropy N/A when a query has a single valid key"
Z100,latest,layer5,2,1490,3.235577541349718,3.111120820045471,1.776737813461547,1.6936568021774292,0.5368550419807434,2,0.6086353109886983,0.5840854644775391,0.40121400265147744,0.42503443360328674,0,0,"ratio N/A when centered std_feature <= 1e-12 (flagged, raw std kept); entropy N/A when a query has a single valid key"
Z100,latest,layer5,3,1490,3.9227346288603306,4.066963195800781,1.8521441488958046,1.8629147410392761,0.47200706601142883,0,0.6252833118524728,0.6122213304042816,0.3687984338651068,0.3758327066898346,0,0,"ratio N/A when centered std_feature <= 1e-12 (flagged, raw std kept); entropy N/A when a query has a single valid key"
Z100,latest,layer5,4,1490,3.0809850443542346,3.0860278606414795,1.5074270917640236,1.4369381070137024,0.4756629168987274,1,0.5513552500947609,0.5242211520671844,0.44812793715819077,0.47551263868808746,0,0,"ratio N/A when centered std_feature <= 1e-12 (flagged, raw std kept); entropy N/A when a query has a single valid key"
Z100,latest,layer5,5,1490,3.49029468603237,3.6120445728302,1.6500269329987916,1.6176884770393372,0.4546818286180496,0,0.5622507379159031,0.5272956192493439,0.42871911092667364,0.45777925848960876,0,0,"ratio N/A when centered std_feature <= 1e-12 (flagged, raw std kept); entropy N/A when a query has a single valid key"
Z100,latest,layer5,6,1490,4.0234120580299475,3.9325324296951294,1.8183841363495628,1.7994217276573181,0.4323973059654236,1,0.6177109333192742,0.5970200002193451,0.37473940849050863,0.39247238636016846,0,0,"ratio N/A when centered std_feature <= 1e-12 (flagged, raw std kept); entropy N/A when a query has a single valid key"
Z100,latest,layer5,7,1490,3.0578609507481405,3.0702478885650635,1.7578677581310673,1.738328456878662,0.5772448182106018,0,0.5951968192654168,0.5664078593254089,0.4029643605228716,0.423116534948349,0,0,"ratio N/A when centered std_feature <= 1e-12 (flagged, raw std kept); entropy N/A when a query has a single valid key"
ZP100,init,layer0,0,1490,3.4476398873649186,3.4266300201416016,1.1738790848861205,1.1919519901275635,0.35156483948230743,2,0.4801974775957181,0.4323640316724777,0.4955714540174696,0.5273783802986145,0,0,"ratio N/A when centered std_feature <= 1e-12 (flagged, raw std kept); entropy N/A when a query has a single valid key"
ZP100,init,layer0,1,1490,3.611684166585039,3.559118866920471,1.1933388841482218,1.215813398361206,0.3366163671016693,2,0.4892811982923706,0.4429503232240677,0.49113654424115566,0.5211754441261292,0,0,"ratio N/A when centered std_feature <= 1e-12 (flagged, raw std kept); entropy N/A when a query has a single valid key"
ZP100,init,layer0,2,1490,3.4228337427913744,3.4073679447174072,1.1887045567842738,1.2030923962593079,0.35329844057559967,2,0.5002692001127956,0.45171792805194855,0.48288219902208723,0.508181631565094,0,0,"ratio N/A when centered std_feature <= 1e-12 (flagged, raw std kept); entropy N/A when a query has a single valid key"
ZP100,init,layer0,3,1490,3.58769800799005,3.690516471862793,1.190352360574191,1.2142844796180725,0.33796727657318115,2,0.5016139840169641,0.4615979939699173,0.4810294737363443,0.5132731199264526,0,0,"ratio N/A when centered std_feature <= 1e-12 (flagged, raw std kept); entropy N/A when a query has a single valid key"
ZP100,init,layer0,4,1490,3.920801608514466,4.067167282104492,1.1905373398439596,1.217821478843689,0.30128173530101776,2,0.4985361293808326,0.46844954788684845,0.48136455064118705,0.5094538629055023,0,0,"ratio N/A when centered std_feature <= 1e-12 (flagged, raw std kept); entropy N/A when a query has a single valid key"
ZP100,init,layer0,5,1490,3.5799968293049194,3.605839252471924,1.159548456326827,1.1767024397850037,0.3321862071752548,2,0.4868850653203542,0.44029462337493896,0.4926432117281243,0.5213409960269928,0,0,"ratio N/A when centered std_feature <= 1e-12 (flagged, raw std kept); entropy N/A when a query has a single valid key"
ZP100,init,layer0,6,1490,3.7015126233132896,3.897455930709839,1.2139822347902212,1.2194335460662842,0.3306424170732498,2,0.48221270397005467,0.43325135111808777,0.494569081303194,0.5261652767658234,0,0,"ratio N/A when centered std_feature <= 1e-12 (flagged, raw std kept); entropy N/A when a query has a single valid key"
ZP100,init,layer0,7,1490,3.725051023816102,3.8772974014282227,1.1982972814157704,1.2500441670417786,0.3275481015443802,2,0.5072037196599397,0.46945326030254364,0.47439463351598876,0.5038115680217743,0,0,"ratio N/A when centered std_feature <= 1e-12 (flagged, raw std kept); entropy N/A when a query has a single valid key"
ZP100,init,layer5,0,1490,3.1103344411383422,3.174598217010498,1.1832529140948849,1.1992683410644531,0.3898792415857315,0,0.5045629672656123,0.46540695428848267,0.4883645537958227,0.5144599676132202,0,0,"ratio N/A when centered std_feature <= 1e-12 (flagged, raw std kept); entropy N/A when a query has a single valid key"
ZP100,init,layer5,1,1490,2.868714318019432,2.6661713123321533,1.163084979722864,1.1658657789230347,0.42269061505794525,2,0.4846641077891292,0.43636028468608856,0.5048429171951357,0.530564695596695,0,0,"ratio N/A when centered std_feature <= 1e-12 (flagged, raw std kept); entropy N/A when a query has a single valid key"
ZP100,init,layer5,2,1490,3.214279335857238,3.2677042484283447,1.2436754777227472,1.2804210186004639,0.3937803655862808,2,0.4914334382786847,0.44671595096588135,0.4911450001048514,0.52157261967659,0,0,"ratio N/A when centered std_feature <= 1e-12 (flagged, raw std kept); entropy N/A when a query has a single valid key"
ZP100,init,layer5,3,1490,3.1877389864896313,3.2356001138687134,1.2223105335720634,1.2603604197502136,0.3838033378124237,0,0.4980356352491267,0.4632304906845093,0.4898572406123686,0.5127396285533905,0,0,"ratio N/A when centered std_feature <= 1e-12 (flagged, raw std kept); entropy N/A when a query has a single valid key"
ZP100,init,layer5,4,1490,3.258971646420656,3.37874972820282,1.1911155396659903,1.2221701741218567,0.36811840534210205,0,0.4870992885990031,0.4393003433942795,0.5036710295158175,0.5429261326789856,0,0,"ratio N/A when centered std_feature <= 1e-12 (flagged, raw std kept); entropy N/A when a query has a single valid key"
ZP100,init,layer5,5,1490,3.478845628648235,3.4974933862686157,1.2624343520792938,1.3012081384658813,0.36644911766052246,0,0.5030842190170848,0.4604838490486145,0.48229091747932684,0.5222053229808807,0,0,"ratio N/A when centered std_feature <= 1e-12 (flagged, raw std kept); entropy N/A when a query has a single valid key"
ZP100,init,layer5,6,1490,3.43272861407562,3.522133946418762,1.2486541195578824,1.2626867890357971,0.36835822463035583,1,0.49958021339254094,0.45777085423469543,0.48837225460452255,0.5271373987197876,0,0,"ratio N/A when centered std_feature <= 1e-12 (flagged, raw std kept); entropy N/A when a query has a single valid key"
ZP100,init,layer5,7,1490,3.098315017241634,3.1287978887557983,1.1751228712599149,1.2033352255821228,0.38631394505500793,1,0.5016942141990134,0.45843276381492615,0.48963985046836794,0.5156286954879761,0,0,"ratio N/A when centered std_feature <= 1e-12 (flagged, raw std kept); entropy N/A when a query has a single valid key"
ZP100,best,layer0,0,1490,5.365019370245453,4.9159626960754395,1.7767871496361374,1.728422999382019,0.3192366063594818,2,0.6047472338148412,0.5790430009365082,0.38204602809458404,0.40208204090595245,0,0,"ratio N/A when centered std_feature <= 1e-12 (flagged, raw std kept); entropy N/A when a query has a single valid key"
ZP100,best,layer0,1,1490,6.098004384568874,4.346081495285034,1.9936465954620566,1.784807801246643,0.33906352519989014,2,0.6132778646161893,0.5832501947879791,0.3679127942484154,0.3893033415079117,0,0,"ratio N/A when centered std_feature <= 1e-12 (flagged, raw std kept); entropy N/A when a query has a single valid key"
ZP100,best,layer0,2,1490,4.065724275576188,4.204216957092285,1.9046867028978847,1.8258797526359558,0.46586774289608,2,0.6364673287576477,0.6143558621406555,0.350064009212601,0.3723839968442917,0,0,"ratio N/A when centered std_feature <= 1e-12 (flagged, raw std kept); entropy N/A when a query has a single valid key"
ZP100,best,layer0,3,1490,5.985604660142988,4.377165794372559,2.1193590975235272,1.899391233921051,0.3516465127468109,2,0.651356053392359,0.6431199014186859,0.33622467129484507,0.35052113234996796,0,0,"ratio N/A when centered std_feature <= 1e-12 (flagged, raw std kept); entropy N/A when a query has a single valid key"
ZP100,best,layer0,4,1490,5.690534389019012,4.591407299041748,1.871690096141108,1.8458563089370728,0.31833331286907196,2,0.6313664135916921,0.6118446290493011,0.3596660042245776,0.3767956644296646,0,0,"ratio N/A when centered std_feature <= 1e-12 (flagged, raw std kept); entropy N/A when a query has a single valid key"
ZP100,best,layer0,5,1490,6.646666291416091,5.048523426055908,2.049191910213472,1.963511049747467,0.29588983952999115,2,0.6501490917781856,0.6496364772319794,0.3371789445865834,0.34680527448654175,0,0,"ratio N/A when centered std_feature <= 1e-12 (flagged, raw std kept); entropy N/A when a query has a single valid key"
ZP100,best,layer0,6,1490,5.5881711548606825,4.746808767318726,1.9041950220779684,1.883724570274353,0.3294406533241272,2,0.6444031358765275,0.633346438407898,0.34990030031648706,0.36838454008102417,0,0,"ratio N/A when centered std_feature <= 1e-12 (flagged, raw std kept); entropy N/A when a query has a single valid key"
ZP100,best,layer0,7,1490,6.2934321976348055,4.5191874504089355,1.9184779049416116,1.767010509967804,0.3072687089443207,2,0.6109996486930239,0.5805700421333313,0.36740216414657045,0.39202259480953217,0,0,"ratio N/A when centered std_feature <= 1e-12 (flagged, raw std kept); entropy N/A when a query has a single valid key"
ZP100,best,layer5,0,1490,3.803761625429928,3.9761658906936646,1.7907377662974715,1.664110004901886,0.44002047181129456,1,0.563154499912822,0.5252941846847534,0.43276562340836505,0.4724707156419754,0,0,"ratio N/A when centered std_feature <= 1e-12 (flagged, raw std kept); entropy N/A when a query has a single valid key"
ZP100,best,layer5,1,1490,3.5904533315837726,3.598227620124817,2.368211738835245,2.0816314220428467,0.6340407133102417,1,0.683975833504392,0.6881901621818542,0.3112866209713355,0.3105642646551132,0,0,"ratio N/A when centered std_feature <= 1e-12 (flagged, raw std kept); entropy N/A when a query has a single valid key"
ZP100,best,layer5,2,1490,3.3640475855090175,3.186206340789795,1.7785522270572665,1.7109256386756897,0.5229038894176483,2,0.6063785995012961,0.5846941471099854,0.39881661558323955,0.414638951420784,0,0,"ratio N/A when centered std_feature <= 1e-12 (flagged, raw std kept); entropy N/A when a query has a single valid key"
ZP100,best,layer5,3,1490,3.658769695055765,3.8091541528701782,1.8137853215404902,1.8219618201255798,0.4883361905813217,2,0.6084117202850796,0.588632196187973,0.38430142237287895,0.40132129192352295,0,0,"ratio N/A when centered std_feature <= 1e-12 (flagged, raw std kept); entropy N/A when a query has a single valid key"
ZP100,best,layer5,4,1490,3.1883556932973725,3.1559689044952393,1.562433336480152,1.4813324213027954,0.47244852781295776,1,0.5643948453884797,0.5347032845020294,0.4377282197382684,0.45677149295806885,0,0,"ratio N/A when centered std_feature <= 1e-12 (flagged, raw std kept); entropy N/A when a query has a single valid key"
ZP100,best,layer5,5,1490,3.5513872234076005,3.6619789600372314,1.7016090150347492,1.696889340877533,0.4688277244567871,1,0.5720499075549161,0.5410569310188293,0.4169720409738184,0.45036086440086365,0,0,"ratio N/A when centered std_feature <= 1e-12 (flagged, raw std kept); entropy N/A when a query has a single valid key"
ZP100,best,layer5,6,1490,3.814934235291193,3.8471118211746216,1.7305317724061093,1.7245365381240845,0.4350602924823761,2,0.5944499627555777,0.5681383609771729,0.40008377312779037,0.421211913228035,0,0,"ratio N/A when centered std_feature <= 1e-12 (flagged, raw std kept); entropy N/A when a query has a single valid key"
ZP100,best,layer5,7,1490,3.2271293515189727,3.2841256856918335,1.7331623896056374,1.7064197659492493,0.5351914167404175,1,0.592902834123413,0.5588940978050232,0.40192565903297683,0.4301973879337311,0,0,"ratio N/A when centered std_feature <= 1e-12 (flagged, raw std kept); entropy N/A when a query has a single valid key"
ZP100,latest,layer0,0,1490,5.364033217158093,4.928269863128662,1.7785703943279765,1.7298642992973328,0.31977446377277374,2,0.6049315008741097,0.5801026821136475,0.3818927664854079,0.4013122469186783,0,0,"ratio N/A when centered std_feature <= 1e-12 (flagged, raw std kept); entropy N/A when a query has a single valid key"
ZP100,latest,layer0,1,1490,6.130794933178281,4.361375093460083,1.997298638907655,1.7869510650634766,0.3385697305202484,2,0.6139607704925857,0.5854488611221313,0.36738529349725824,0.38869525492191315,0,0,"ratio N/A when centered std_feature <= 1e-12 (flagged, raw std kept); entropy N/A when a query has a single valid key"
ZP100,latest,layer0,2,1490,4.070789517012218,4.2156500816345215,1.9073980206411156,1.828849971294403,0.4653751105070114,2,0.6367562759942657,0.6180850863456726,0.34981875116645333,0.37170468270778656,0,0,"ratio N/A when centered std_feature <= 1e-12 (flagged, raw std kept); entropy N/A when a query has a single valid key"
ZP100,latest,layer0,3,1490,5.994841562821561,4.372236251831055,2.1215936647965603,1.9017754793167114,0.35284145176410675,2,0.6512377836460235,0.6435185074806213,0.3362955602151255,0.35094115138053894,0,0,"ratio N/A when centered std_feature <= 1e-12 (flagged, raw std kept); entropy N/A when a query has a single valid key"
ZP100,latest,layer0,4,1490,5.702477380253325,4.586963653564453,1.873564150044382,1.8470283150672913,0.3181105703115463,2,0.6316231806906277,0.6108005046844482,0.3593468827406712,0.37742651998996735,0,0,"ratio N/A when centered std_feature <= 1e-12 (flagged, raw std kept); entropy N/A when a query has a single valid key"
ZP100,latest,layer0,5,1490,6.664291805788975,5.068343639373779,2.0543968180282004,1.9680573344230652,0.2959163635969162,2,0.6509320970849702,0.6482665836811066,0.33637962454991777,0.34519176185131073,0,0,"ratio N/A when centered std_feature <= 1e-12 (flagged, raw std kept); entropy N/A when a query has a single valid key"
ZP100,latest,layer0,6,1490,5.591040296762582,4.75044322013855,1.9054564565770178,1.8890123963356018,0.33000560104846954,2,0.6449063907533684,0.633357971906662,0.3495851801059053,0.36611875891685486,0,0,"ratio N/A when centered std_feature <= 1e-12 (flagged, raw std kept); entropy N/A when a query has a single valid key"
ZP100,latest,layer0,7,1490,6.298430994293033,4.519682884216309,1.9199741092304254,1.7635766863822937,0.3077118396759033,2,0.6113739424803913,0.5831227004528046,0.36702892251711494,0.39213334023952484,0,0,"ratio N/A when centered std_feature <= 1e-12 (flagged, raw std kept); entropy N/A when a query has a single valid key"
ZP100,latest,layer5,0,1490,3.8058567968253665,3.975088357925415,1.7914680109528087,1.6678431034088135,0.43926575779914856,1,0.5623454177089585,0.5232433080673218,0.43339995510282675,0.4733845144510269,0,0,"ratio N/A when centered std_feature <= 1e-12 (flagged, raw std kept); entropy N/A when a query has a single valid key"
ZP100,latest,layer5,1,1490,3.594747001172712,3.6076595783233643,2.3689724034110973,2.0851786136627197,0.6350808441638947,2,0.6837009733855325,0.6877171099185944,0.31146130585866927,0.30984194576740265,0,0,"ratio N/A when centered std_feature <= 1e-12 (flagged, raw std kept); entropy N/A when a query has a single valid key"
ZP100,latest,layer5,2,1490,3.369702036718169,3.195840835571289,1.7828059842672523,1.7167927026748657,0.5233921110630035,2,0.6070390758798426,0.5856550931930542,0.39816040485540766,0.4165324568748474,0,0,"ratio N/A when centered std_feature <= 1e-12 (flagged, raw std kept); entropy N/A when a query has a single valid key"
ZP100,latest,layer5,3,1490,3.6601955987175785,3.8112181425094604,1.8163688426749818,1.82624089717865,0.4876609444618225,0,0.6089063989936105,0.59111288189888,0.3843072717715873,0.39905042946338654,0,0,"ratio N/A when centered std_feature <= 1e-12 (flagged, raw std kept); entropy N/A when a query has a single valid key"
ZP100,latest,layer5,4,1490,3.1904452671940695,3.1636030673980713,1.5637086860760547,1.4828351140022278,0.4724564105272293,0,0.5640349480229736,0.5351452231407166,0.4379561138477242,0.45846839249134064,0,0,"ratio N/A when centered std_feature <= 1e-12 (flagged, raw std kept); entropy N/A when a query has a single valid key"
ZP100,latest,layer5,5,1490,3.5412676528258955,3.6275136470794678,1.7004116572789698,1.6969075798988342,0.4707503318786621,1,0.5725148174136677,0.5417017340660095,0.4170365269552434,0.4493374079465866,0,0,"ratio N/A when centered std_feature <= 1e-12 (flagged, raw std kept); entropy N/A when a query has a single valid key"
ZP100,latest,layer5,6,1490,3.816705893950174,3.862771511077881,1.7325265757639536,1.7238978743553162,0.43516723811626434,2,0.5943607316721206,0.5701079070568085,0.4001855735130834,0.4245576113462448,0,0,"ratio N/A when centered std_feature <= 1e-12 (flagged, raw std kept); entropy N/A when a query has a single valid key"
ZP100,latest,layer5,7,1490,3.2407525208972445,3.3033664226531982,1.7370620555125627,1.7112367749214172,0.5323221683502197,2,0.5937115273919682,0.5619340240955353,0.40079488135742813,0.4285948872566223,0,0,"ratio N/A when centered std_feature <= 1e-12 (flagged, raw std kept); entropy N/A when a query has a single valid key"
