snapshot,comparison,metric,stratum,n,b100_ok_z_fail,b100_fail_z_ok,both_fail,both_ok
latest,Z100_vs_B100,r2_edos_oracle,all,2313,65,45,164,2039
latest,Z100_vs_B100,r2_edos_oracle,rare_lt_500,239,6,10,19,204
latest,Z100_vs_B100,r2_edos_oracle,common,2074,59,35,145,1835
latest,Z100_vs_B100,r2_edos_oracle,natoms_1_4,768,19,11,59,679
latest,Z100_vs_B100,r2_edos_oracle,natoms_5_8,445,10,12,26,397
latest,Z100_vs_B100,r2_edos_oracle,natoms_9_16,600,17,9,48,526
latest,Z100_vs_B100,r2_edos_oracle,natoms_17_32,382,15,10,25,332
latest,Z100_vs_B100,r2_edos_oracle,natoms_33_plus,118,4,3,6,105
latest,Z100_vs_B100,r2_edos_blind,all,2313,79,72,215,1947
latest,Z100_vs_B100,r2_edos_blind,rare_lt_500,239,8,9,27,195
latest,Z100_vs_B100,r2_edos_blind,common,2074,71,63,188,1752
latest,Z100_vs_B100,r2_edos_blind,natoms_1_4,768,28,18,82,640
latest,Z100_vs_B100,r2_edos_blind,natoms_5_8,445,12,21,37,375
latest,Z100_vs_B100,r2_edos_blind,natoms_9_16,600,20,16,52,512
latest,Z100_vs_B100,r2_edos_blind,natoms_17_32,382,14,13,31,324
latest,Z100_vs_B100,r2_edos_blind,natoms_33_plus,118,5,4,13,96
latest,Z100_vs_B100,r2_phdos_oracle,all,2313,51,45,92,2125
latest,Z100_vs_B100,r2_phdos_oracle,rare_lt_500,239,4,4,9,222
latest,Z100_vs_B100,r2_phdos_oracle,common,2074,47,41,83,1903
latest,Z100_vs_B100,r2_phdos_oracle,natoms_1_4,768,16,18,41,693
latest,Z100_vs_B100,r2_phdos_oracle,natoms_5_8,445,20,11,19,395
latest,Z100_vs_B100,r2_phdos_oracle,natoms_9_16,600,8,9,14,569
latest,Z100_vs_B100,r2_phdos_oracle,natoms_17_32,382,4,6,12,360
latest,Z100_vs_B100,r2_phdos_oracle,natoms_33_plus,118,3,1,6,108
latest,Z100_vs_B100,r2_phdos_blind,all,2313,54,33,112,2114
latest,Z100_vs_B100,r2_phdos_blind,rare_lt_500,239,4,4,10,221
latest,Z100_vs_B100,r2_phdos_blind,common,2074,50,29,102,1893
latest,Z100_vs_B100,r2_phdos_blind,natoms_1_4,768,13,13,56,686
latest,Z100_vs_B100,r2_phdos_blind,natoms_5_8,445,22,8,21,394
latest,Z100_vs_B100,r2_phdos_blind,natoms_9_16,600,8,5,18,569
latest,Z100_vs_B100,r2_phdos_blind,natoms_17_32,382,8,4,12,358
latest,Z100_vs_B100,r2_phdos_blind,natoms_33_plus,118,3,3,5,107
latest,ZP100_vs_B100,r2_edos_oracle,all,2313,67,47,162,2037
latest,ZP100_vs_B100,r2_edos_oracle,rare_lt_500,239,5,8,21,205
latest,ZP100_vs_B100,r2_edos_oracle,common,2074,62,39,141,1832
latest,ZP100_vs_B100,r2_edos_oracle,natoms_1_4,768,15,12,58,683
latest,ZP100_vs_B100,r2_edos_oracle,natoms_5_8,445,11,9,29,396
latest,ZP100_vs_B100,r2_edos_oracle,natoms_9_16,600,22,12,45,521
latest,ZP100_vs_B100,r2_edos_oracle,natoms_17_32,382,13,10,25,334
latest,ZP100_vs_B100,r2_edos_oracle,natoms_33_plus,118,6,4,5,103
latest,ZP100_vs_B100,r2_edos_blind,all,2313,87,81,206,1939
latest,ZP100_vs_B100,r2_edos_blind,rare_lt_500,239,9,9,27,194
latest,ZP100_vs_B100,r2_edos_blind,common,2074,78,72,179,1745
latest,ZP100_vs_B100,r2_edos_blind,natoms_1_4,768,27,20,80,641
latest,ZP100_vs_B100,r2_edos_blind,natoms_5_8,445,17,19,39,370
latest,ZP100_vs_B100,r2_edos_blind,natoms_9_16,600,22,20,48,510
latest,ZP100_vs_B100,r2_edos_blind,natoms_17_32,382,13,15,29,325
latest,ZP100_vs_B100,r2_edos_blind,natoms_33_plus,118,8,7,10,93
latest,ZP100_vs_B100,r2_phdos_oracle,all,2313,43,41,96,2133
latest,ZP100_vs_B100,r2_phdos_oracle,rare_lt_500,239,5,4,9,221
latest,ZP100_vs_B100,r2_phdos_oracle,common,2074,38,37,87,1912
latest,ZP100_vs_B100,r2_phdos_oracle,natoms_1_4,768,15,18,41,694
latest,ZP100_vs_B100,r2_phdos_oracle,natoms_5_8,445,15,10,20,400
latest,ZP100_vs_B100,r2_phdos_oracle,natoms_9_16,600,7,7,16,570
latest,ZP100_vs_B100,r2_phdos_oracle,natoms_17_32,382,3,5,13,361
latest,ZP100_vs_B100,r2_phdos_oracle,natoms_33_plus,118,3,1,6,108
latest,ZP100_vs_B100,r2_phdos_blind,all,2313,46,35,110,2122
latest,ZP100_vs_B100,r2_phdos_blind,rare_lt_500,239,4,5,9,221
latest,ZP100_vs_B100,r2_phdos_blind,common,2074,42,30,101,1901
latest,ZP100_vs_B100,r2_phdos_blind,natoms_1_4,768,11,16,53,688
latest,ZP100_vs_B100,r2_phdos_blind,natoms_5_8,445,20,9,20,396
latest,ZP100_vs_B100,r2_phdos_blind,natoms_9_16,600,9,4,19,568
latest,ZP100_vs_B100,r2_phdos_blind,natoms_17_32,382,5,4,12,361
latest,ZP100_vs_B100,r2_phdos_blind,natoms_33_plus,118,1,2,6,109
best,Z100_vs_B100,r2_edos_oracle,all,2313,70,45,158,2040
best,Z100_vs_B100,r2_edos_oracle,rare_lt_500,239,8,9,18,204
best,Z100_vs_B100,r2_edos_oracle,common,2074,62,36,140,1836
best,Z100_vs_B100,r2_edos_oracle,natoms_1_4,768,21,11,57,679
best,Z100_vs_B100,r2_edos_oracle,natoms_5_8,445,11,12,24,398
best,Z100_vs_B100,r2_edos_oracle,natoms_9_16,600,18,9,44,529
best,Z100_vs_B100,r2_edos_oracle,natoms_17_32,382,16,12,26,328
best,Z100_vs_B100,r2_edos_oracle,natoms_33_plus,118,4,1,7,106
best,Z100_vs_B100,r2_edos_blind,all,2313,91,74,209,1939
best,Z100_vs_B100,r2_edos_blind,rare_lt_500,239,7,9,26,197
best,Z100_vs_B100,r2_edos_blind,common,2074,84,65,183,1742
best,Z100_vs_B100,r2_edos_blind,natoms_1_4,768,33,19,81,635
best,Z100_vs_B100,r2_edos_blind,natoms_5_8,445,15,22,34,374
best,Z100_vs_B100,r2_edos_blind,natoms_9_16,600,21,17,52,510
best,Z100_vs_B100,r2_edos_blind,natoms_17_32,382,18,12,29,323
best,Z100_vs_B100,r2_edos_blind,natoms_33_plus,118,4,4,13,97
best,Z100_vs_B100,r2_phdos_oracle,all,2313,50,41,88,2134
best,Z100_vs_B100,r2_phdos_oracle,rare_lt_500,239,3,3,9,224
best,Z100_vs_B100,r2_phdos_oracle,common,2074,47,38,79,1910
best,Z100_vs_B100,r2_phdos_oracle,natoms_1_4,768,13,20,40,695
best,Z100_vs_B100,r2_phdos_oracle,natoms_5_8,445,18,10,16,401
best,Z100_vs_B100,r2_phdos_oracle,natoms_9_16,600,11,4,15,570
best,Z100_vs_B100,r2_phdos_oracle,natoms_17_32,382,4,6,12,360
best,Z100_vs_B100,r2_phdos_oracle,natoms_33_plus,118,4,1,5,108
best,Z100_vs_B100,r2_phdos_blind,all,2313,51,36,105,2121
best,Z100_vs_B100,r2_phdos_blind,rare_lt_500,239,3,3,9,224
best,Z100_vs_B100,r2_phdos_blind,common,2074,48,33,96,1897
best,Z100_vs_B100,r2_phdos_blind,natoms_1_4,768,10,17,52,689
best,Z100_vs_B100,r2_phdos_blind,natoms_5_8,445,20,8,21,396
best,Z100_vs_B100,r2_phdos_blind,natoms_9_16,600,11,3,17,569
best,Z100_vs_B100,r2_phdos_blind,natoms_17_32,382,6,5,11,360
best,Z100_vs_B100,r2_phdos_blind,natoms_33_plus,118,4,3,4,107
best,ZP100_vs_B100,r2_edos_oracle,all,2313,64,48,155,2046
best,ZP100_vs_B100,r2_edos_oracle,rare_lt_500,239,6,9,18,206
best,ZP100_vs_B100,r2_edos_oracle,common,2074,58,39,137,1840
best,ZP100_vs_B100,r2_edos_oracle,natoms_1_4,768,14,10,58,686
best,ZP100_vs_B100,r2_edos_oracle,natoms_5_8,445,13,9,27,396
best,ZP100_vs_B100,r2_edos_oracle,natoms_9_16,600,23,13,40,524
best,ZP100_vs_B100,r2_edos_oracle,natoms_17_32,382,10,13,25,334
best,ZP100_vs_B100,r2_edos_oracle,natoms_33_plus,118,4,3,5,106
best,ZP100_vs_B100,r2_edos_blind,all,2313,90,81,202,1940
best,ZP100_vs_B100,r2_edos_blind,rare_lt_500,239,9,8,27,195
best,ZP100_vs_B100,r2_edos_blind,common,2074,81,73,175,1745
best,ZP100_vs_B100,r2_edos_blind,natoms_1_4,768,30,21,79,638
best,ZP100_vs_B100,r2_edos_blind,natoms_5_8,445,19,17,39,370
best,ZP100_vs_B100,r2_edos_blind,natoms_9_16,600,22,21,48,509
best,ZP100_vs_B100,r2_edos_blind,natoms_17_32,382,14,15,26,327
best,ZP100_vs_B100,r2_edos_blind,natoms_33_plus,118,5,7,10,96
best,ZP100_vs_B100,r2_phdos_oracle,all,2313,49,36,93,2135
best,ZP100_vs_B100,r2_phdos_oracle,rare_lt_500,239,4,3,9,223
best,ZP100_vs_B100,r2_phdos_oracle,common,2074,45,33,84,1912
best,ZP100_vs_B100,r2_phdos_oracle,natoms_1_4,768,15,18,42,693
best,ZP100_vs_B100,r2_phdos_oracle,natoms_5_8,445,19,8,18,400
best,ZP100_vs_B100,r2_phdos_oracle,natoms_9_16,600,7,3,16,574
best,ZP100_vs_B100,r2_phdos_oracle,natoms_17_32,382,5,6,12,359
best,ZP100_vs_B100,r2_phdos_oracle,natoms_33_plus,118,3,1,5,109
best,ZP100_vs_B100,r2_phdos_blind,all,2313,47,34,107,2125
best,ZP100_vs_B100,r2_phdos_blind,rare_lt_500,239,4,3,9,223
best,ZP100_vs_B100,r2_phdos_blind,common,2074,43,31,98,1902
best,ZP100_vs_B100,r2_phdos_blind,natoms_1_4,768,12,16,53,687
best,ZP100_vs_B100,r2_phdos_blind,natoms_5_8,445,19,9,20,397
best,ZP100_vs_B100,r2_phdos_blind,natoms_9_16,600,10,3,17,570
best,ZP100_vs_B100,r2_phdos_blind,natoms_17_32,382,4,4,12,362
best,ZP100_vs_B100,r2_phdos_blind,natoms_33_plus,118,2,2,5,109
